﻿<?xml version="1.0" encoding="UTF-8"?>
<root>
  <slide transition="" id="1" frame="0" swidth="720" sheight="540" title="Slide 1" totalframes="388" path="slide1.swf" name="slide1.swf" />
  <slide transition="5,PixelDissolve,0.5,80,80" id="2" frame="0" swidth="720" sheight="540" title="Slide 2" totalframes="261" path="slide2.swf" name="slide2.swf" />
  <slide transition="" id="3" frame="0" swidth="720" sheight="540" title="Slide 3" totalframes="702" path="slide3.swf" name="slide3.swf" />
  <slide transition="" id="4" frame="0" swidth="720" sheight="540" title="Slide 4" totalframes="1545" path="slide4.swf" name="slide4.swf" />
  <slide transition="" id="5" frame="0" swidth="720" sheight="540" title="Verificação de Software  " totalframes="632" path="slide5.swf" name="slide5.swf" />
  <slide transition="" id="6" frame="0" swidth="720" sheight="540" title="Slide 6" totalframes="516" path="slide6.swf" name="slide6.swf" />
  <slide transition="" id="7" frame="0" swidth="720" sheight="540" title="Slide 7" totalframes="726" path="slide7.swf" name="slide7.swf" />
  <slide transition="" id="8" frame="0" swidth="720" sheight="540" title="Slide 8" totalframes="505" path="slide8.swf" name="slide8.swf" />
  <slide transition="" id="9" frame="0" swidth="720" sheight="540" title="Slide 9" totalframes="728" path="slide9.swf" name="slide9.swf" />
  <slide transition="" id="10" frame="0" swidth="720" sheight="540" title="Slide 10" totalframes="1505" path="slide10.swf" name="slide10.swf" />
  <slide transition="" id="11" frame="0" swidth="720" sheight="540" title="Slide 11" totalframes="892" path="slide11.swf" name="slide11.swf" />
  <slide transition="" id="12" frame="0" swidth="720" sheight="540" title="Slide 12" totalframes="1398" path="slide12.swf" name="slide12.swf" />
  <slide transition="" id="13" frame="0" swidth="720" sheight="540" title="Slide 13" totalframes="3422" path="slide13.swf" name="slide13.swf" />
  <slide transition="" id="14" frame="0" swidth="720" sheight="540" title="Slide 14" totalframes="853" path="slide14.swf" name="slide14.swf" />
  <slide transition="" id="15" frame="0" swidth="720" sheight="540" title="Slide 15" totalframes="1416" path="slide15.swf" name="slide15.swf" />
  <slide transition="" id="16" frame="0" swidth="720" sheight="540" title="Slide 16" totalframes="1304" path="slide16.swf" name="slide16.swf" />
  <slide transition="" id="17" frame="0" swidth="720" sheight="540" title="Slide 17" totalframes="644" path="slide17.swf" name="slide17.swf" />
  <slide transition="" id="18" frame="0" swidth="720" sheight="540" title="Slide 18" totalframes="1528" path="slide18.swf" name="slide18.swf" />
  <slide transition="" id="19" frame="0" swidth="720" sheight="540" title="Slide 19" totalframes="1847" path="slide19.swf" name="slide19.swf" />
  <slide transition="" id="20" frame="0" swidth="720" sheight="540" title="Slide 20" totalframes="1613" path="slide20.swf" name="slide20.swf" />
  <slide transition="" id="21" frame="0" swidth="720" sheight="540" title="Slide 21" totalframes="1009" path="slide21.swf" name="slide21.swf" />
  <slide transition="" id="22" frame="0" swidth="720" sheight="540" title="Slide 22" totalframes="1295" path="slide22.swf" name="slide22.swf" />
  <slide transition="" id="23" frame="0" swidth="720" sheight="540" title="Slide 23" totalframes="979" path="slide23.swf" name="slide23.swf" />
  <slide transition="" id="24" frame="0" swidth="720" sheight="540" title="Slide 24" totalframes="1831" path="slide24.swf" name="slide24.swf" />
  <slide transition="" id="25" frame="0" swidth="720" sheight="540" title="Slide 25" totalframes="753" path="slide25.swf" name="slide25.swf" />
  <slide transition="" id="26" frame="0" swidth="720" sheight="540" title="Slide 26" totalframes="1160" path="slide26.swf" name="slide26.swf" />
  <slide transition="" id="27" frame="0" swidth="720" sheight="540" title="Slide 27" totalframes="551" path="slide27.swf" name="slide27.swf" />
  <slide transition="" id="28" frame="0" swidth="720" sheight="540" title="Slide 28" totalframes="653" path="slide28.swf" name="slide28.swf" />
  <slide transition="" id="29" frame="0" swidth="720" sheight="540" title="Slide 29" totalframes="922" path="slide29.swf" name="slide29.swf" />
  <slide transition="" id="30" frame="0" swidth="720" sheight="540" title="Slide 30" totalframes="996" path="slide30.swf" name="slide30.swf" />
  <slide transition="" id="31" frame="0" swidth="720" sheight="540" title="Slide 31" totalframes="3057" path="slide31.swf" name="slide31.swf" />
  <slide transition="" id="32" frame="0" swidth="720" sheight="540" title="Slide 32" totalframes="782" path="slide32.swf" name="slide32.swf" />
  <slide transition="" id="33" frame="0" swidth="720" sheight="540" title="Slide 33" totalframes="898" path="slide33.swf" name="slide33.swf" />
  <slide transition="" id="34" frame="0" swidth="720" sheight="540" title="Slide 34" totalframes="2649" path="slide34.swf" name="slide34.swf" />
  <slide transition="" id="35" frame="0" swidth="720" sheight="540" title="Slide 35" totalframes="1766" path="slide35.swf" name="slide35.swf" />
  <slide transition="" id="36" frame="0" swidth="720" sheight="540" title="Slide 36" totalframes="1733" path="slide36.swf" name="slide36.swf" />
  <slide transition="" id="37" frame="0" swidth="720" sheight="540" title="Slide 37" totalframes="1521" path="slide37.swf" name="slide37.swf" />
  <slide transition="" id="38" frame="0" swidth="720" sheight="540" title="Slide 38" totalframes="1011" path="slide38.swf" name="slide38.swf" />
  <slide transition="" id="39" frame="0" swidth="720" sheight="540" title="Slide 39" totalframes="847" path="slide39.swf" name="slide39.swf" />
  <slide transition="" id="40" frame="0" swidth="720" sheight="540" title="Slide 40" totalframes="656" path="slide40.swf" name="slide40.swf" />
  <slide transition="" id="41" frame="0" swidth="720" sheight="540" title="Slide 41" totalframes="963" path="slide41.swf" name="slide41.swf" />
  <slide transition="" id="42" frame="0" swidth="720" sheight="540" title="Slide 42" totalframes="2966" path="slide42.swf" name="slide42.swf" />
  <slide transition="" id="43" frame="0" swidth="720" sheight="540" title="Slide 43" totalframes="2496" path="slide43.swf" name="slide43.swf" />
  <slide transition="" id="44" frame="0" swidth="720" sheight="540" title="Slide 44" totalframes="4286" path="slide44.swf" name="slide44.swf" />
  <slide transition="" id="45" frame="0" swidth="720" sheight="540" title="Slide 45" totalframes="1421" path="slide45.swf" name="slide45.swf" />
  <slide transition="" id="46" frame="0" swidth="720" sheight="540" title="Slide 46" totalframes="804" path="slide46.swf" name="slide46.swf" />
  <slide transition="" id="47" frame="0" swidth="720" sheight="540" title="Slide 47" totalframes="2145" path="slide47.swf" name="slide47.swf" />
  <slide transition="" id="48" frame="0" swidth="720" sheight="540" title="Slide 48" totalframes="1620" path="slide48.swf" name="slide48.swf" />
  <slide transition="" id="49" frame="0" swidth="720" sheight="540" title="Slide 49" totalframes="1298" path="slide49.swf" name="slide49.swf" />
  <slide transition="" id="50" frame="0" swidth="720" sheight="540" title="Slide 50" totalframes="318" path="slide50.swf" name="slide50.swf" />
  <slide transition="" id="51" frame="0" swidth="720" sheight="540" title="Slide 51" totalframes="555" path="slide51.swf" name="slide51.swf" />
</root>