﻿<?xml version="1.0" encoding="UTF-8"?>
<presentation>
  <properties>
    <title><![CDATA[Aula11]]></title>
    <creationdate>26/07/2012 22:38:06</creationdate>
    <audio>on</audio>
    <navigationonclick>false</navigationonclick>
    <animations>true</animations>
    <transitions>false</transitions>
    <sdkversion>07</sdkversion>
    <release>1.1</release>
    <soundacrossslides>false</soundacrossslides>
    <defaulturl>Slides/default_0.swf</defaulturl>
    <video>
    </video>
    <templatecolor>Silver</templatecolor>
    <layout>E-Learning Standard</layout>
    <presentertitle><![CDATA[]]></presentertitle>
    <presentername><![CDATA[]]></presentername>
    <presentercompany><![CDATA[]]></presentercompany>
    <presenteremail><![CDATA[]]></presenteremail>
    <presentationtitle>Aula11</presentationtitle>
    <powerpointfile>Aula11.ppt</powerpointfile>
    <presentationdescription><![CDATA[]]></presentationdescription>
    <presentationkeywords>
    </presentationkeywords>
    <audioquality>Medium</audioquality>
    <imagequality>9</imagequality>
    <showslidenotesinoutput>True</showslidenotesinoutput>
    <usenarrations>True</usenarrations>
  </properties>
  <slides>
    <slide id="1">
      <transition>
      </transition>
      <width>720</width>
      <height>540</height>
      <transitionurl>
      </transitionurl>
      <embeddedsound />
      <slidenavigation onclick="true" slideadvmode="true" />
      <fileurl>Slides/slide1.swf</fileurl>
      <slideimage height="150" width="200">Images/slide1_200,150.jpg</slideimage>
      <title><![CDATA[Slide 1]]></title>
      <notes><![CDATA[]]></notes>
      <slidetext><![CDATA[Disciplina: Análise e Projeto Orientado a Objetos: UML  MBA em Engenharia de Software a Distância  ]]></slidetext>
      <waitforuser>false</waitforuser>
      <totalframes>470</totalframes>
      <time>00:00:23</time>
      <transitionmediaurl />
    </slide>
    <slide id="2">
      <transition>
      </transition>
      <width>720</width>
      <height>540</height>
      <transitionurl>
      </transitionurl>
      <embeddedsound>
        <audio onclick="false" type="n" repeat="false" startframe="1" duration="1" />
      </embeddedsound>
      <slidenavigation onclick="true" slideadvmode="true" />
      <fileurl>Slides/slide2.swf</fileurl>
      <slideimage height="150" width="200">Images/slide2_200,150.jpg</slideimage>
      <title><![CDATA[Slide 2]]></title>
      <notes><![CDATA[2]]></notes>
      <slidetext><![CDATA[Mapeamento de objetos para o modelo relacionalOs princípios básicos do paradigma da orientação a objetos e do modelo relacional são bastante diferentes. No modelo de objetos, os elementos (objetos) correspondem a abstrações de comportamento. No modelo relacional, os elementos correspondem a dados no formato tabular.  2  MBA em Engenharia de Software a Distância  ]]></slidetext>
      <animations>
      </animations>
      <waitforuser>false</waitforuser>
      <totalframes>596</totalframes>
      <time>00:00:29</time>
      <transitionmediaurl />
    </slide>
    <slide id="3">
      <transition>
      </transition>
      <width>720</width>
      <height>540</height>
      <transitionurl>
      </transitionurl>
      <embeddedsound>
        <audio onclick="false" type="n" repeat="false" startframe="1" duration="1" />
      </embeddedsound>
      <slidenavigation onclick="true" slideadvmode="true" />
      <fileurl>Slides/slide3.swf</fileurl>
      <slideimage height="150" width="200">Images/slide3_200,150.jpg</slideimage>
      <title><![CDATA[Slide 3]]></title>
      <notes><![CDATA[3]]></notes>
      <slidetext><![CDATA[Relevância do mapeamento de objetos para o modelo relacional:A tecnologia OO como forma usual de desenvolver sistemas de software.Sem dúvida os SGBDR dominam o mercado comercial.Os objetos de um sistema podem ser classificados em persistentes e transientes.  3  MBA em Engenharia de Software a Distância  ]]></slidetext>
      <animations>
      </animations>
      <waitforuser>false</waitforuser>
      <totalframes>598</totalframes>
      <time>00:00:29</time>
      <transitionmediaurl />
    </slide>
    <slide id="4">
      <transition>
      </transition>
      <width>720</width>
      <height>540</height>
      <transitionurl>
      </transitionurl>
      <embeddedsound>
        <audio onclick="false" type="n" repeat="false" startframe="1" duration="1" />
      </embeddedsound>
      <slidenavigation onclick="true" slideadvmode="true" />
      <fileurl>Slides/slide4.swf</fileurl>
      <slideimage height="150" width="200">Images/slide4_200,150.jpg</slideimage>
      <title><![CDATA[Slide 4]]></title>
      <notes><![CDATA[4]]></notes>
      <slidetext><![CDATA[Objetos transientes: existem somente na memória principal.Objetos de controle e objetos de fronteira.Objetos persistentes: têm uma existência que perdura durante várias execuções do sistema.Precisam ser armazenados quando uma execução termina, e restaurados quando uma outra execução é iniciada.Tipicamente objetos de entidade.  4  MBA em Engenharia de Software a Distância  ]]></slidetext>
      <animations>
      </animations>
      <waitforuser>false</waitforuser>
      <totalframes>716</totalframes>
      <time>00:00:35</time>
      <transitionmediaurl />
    </slide>
    <slide id="5">
      <transition>
      </transition>
      <width>720</width>
      <height>540</height>
      <transitionurl>
      </transitionurl>
      <embeddedsound>
        <audio onclick="false" type="n" repeat="false" startframe="1" duration="1" />
      </embeddedsound>
      <slidenavigation onclick="true" slideadvmode="true" />
      <fileurl>Slides/slide5.swf</fileurl>
      <slideimage height="150" width="200">Images/slide5_200,150.jpg</slideimage>
      <title><![CDATA[Slide 5]]></title>
      <notes><![CDATA[]]></notes>
      <slidetext><![CDATA[Para objetos persistentes, surge o problema de conciliar as informações representadas pelo estado de um objeto e pelos dados armazenados em registros de uma tabela.O descasamento de informações é um termo utilizado para denotar o problema das diferenças entre as representações do modelo OO e do modelo relacional.Uma proporção significativa do esforço de desenvolvimento recai sobre a solução que o desenvolvedor deve dar a este problema.  5  MBA em Engenharia de Software a Distância  ]]></slidetext>
      <animations>
      </animations>
      <waitforuser>false</waitforuser>
      <totalframes>817</totalframes>
      <time>00:00:40</time>
      <transitionmediaurl />
    </slide>
    <slide id="6">
      <transition>
      </transition>
      <width>720</width>
      <height>540</height>
      <transitionurl>
      </transitionurl>
      <embeddedsound>
        <audio onclick="false" type="n" repeat="false" startframe="1" duration="1" />
      </embeddedsound>
      <slidenavigation onclick="true" slideadvmode="true" />
      <fileurl>Slides/slide6.swf</fileurl>
      <slideimage height="150" width="200">Images/slide6_200,150.jpg</slideimage>
      <title><![CDATA[Slide 6]]></title>
      <notes><![CDATA[6]]></notes>
      <slidetext><![CDATA[Projeto de banco de dadosUma das primeiras atividades do projeto detalhado de um SSOO é o desenvolvimento do banco de dados a ser utilizado, caso ele não exista.Essa atividade corresponde ao projeto do banco de dados.  6  MBA em Engenharia de Software a Distância  ]]></slidetext>
      <animations>
      </animations>
      <waitforuser>false</waitforuser>
      <totalframes>474</totalframes>
      <time>00:00:23</time>
      <transitionmediaurl />
    </slide>
    <slide id="7">
      <transition>
      </transition>
      <width>720</width>
      <height>540</height>
      <transitionurl>
      </transitionurl>
      <embeddedsound>
        <audio onclick="false" type="n" repeat="false" startframe="1" duration="1" />
      </embeddedsound>
      <slidenavigation onclick="true" slideadvmode="true" />
      <fileurl>Slides/slide7.swf</fileurl>
      <slideimage height="150" width="200">Images/slide7_200,150.jpg</slideimage>
      <title><![CDATA[Slide 7]]></title>
      <notes><![CDATA[7]]></notes>
      <slidetext><![CDATA[As principais tarefas no projeto do banco de dados são:Construção do esquema do banco de dadosCriação de índicesArmazenamento físico dos dadosDefinição de visões sobre os dados armazenados.Atribuição de direitos de acessoPolíticas de backup dos dados  7  MBA em Engenharia de Software a Distância  ]]></slidetext>
      <animations>
      </animations>
      <waitforuser>false</waitforuser>
      <totalframes>526</totalframes>
      <time>00:00:26</time>
      <transitionmediaurl />
    </slide>
    <slide id="8">
      <transition>
      </transition>
      <width>720</width>
      <height>540</height>
      <transitionurl>
      </transitionurl>
      <embeddedsound>
        <audio onclick="false" type="n" repeat="false" startframe="1" duration="1" />
      </embeddedsound>
      <slidenavigation onclick="true" slideadvmode="true" />
      <fileurl>Slides/slide8.swf</fileurl>
      <slideimage height="150" width="200">Images/slide8_200,150.jpg</slideimage>
      <title><![CDATA[Slide 8]]></title>
      <notes><![CDATA[]]></notes>
      <slidetext><![CDATA[Restrição de escopo: apenas consideramos o aspecto de mapeamento de informações entre os modelos OO e relacional.Esse mapeamento possibilita a criação do esquema do banco de dados.Atualmente, há diversas ferramentas que automatiza grande parte desse mapeamento.  8  MBA em Engenharia de Software a Distância  ]]></slidetext>
      <animations>
      </animations>
      <waitforuser>false</waitforuser>
      <totalframes>791</totalframes>
      <time>00:00:39</time>
      <transitionmediaurl />
    </slide>
    <slide id="9">
      <transition>
      </transition>
      <width>720</width>
      <height>540</height>
      <transitionurl>
      </transitionurl>
      <embeddedsound>
        <audio onclick="false" type="n" repeat="false" startframe="1" duration="1" />
      </embeddedsound>
      <slidenavigation onclick="true" slideadvmode="true" />
      <fileurl>Slides/slide9.swf</fileurl>
      <slideimage height="150" width="200">Images/slide9_200,150.jpg</slideimage>
      <title><![CDATA[Slide 9]]></title>
      <notes><![CDATA[9]]></notes>
      <slidetext><![CDATA[Conceitos do modelo relacionalO modelo relacional é fundamentado no conceito de relação.Cada coluna de uma relação pode conter apenas valores atômicos.Uma chave primária: colunas cujos valores podem ser utilizados para identificar unicamente cada linha de uma relação.  9  MBA em Engenharia de Software a Distância  ]]></slidetext>
      <animations>
      </animations>
      <waitforuser>false</waitforuser>
      <totalframes>502</totalframes>
      <time>00:00:25</time>
      <transitionmediaurl />
    </slide>
    <slide id="10">
      <transition>
      </transition>
      <width>720</width>
      <height>540</height>
      <transitionurl>
      </transitionurl>
      <embeddedsound>
        <audio onclick="false" type="n" repeat="false" startframe="1" duration="1" />
      </embeddedsound>
      <slidenavigation onclick="true" slideadvmode="true" />
      <fileurl>Slides/slide10.swf</fileurl>
      <slideimage height="150" width="200">Images/slide10_200,150.jpg</slideimage>
      <title><![CDATA[Slide 10]]></title>
      <notes><![CDATA[10]]></notes>
      <slidetext><![CDATA[Associações entre linhas: valores de uma coluna fazem referência a valores de uma outra coluna. (chave estrangeira).Uma chave estrangeira também pode conter valores nulos.Os valores nulos normalmente é usado para indicar que um valor não se aplica, ou é desconhecido, ou não existe.  10  MBA em Engenharia de Software a Distância  ]]></slidetext>
      <animations>
      </animations>
      <waitforuser>false</waitforuser>
      <totalframes>542</totalframes>
      <time>00:00:27</time>
      <transitionmediaurl />
    </slide>
    <slide id="11">
      <transition>
      </transition>
      <width>720</width>
      <height>540</height>
      <transitionurl>
      </transitionurl>
      <embeddedsound>
        <audio onclick="false" type="n" repeat="false" startframe="1" duration="1" />
      </embeddedsound>
      <slidenavigation onclick="true" slideadvmode="true" />
      <fileurl>Slides/slide11.swf</fileurl>
      <slideimage height="150" width="200">Images/slide11_200,150.jpg</slideimage>
      <title><![CDATA[Slide 11]]></title>
      <notes><![CDATA[11]]></notes>
      <slidetext><![CDATA[11  MBA em Engenharia de Software a Distância  ]]></slidetext>
      <animations>
      </animations>
      <waitforuser>false</waitforuser>
      <totalframes>934</totalframes>
      <time>00:00:46</time>
      <transitionmediaurl />
    </slide>
    <slide id="12">
      <transition>
      </transition>
      <width>720</width>
      <height>540</height>
      <transitionurl>
      </transitionurl>
      <embeddedsound>
        <audio onclick="false" type="n" repeat="false" startframe="1" duration="1" />
      </embeddedsound>
      <slidenavigation onclick="true" slideadvmode="true" />
      <fileurl>Slides/slide12.swf</fileurl>
      <slideimage height="150" width="200">Images/slide12_200,150.jpg</slideimage>
      <title><![CDATA[Slide 12]]></title>
      <notes><![CDATA[]]></notes>
      <slidetext><![CDATA[Mapeamento de objetos para o modelo relacionalUtilização de um SGBDR: necessidade do mapeamento dos valores de atributos de objetos persistentes para tabelas. É a partir do modelo de classes que o mapeamento de objetos para o modelo relacional é realizado.  12  MBA em Engenharia de Software a Distância  ]]></slidetext>
      <animations>
      </animations>
      <waitforuser>false</waitforuser>
      <totalframes>739</totalframes>
      <time>00:00:36</time>
      <transitionmediaurl />
    </slide>
    <slide id="13">
      <transition>
      </transition>
      <width>720</width>
      <height>540</height>
      <transitionurl>
      </transitionurl>
      <embeddedsound>
        <audio onclick="false" type="n" repeat="false" startframe="1" duration="1" />
      </embeddedsound>
      <slidenavigation onclick="true" slideadvmode="true" />
      <fileurl>Slides/slide13.swf</fileurl>
      <slideimage height="150" width="200">Images/slide13_200,150.jpg</slideimage>
      <title><![CDATA[Slide 13]]></title>
      <notes><![CDATA[]]></notes>
      <slidetext><![CDATA[Importante: o MER e o modelo de classes não são equivalentes.Esses modelos são frequentemente confundidos.O MER é um modelo de dados; o modelo de classes representa objetos (dados e comportamento).  13  MBA em Engenharia de Software a Distância  ]]></slidetext>
      <animations>
      </animations>
      <waitforuser>false</waitforuser>
      <totalframes>601</totalframes>
      <time>00:00:30</time>
      <transitionmediaurl />
    </slide>
    <slide id="14">
      <transition>
      </transition>
      <width>720</width>
      <height>540</height>
      <transitionurl>
      </transitionurl>
      <embeddedsound>
        <audio onclick="false" type="n" repeat="false" startframe="1" duration="1" />
      </embeddedsound>
      <slidenavigation onclick="true" slideadvmode="true" />
      <fileurl>Slides/slide14.swf</fileurl>
      <slideimage height="150" width="200">Images/slide14_200,150.jpg</slideimage>
      <title><![CDATA[Slide 14]]></title>
      <notes><![CDATA[]]></notes>
      <slidetext><![CDATA[Aqui, utilizamos a seguinte notação (simplificada):Cada relação é representada através do seu nome e dos nomes de suas colunas entre parênteses.Chaves primárias são sublinhadasChaves estrangeiras são tracejadas.  14  MBA em Engenharia de Software a Distância  ]]></slidetext>
      <animations>
      </animations>
      <waitforuser>false</waitforuser>
      <totalframes>454</totalframes>
      <time>00:00:22</time>
      <transitionmediaurl />
    </slide>
    <slide id="15">
      <transition>
      </transition>
      <width>720</width>
      <height>540</height>
      <transitionurl>
      </transitionurl>
      <embeddedsound>
        <audio onclick="false" type="n" repeat="false" startframe="1" duration="1" />
      </embeddedsound>
      <slidenavigation onclick="true" slideadvmode="true" />
      <fileurl>Slides/slide15.swf</fileurl>
      <slideimage height="150" width="200">Images/slide15_200,150.jpg</slideimage>
      <title><![CDATA[Slide 15]]></title>
      <notes><![CDATA[]]></notes>
      <slidetext><![CDATA[Os exemplos dados a seguir utilizam sempre uma coluna de implementação como chave primária de cada relação.Uma coluna de implementação é um identificador sem significado no domínio de negócio.  15  MBA em Engenharia de Software a Distância  ]]></slidetext>
      <animations>
      </animations>
      <waitforuser>false</waitforuser>
      <totalframes>555</totalframes>
      <time>00:00:27</time>
      <transitionmediaurl />
    </slide>
    <slide id="16">
      <transition>
      </transition>
      <width>720</width>
      <height>540</height>
      <transitionurl>
      </transitionurl>
      <embeddedsound>
        <audio onclick="false" type="n" repeat="false" startframe="1" duration="1" />
      </embeddedsound>
      <slidenavigation onclick="true" slideadvmode="true" />
      <fileurl>Slides/slide16.swf</fileurl>
      <slideimage height="150" width="200">Images/slide16_200,150.jpg</slideimage>
      <title><![CDATA[Slide 16]]></title>
      <notes><![CDATA[16]]></notes>
      <slidetext><![CDATA[Mapeamento: Classes e seus atributosClasses são mapeadas para relações.Caso mais simples: mapear cada classe como uma relação, e cada atributo como uma coluna.Para atributos o que vale de forma geral é que um atributo será mapeado para uma ou mais colunas.Nem todos os atributos de uma classe são persistentes (atributos derivados).  16  MBA em Engenharia de Software a Distância  ]]></slidetext>
      <animations>
      </animations>
      <waitforuser>false</waitforuser>
      <totalframes>787</totalframes>
      <time>00:00:39</time>
      <transitionmediaurl />
    </slide>
    <slide id="17">
      <transition>
      </transition>
      <width>720</width>
      <height>540</height>
      <transitionurl>
      </transitionurl>
      <embeddedsound>
        <audio onclick="false" type="n" repeat="false" startframe="1" duration="1" />
      </embeddedsound>
      <slidenavigation onclick="true" slideadvmode="true" />
      <fileurl>Slides/slide17.swf</fileurl>
      <slideimage height="150" width="200">Images/slide17_200,150.jpg</slideimage>
      <title><![CDATA[Slide 17]]></title>
      <notes><![CDATA[17]]></notes>
      <slidetext><![CDATA[Mapeamento de associaçõesO procedimento utiliza o conceito de chave estrangeira.Há três casos, cada um correspondente a um tipo de conectividade.  17  MBA em Engenharia de Software a Distância  ]]></slidetext>
      <animations>
      </animations>
      <waitforuser>false</waitforuser>
      <totalframes>273</totalframes>
      <time>00:00:13</time>
      <transitionmediaurl />
    </slide>
    <slide id="18">
      <transition>
      </transition>
      <width>720</width>
      <height>540</height>
      <transitionurl>
      </transitionurl>
      <embeddedsound>
        <audio onclick="false" type="n" repeat="false" startframe="1" duration="1" />
      </embeddedsound>
      <slidenavigation onclick="true" slideadvmode="true" />
      <fileurl>Slides/slide18.swf</fileurl>
      <slideimage height="150" width="200">Images/slide18_200,150.jpg</slideimage>
      <title><![CDATA[Slide 18]]></title>
      <notes><![CDATA[18]]></notes>
      <slidetext><![CDATA[Nos exemplos dados a seguir, considere, sem perda de generalidade, que:há uma associação entre objetos de duas classes, Ca e Cb.Ca e Cb foram mapeadas para duas relações separadas, Ta e Tb.  18  MBA em Engenharia de Software a Distância  ]]></slidetext>
      <animations>
      </animations>
      <waitforuser>false</waitforuser>
      <totalframes>419</totalframes>
      <time>00:00:20</time>
      <transitionmediaurl />
    </slide>
    <slide id="19">
      <transition>
      </transition>
      <width>720</width>
      <height>540</height>
      <transitionurl>
      </transitionurl>
      <embeddedsound>
        <audio onclick="false" type="n" repeat="false" startframe="1" duration="1" />
      </embeddedsound>
      <slidenavigation onclick="true" slideadvmode="true" />
      <fileurl>Slides/slide19.swf</fileurl>
      <slideimage height="150" width="200">Images/slide19_200,150.jpg</slideimage>
      <title><![CDATA[Slide 19]]></title>
      <notes><![CDATA[19]]></notes>
      <slidetext><![CDATA[19  MBA em Engenharia de Software a Distância  ]]></slidetext>
      <animations>
      </animations>
      <waitforuser>false</waitforuser>
      <totalframes>1129</totalframes>
      <time>00:00:56</time>
      <transitionmediaurl />
    </slide>
    <slide id="20">
      <transition>
      </transition>
      <width>720</width>
      <height>540</height>
      <transitionurl>
      </transitionurl>
      <embeddedsound>
        <audio onclick="false" type="n" repeat="false" startframe="1" duration="1" />
      </embeddedsound>
      <slidenavigation onclick="true" slideadvmode="true" />
      <fileurl>Slides/slide20.swf</fileurl>
      <slideimage height="150" width="200">Images/slide20_200,150.jpg</slideimage>
      <title><![CDATA[Slide 20]]></title>
      <notes><![CDATA[20]]></notes>
      <slidetext><![CDATA[Mapeamento de associações 1:1Deve-se adicionar uma chave estrangeira em uma das duas relações para referenciar a chave primária da outra relação.Escolha da relação na qual a chave estrangeira deve ser adicionada com base na participação.Há três possibilidades acerca da conectividade:Obrigatória em ambos os extremos.Opcional em ambos os extremos.Obrigatória em um extremo e opcional no outro extremo.  20  MBA em Engenharia de Software a Distância  ]]></slidetext>
      <animations>
      </animations>
      <waitforuser>false</waitforuser>
      <totalframes>705</totalframes>
      <time>00:00:35</time>
      <transitionmediaurl />
    </slide>
    <slide id="21">
      <transition>
      </transition>
      <width>720</width>
      <height>540</height>
      <transitionurl>
      </transitionurl>
      <embeddedsound>
        <audio onclick="false" type="n" repeat="false" startframe="1" duration="1" />
      </embeddedsound>
      <slidenavigation onclick="true" slideadvmode="true" />
      <fileurl>Slides/slide21.swf</fileurl>
      <slideimage height="150" width="200">Images/slide21_200,150.jpg</slideimage>
      <title><![CDATA[Slide 21]]></title>
      <notes><![CDATA[21]]></notes>
      <slidetext><![CDATA[21  MBA em Engenharia de Software a Distância  ]]></slidetext>
      <animations>
      </animations>
      <waitforuser>false</waitforuser>
      <totalframes>621</totalframes>
      <time>00:00:31</time>
      <transitionmediaurl />
    </slide>
    <slide id="22">
      <transition>
      </transition>
      <width>720</width>
      <height>540</height>
      <transitionurl>
      </transitionurl>
      <embeddedsound>
        <audio onclick="false" type="n" repeat="false" startframe="1" duration="1" />
      </embeddedsound>
      <slidenavigation onclick="true" slideadvmode="true" />
      <fileurl>Slides/slide22.swf</fileurl>
      <slideimage height="150" width="200">Images/slide22_200,150.jpg</slideimage>
      <title><![CDATA[Slide 22]]></title>
      <notes><![CDATA[22]]></notes>
      <slidetext><![CDATA[Mapeamento de associações 1-muitosSeja Ca a classe na qual cada objeto se associa com muitos objetos da classe Cb.Sejam Ta e Tb as relações resultantes do mapeamento de Ca e Cb, respectivamente.Neste caso, deve-se adicionar uma chave estrangeira em Ta para referenciar a chave primária de Tb.  22  MBA em Engenharia de Software a Distância  ]]></slidetext>
      <animations>
      </animations>
      <waitforuser>false</waitforuser>
      <totalframes>556</totalframes>
      <time>00:00:27</time>
      <transitionmediaurl />
    </slide>
    <slide id="23">
      <transition>
      </transition>
      <width>720</width>
      <height>540</height>
      <transitionurl>
      </transitionurl>
      <embeddedsound>
        <audio onclick="false" type="n" repeat="false" startframe="1" duration="1" />
      </embeddedsound>
      <slidenavigation onclick="true" slideadvmode="true" />
      <fileurl>Slides/slide23.swf</fileurl>
      <slideimage height="150" width="200">Images/slide23_200,150.jpg</slideimage>
      <title><![CDATA[Slide 23]]></title>
      <notes><![CDATA[23]]></notes>
      <slidetext><![CDATA[23  MBA em Engenharia de Software a Distância  ]]></slidetext>
      <animations>
      </animations>
      <waitforuser>false</waitforuser>
      <totalframes>456</totalframes>
      <time>00:00:22</time>
      <transitionmediaurl />
    </slide>
    <slide id="24">
      <transition>
      </transition>
      <width>720</width>
      <height>540</height>
      <transitionurl>
      </transitionurl>
      <embeddedsound>
        <audio onclick="false" type="n" repeat="false" startframe="1" duration="1" />
      </embeddedsound>
      <slidenavigation onclick="true" slideadvmode="true" />
      <fileurl>Slides/slide24.swf</fileurl>
      <slideimage height="150" width="200">Images/slide24_200,150.jpg</slideimage>
      <title><![CDATA[Slide 24]]></title>
      <notes><![CDATA[24]]></notes>
      <slidetext><![CDATA[Mapeamento de associações muitos-muitosSeja Ca a classe na qual cada objeto se associa com muitos objetos da classe Cb.Sejam Ta e Tb as relações resultantes do mapeamento de Ca e Cb, respectivamente. Uma relação de associação deve ser criada.Uma relação de associação serve para representar a associação muitos para muitos entre duas ou mais relações.  24  MBA em Engenharia de Software a Distância  ]]></slidetext>
      <animations>
      </animations>
      <waitforuser>false</waitforuser>
      <totalframes>645</totalframes>
      <time>00:00:32</time>
      <transitionmediaurl />
    </slide>
    <slide id="25">
      <transition>
      </transition>
      <width>720</width>
      <height>540</height>
      <transitionurl>
      </transitionurl>
      <embeddedsound>
        <audio onclick="false" type="n" repeat="false" startframe="1" duration="1" />
      </embeddedsound>
      <slidenavigation onclick="true" slideadvmode="true" />
      <fileurl>Slides/slide25.swf</fileurl>
      <slideimage height="150" width="200">Images/slide25_200,150.jpg</slideimage>
      <title><![CDATA[Slide 25]]></title>
      <notes><![CDATA[25]]></notes>
      <slidetext><![CDATA[Equivalente à aplicação do mapeamento um para muitos duas vezes, considerando-se os pares (Ta, Tassoc) e (Tb, Tassoc).Alternativas para definir a chave primária de Tassoc.definir uma chave primária composta.criar uma coluna de implementação que sirva como chave primária simples da relação de associação.  25  MBA em Engenharia de Software a Distância  ]]></slidetext>
      <animations>
      </animations>
      <waitforuser>false</waitforuser>
      <totalframes>679</totalframes>
      <time>00:00:33</time>
      <transitionmediaurl />
    </slide>
    <slide id="26">
      <transition>
      </transition>
      <width>720</width>
      <height>540</height>
      <transitionurl>
      </transitionurl>
      <embeddedsound>
        <audio onclick="false" type="n" repeat="false" startframe="1" duration="1" />
      </embeddedsound>
      <slidenavigation onclick="true" slideadvmode="true" />
      <fileurl>Slides/slide26.swf</fileurl>
      <slideimage height="150" width="200">Images/slide26_200,150.jpg</slideimage>
      <title><![CDATA[Slide 26]]></title>
      <notes><![CDATA[26]]></notes>
      <slidetext><![CDATA[26  MBA em Engenharia de Software a Distância  ]]></slidetext>
      <animations>
      </animations>
      <waitforuser>false</waitforuser>
      <totalframes>828</totalframes>
      <time>00:00:41</time>
      <transitionmediaurl />
    </slide>
    <slide id="27">
      <transition>
      </transition>
      <width>720</width>
      <height>540</height>
      <transitionurl>
      </transitionurl>
      <embeddedsound>
        <audio onclick="false" type="n" repeat="false" startframe="1" duration="1" />
      </embeddedsound>
      <slidenavigation onclick="true" slideadvmode="true" />
      <fileurl>Slides/slide27.swf</fileurl>
      <slideimage height="150" width="200">Images/slide27_200,150.jpg</slideimage>
      <title><![CDATA[Slide 27]]></title>
      <notes><![CDATA[27]]></notes>
      <slidetext><![CDATA[Mapeamento de agregaçõesForma especial de associação  mesmo procedimento para realizar o mapeamento de associações pode ser utilizado.No entanto, a diferença semântica influi na forma como o SGBDR deve agir quando um registro da relação correspondente ao todo deve ser excluído ou atualizado.Remoção ou atualização em cascata.  27  MBA em Engenharia de Software a Distância  ]]></slidetext>
      <animations>
      </animations>
      <waitforuser>false</waitforuser>
      <totalframes>667</totalframes>
      <time>00:00:33</time>
      <transitionmediaurl />
    </slide>
    <slide id="28">
      <transition>
      </transition>
      <width>720</width>
      <height>540</height>
      <transitionurl>
      </transitionurl>
      <embeddedsound>
        <audio onclick="false" type="n" repeat="false" startframe="1" duration="1" />
      </embeddedsound>
      <slidenavigation onclick="true" slideadvmode="true" />
      <fileurl>Slides/slide28.swf</fileurl>
      <slideimage height="150" width="200">Images/slide28_200,150.jpg</slideimage>
      <title><![CDATA[Slide 28]]></title>
      <notes><![CDATA[28]]></notes>
      <slidetext><![CDATA[O padrão de acesso em agregações (composições) também é diferente do encontrado nas associações.Quando um objeto todo deve ser restaurado, é natural restaurar também os objetos parte.Em associações, isso nem sempre é o caso.Definição de índices adequados é importante para acesso eficiente aos objetos parte.  28  MBA em Engenharia de Software a Distância  ]]></slidetext>
      <animations>
      </animations>
      <waitforuser>false</waitforuser>
      <totalframes>637</totalframes>
      <time>00:00:31</time>
      <transitionmediaurl />
    </slide>
    <slide id="29">
      <transition>
      </transition>
      <width>720</width>
      <height>540</height>
      <transitionurl>
      </transitionurl>
      <embeddedsound>
        <audio onclick="false" type="n" repeat="false" startframe="1" duration="1" />
      </embeddedsound>
      <slidenavigation onclick="true" slideadvmode="true" />
      <fileurl>Slides/slide29.swf</fileurl>
      <slideimage height="150" width="200">Images/slide29_200,150.jpg</slideimage>
      <title><![CDATA[Slide 29]]></title>
      <notes><![CDATA[29]]></notes>
      <slidetext><![CDATA[Mapeamento de associações reflexivasForma especial de associação  mesmo procedimento para realizar o mapeamento de associações pode ser utilizado.Em particular, em uma associação reflexiva de conectividade muitos para muitos, uma relação de associação deve ser criada.  29  MBA em Engenharia de Software a Distância  ]]></slidetext>
      <animations>
      </animations>
      <waitforuser>false</waitforuser>
      <totalframes>564</totalframes>
      <time>00:00:28</time>
      <transitionmediaurl />
    </slide>
    <slide id="30">
      <transition>
      </transition>
      <width>720</width>
      <height>540</height>
      <transitionurl>
      </transitionurl>
      <embeddedsound>
        <audio onclick="false" type="n" repeat="false" startframe="1" duration="1" />
      </embeddedsound>
      <slidenavigation onclick="true" slideadvmode="true" />
      <fileurl>Slides/slide30.swf</fileurl>
      <slideimage height="150" width="200">Images/slide30_200,150.jpg</slideimage>
      <title><![CDATA[Slide 30]]></title>
      <notes><![CDATA[30]]></notes>
      <slidetext><![CDATA[30  MBA em Engenharia de Software a Distância  ]]></slidetext>
      <animations>
      </animations>
      <waitforuser>false</waitforuser>
      <totalframes>1191</totalframes>
      <time>00:00:59</time>
      <transitionmediaurl />
    </slide>
    <slide id="31">
      <transition>
      </transition>
      <width>720</width>
      <height>540</height>
      <transitionurl>
      </transitionurl>
      <embeddedsound>
        <audio onclick="false" type="n" repeat="false" startframe="1" duration="1" />
      </embeddedsound>
      <slidenavigation onclick="true" slideadvmode="true" />
      <fileurl>Slides/slide31.swf</fileurl>
      <slideimage height="150" width="200">Images/slide31_200,150.jpg</slideimage>
      <title><![CDATA[Slide 31]]></title>
      <notes><![CDATA[31]]></notes>
      <slidetext><![CDATA[Mapeamento de associações n-áriasAssociações n-árias (n≥3): procedimento semelhante ao utilizado para associações binárias de conectividade muitos para muitos.Uma relação para representar a associação é criada.São adicionadas nesta relação chaves estrangeiras.Se a associação n-ária possuir uma classe associativa, os atributos desta são mapeados como colunas da relação de associação.  31  MBA em Engenharia de Software a Distância  ]]></slidetext>
      <animations>
      </animations>
      <waitforuser>false</waitforuser>
      <totalframes>809</totalframes>
      <time>00:00:40</time>
      <transitionmediaurl />
    </slide>
    <slide id="32">
      <transition>
      </transition>
      <width>720</width>
      <height>540</height>
      <transitionurl>
      </transitionurl>
      <embeddedsound>
        <audio onclick="false" type="n" repeat="false" startframe="1" duration="1" />
      </embeddedsound>
      <slidenavigation onclick="true" slideadvmode="true" />
      <fileurl>Slides/slide32.swf</fileurl>
      <slideimage height="150" width="200">Images/slide32_200,150.jpg</slideimage>
      <title><![CDATA[Slide 32]]></title>
      <notes><![CDATA[32]]></notes>
      <slidetext><![CDATA[32  MBA em Engenharia de Software a Distância  ]]></slidetext>
      <animations>
      </animations>
      <waitforuser>false</waitforuser>
      <totalframes>820</totalframes>
      <time>00:00:41</time>
      <transitionmediaurl />
    </slide>
    <slide id="33">
      <transition>
      </transition>
      <width>720</width>
      <height>540</height>
      <transitionurl>
      </transitionurl>
      <embeddedsound>
        <audio onclick="false" type="n" repeat="false" startframe="1" duration="1" />
      </embeddedsound>
      <slidenavigation onclick="true" slideadvmode="true" />
      <fileurl>Slides/slide33.swf</fileurl>
      <slideimage height="150" width="200">Images/slide33_200,150.jpg</slideimage>
      <title><![CDATA[Slide 33]]></title>
      <notes><![CDATA[33]]></notes>
      <slidetext><![CDATA[Mapeamento de classes associativasPara cada um dos casos de mapeamento de associações, há uma variante onde uma classe associativa é utilizada  33  MBA em Engenharia de Software a Distância  ]]></slidetext>
      <animations>
      </animations>
      <waitforuser>false</waitforuser>
      <totalframes>254</totalframes>
      <time>00:00:12</time>
      <transitionmediaurl />
    </slide>
    <slide id="34">
      <transition>
      </transition>
      <width>720</width>
      <height>540</height>
      <transitionurl>
      </transitionurl>
      <embeddedsound>
        <audio onclick="false" type="n" repeat="false" startframe="1" duration="1" />
      </embeddedsound>
      <slidenavigation onclick="true" slideadvmode="true" />
      <fileurl>Slides/slide34.swf</fileurl>
      <slideimage height="150" width="200">Images/slide34_200,150.jpg</slideimage>
      <title><![CDATA[Slide 34]]></title>
      <notes><![CDATA[34]]></notes>
      <slidetext><![CDATA[Mapeamento é feito através da criação de uma relação para representá-la.Os atributos da classe associativa são mapeados para colunas dessa relação.Essa relação deve conter chaves estrangeiras que referenciem as relações correspondentes às classes que participam da associação.  34  MBA em Engenharia de Software a Distância  ]]></slidetext>
      <animations>
      </animations>
      <waitforuser>false</waitforuser>
      <totalframes>477</totalframes>
      <time>00:00:23</time>
      <transitionmediaurl />
    </slide>
    <slide id="35">
      <transition>
      </transition>
      <width>720</width>
      <height>540</height>
      <transitionurl>
      </transitionurl>
      <embeddedsound>
        <audio onclick="false" type="n" repeat="false" startframe="1" duration="1" />
      </embeddedsound>
      <slidenavigation onclick="true" slideadvmode="true" />
      <fileurl>Slides/slide35.swf</fileurl>
      <slideimage height="150" width="200">Images/slide35_200,150.jpg</slideimage>
      <title><![CDATA[Slide 35]]></title>
      <notes><![CDATA[35]]></notes>
      <slidetext><![CDATA[35  MBA em Engenharia de Software a Distância  ]]></slidetext>
      <animations>
      </animations>
      <waitforuser>false</waitforuser>
      <totalframes>868</totalframes>
      <time>00:00:43</time>
      <transitionmediaurl />
    </slide>
    <slide id="36">
      <transition>
      </transition>
      <width>720</width>
      <height>540</height>
      <transitionurl>
      </transitionurl>
      <embeddedsound>
        <audio onclick="false" type="n" repeat="false" startframe="1" duration="1" />
      </embeddedsound>
      <slidenavigation onclick="true" slideadvmode="true" />
      <fileurl>Slides/slide36.swf</fileurl>
      <slideimage height="150" width="200">Images/slide36_200,150.jpg</slideimage>
      <title><![CDATA[Slide 36]]></title>
      <notes><![CDATA[36]]></notes>
      <slidetext><![CDATA[Mapeamento de generalizaçõesTrês formas alternativas de mapeamento:Uma relação para cada classe da hierarquiaUma relação para toda a hierarquiaUma relação para cada classe concreta da hierarquia  36  MBA em Engenharia de Software a Distância  ]]></slidetext>
      <animations>
      </animations>
      <waitforuser>false</waitforuser>
      <totalframes>478</totalframes>
      <time>00:00:23</time>
      <transitionmediaurl />
    </slide>
    <slide id="37">
      <transition>
      </transition>
      <width>720</width>
      <height>540</height>
      <transitionurl>
      </transitionurl>
      <embeddedsound>
        <audio onclick="false" type="n" repeat="false" startframe="1" duration="1" />
      </embeddedsound>
      <slidenavigation onclick="true" slideadvmode="true" />
      <fileurl>Slides/slide37.swf</fileurl>
      <slideimage height="150" width="200">Images/slide37_200,150.jpg</slideimage>
      <title><![CDATA[Slide 37]]></title>
      <notes><![CDATA[37]]></notes>
      <slidetext><![CDATA[Nenhuma das alternativas de mapeamento de generalização pode ser considerada a melhor dentre todas.Cada uma delas possui vantagens e desvantagens.A escolha de uma delas depende das do sistema sendo desenvolvido.A equipe de desenvolvimento pode decidir implementar mais de uma alternativa.  37  MBA em Engenharia de Software a Distância  ]]></slidetext>
      <animations>
      </animations>
      <waitforuser>false</waitforuser>
      <totalframes>492</totalframes>
      <time>00:00:24</time>
      <transitionmediaurl />
    </slide>
    <slide id="38">
      <transition>
      </transition>
      <width>720</width>
      <height>540</height>
      <transitionurl>
      </transitionurl>
      <embeddedsound>
        <audio onclick="false" type="n" repeat="false" startframe="1" duration="1" />
      </embeddedsound>
      <slidenavigation onclick="true" slideadvmode="true" />
      <fileurl>Slides/slide38.swf</fileurl>
      <slideimage height="150" width="200">Images/slide38_200,150.jpg</slideimage>
      <title><![CDATA[Slide 38]]></title>
      <notes><![CDATA[38]]></notes>
      <slidetext><![CDATA[38  MBA em Engenharia de Software a Distância  ]]></slidetext>
      <animations>
      </animations>
      <waitforuser>false</waitforuser>
      <totalframes>1545</totalframes>
      <time>00:01:17</time>
      <transitionmediaurl />
    </slide>
    <slide id="39">
      <transition>
      </transition>
      <width>720</width>
      <height>540</height>
      <transitionurl>
      </transitionurl>
      <embeddedsound>
        <audio onclick="false" type="n" repeat="false" startframe="1" duration="1" />
      </embeddedsound>
      <slidenavigation onclick="true" slideadvmode="true" />
      <fileurl>Slides/slide39.swf</fileurl>
      <slideimage height="150" width="200">Images/slide39_200,150.jpg</slideimage>
      <title><![CDATA[Slide 39]]></title>
      <notes><![CDATA[39]]></notes>
      <slidetext><![CDATA[Mapeamento de generalizaçõesA 1ª alternativa (uma relação para cada classe da hierarquia) é a que melhor reflete o modelo OO.classe é mapeada para uma relaçãoas colunas desta relação são correspondentes aos atributos específicos da classe.Desvantagem: desempenho da manipulação das relações.  39  MBA em Engenharia de Software a Distância  ]]></slidetext>
      <animations>
      </animations>
      <waitforuser>false</waitforuser>
      <totalframes>701</totalframes>
      <time>00:00:35</time>
      <transitionmediaurl />
    </slide>
    <slide id="40">
      <transition>
      </transition>
      <width>720</width>
      <height>540</height>
      <transitionurl>
      </transitionurl>
      <embeddedsound>
        <audio onclick="false" type="n" repeat="false" startframe="1" duration="1" />
      </embeddedsound>
      <slidenavigation onclick="true" slideadvmode="true" />
      <fileurl>Slides/slide40.swf</fileurl>
      <slideimage height="150" width="200">Images/slide40_200,150.jpg</slideimage>
      <title><![CDATA[Slide 40]]></title>
      <notes><![CDATA[40]]></notes>
      <slidetext><![CDATA[A 2ª alternativa de implementação é bastante simples, além de facilitar situações em que objetos mudam de classe.Desvantagem: alteração de esquemaAdição ou remoção de atributos.tem o potencial de desperdiçar bastante espaço de armazenamento:  40  MBA em Engenharia de Software a Distância  ]]></slidetext>
      <animations>
      </animations>
      <waitforuser>false</waitforuser>
      <totalframes>617</totalframes>
      <time>00:00:30</time>
      <transitionmediaurl />
    </slide>
    <slide id="41">
      <transition>
      </transition>
      <width>720</width>
      <height>540</height>
      <transitionurl>
      </transitionurl>
      <embeddedsound>
        <audio onclick="false" type="n" repeat="false" startframe="1" duration="1" />
      </embeddedsound>
      <slidenavigation onclick="true" slideadvmode="true" />
      <fileurl>Slides/slide41.swf</fileurl>
      <slideimage height="150" width="200">Images/slide41_200,150.jpg</slideimage>
      <title><![CDATA[Slide 41]]></title>
      <notes><![CDATA[41]]></notes>
      <slidetext><![CDATA[A 3ª alternativa apresenta a vantagem de agrupar os objetos de uma classe em uma única relação.Desvantagem: quando uma classe é modificada, cada uma das relações correspondentes as suas subclasses deve ser modificada.Todas as relações correspondentes a subclasses devem ser modificadas quando a definição da superclasse é modificada.  41  MBA em Engenharia de Software a Distância  ]]></slidetext>
      <animations>
      </animations>
      <waitforuser>false</waitforuser>
      <totalframes>617</totalframes>
      <time>00:00:30</time>
      <transitionmediaurl />
    </slide>
    <slide id="42">
      <transition>
      </transition>
      <width>720</width>
      <height>540</height>
      <transitionurl>
      </transitionurl>
      <embeddedsound>
        <audio onclick="false" type="n" repeat="false" startframe="1" duration="1" />
      </embeddedsound>
      <slidenavigation onclick="true" slideadvmode="true" />
      <fileurl>Slides/slide42.swf</fileurl>
      <slideimage height="150" width="200">Images/slide42_200,150.jpg</slideimage>
      <title><![CDATA[Slide 42]]></title>
      <notes><![CDATA[]]></notes>
      <slidetext><![CDATA[Construção da camada de persistênciaAlém da construção do esquema de banco de dados, outros aspectos importantes e relativos ao armazenamento de objetos em um SGBDR devem ser definidos.  42  MBA em Engenharia de Software a Distância  ]]></slidetext>
      <animations>
      </animations>
      <waitforuser>false</waitforuser>
      <totalframes>367</totalframes>
      <time>00:00:18</time>
      <transitionmediaurl />
    </slide>
    <slide id="43">
      <transition>
      </transition>
      <width>720</width>
      <height>540</height>
      <transitionurl>
      </transitionurl>
      <embeddedsound>
        <audio onclick="false" type="n" repeat="false" startframe="1" duration="1" />
      </embeddedsound>
      <slidenavigation onclick="true" slideadvmode="true" />
      <fileurl>Slides/slide43.swf</fileurl>
      <slideimage height="150" width="200">Images/slide43_200,150.jpg</slideimage>
      <title><![CDATA[Slide 43]]></title>
      <notes><![CDATA[]]></notes>
      <slidetext><![CDATA[Alguns desses aspectos são enumerados a seguir. Materialização:Atualização:Remoção:Esses aspectos estão relacionados a funcionalidades que implementam o transporte de objetos da memória principal alocada ao SSOO para um SGBD e vice-versa.  43  MBA em Engenharia de Software a Distância  ]]></slidetext>
      <animations>
      </animations>
      <waitforuser>false</waitforuser>
      <totalframes>995</totalframes>
      <time>00:00:49</time>
      <transitionmediaurl />
    </slide>
    <slide id="44">
      <transition>
      </transition>
      <width>720</width>
      <height>540</height>
      <transitionurl>
      </transitionurl>
      <embeddedsound>
        <audio onclick="false" type="n" repeat="false" startframe="1" duration="1" />
      </embeddedsound>
      <slidenavigation onclick="true" slideadvmode="true" />
      <fileurl>Slides/slide44.swf</fileurl>
      <slideimage height="150" width="200">Images/slide44_200,150.jpg</slideimage>
      <title><![CDATA[Slide 44]]></title>
      <notes><![CDATA[]]></notes>
      <slidetext><![CDATA[Para isolar os objetos do negócio de detalhes de comunicação com o SGBD, uma camada de persistência pode ser utilizada.O objetivo de uma camada de persistência é isolar os objetos do SSOO de mudanças no mecanismo de armazenamento.Se um SGBD diferente tiver que ser utilizado pelo sistemaOs objetos da camada de negócio permanecem intactos.  44  MBA em Engenharia de Software a Distância  ]]></slidetext>
      <animations>
      </animations>
      <waitforuser>false</waitforuser>
      <totalframes>714</totalframes>
      <time>00:00:35</time>
      <transitionmediaurl />
    </slide>
    <slide id="45">
      <transition>
      </transition>
      <width>720</width>
      <height>540</height>
      <transitionurl>
      </transitionurl>
      <embeddedsound>
        <audio onclick="false" type="n" repeat="false" startframe="1" duration="1" />
      </embeddedsound>
      <slidenavigation onclick="true" slideadvmode="true" />
      <fileurl>Slides/slide45.swf</fileurl>
      <slideimage height="150" width="200">Images/slide45_200,150.jpg</slideimage>
      <title><![CDATA[Slide 45]]></title>
      <notes><![CDATA[]]></notes>
      <slidetext><![CDATA[A diminuição do acoplamento entre os objetos e a estrutura do banco de dados torna o SSOO mais flexível e mais portável.No entanto, as vantagens de uma camada de persistência não vêm de graça.A intermediação feita por essa camada entre os objetos do domínio e o SGBD traz uma sobrecarga de processamento.  45  MBA em Engenharia de Software a Distância  ]]></slidetext>
      <animations>
      </animations>
      <waitforuser>false</waitforuser>
      <totalframes>566</totalframes>
      <time>00:00:28</time>
      <transitionmediaurl />
    </slide>
    <slide id="46">
      <transition>
      </transition>
      <width>720</width>
      <height>540</height>
      <transitionurl>
      </transitionurl>
      <embeddedsound>
        <audio onclick="false" type="n" repeat="false" startframe="1" duration="1" />
      </embeddedsound>
      <slidenavigation onclick="true" slideadvmode="true" />
      <fileurl>Slides/slide46.swf</fileurl>
      <slideimage height="150" width="200">Images/slide46_200,150.jpg</slideimage>
      <title><![CDATA[Slide 46]]></title>
      <notes><![CDATA[]]></notes>
      <slidetext><![CDATA[Outra desvantagem é que a camada de persistência pode aumentar a complexidade computacional da realização de certas operações, que seriam triviais com o uso direto de SQL. Entretanto, as vantagens adquiridas pela utilização de uma camada de software, principalmente em sistemas complexos, geralmente compensam a perda no desempenho e a dificuldade de implementação.  46  MBA em Engenharia de Software a Distância  ]]></slidetext>
      <animations>
      </animations>
      <waitforuser>false</waitforuser>
      <totalframes>598</totalframes>
      <time>00:00:29</time>
      <transitionmediaurl />
    </slide>
    <slide id="47">
      <transition>
      </transition>
      <width>720</width>
      <height>540</height>
      <transitionurl>
      </transitionurl>
      <embeddedsound>
        <audio onclick="false" type="n" repeat="false" startframe="1" duration="1" />
      </embeddedsound>
      <slidenavigation onclick="true" slideadvmode="true" />
      <fileurl>Slides/slide47.swf</fileurl>
      <slideimage height="150" width="200">Images/slide47_200,150.jpg</slideimage>
      <title><![CDATA[Slide 47]]></title>
      <notes><![CDATA[]]></notes>
      <slidetext><![CDATA[Estratégias de persistênciaHá diversas estratégias que podem ser utilizadas para definir a camada de persistência de um SSOO:Acesso direto ao banco de dadosUso de um SGBDOO ou de um SGBDORUso do padrão DAO (Data Access Object)Uso de um framework ORM  47  MBA em Engenharia de Software a Distância  ]]></slidetext>
      <animations>
      </animations>
      <waitforuser>false</waitforuser>
      <totalframes>720</totalframes>
      <time>00:00:36</time>
      <transitionmediaurl />
    </slide>
    <slide id="48">
      <transition>
      </transition>
      <width>720</width>
      <height>540</height>
      <transitionurl>
      </transitionurl>
      <embeddedsound>
        <audio onclick="false" type="n" repeat="false" startframe="1" duration="1" />
      </embeddedsound>
      <slidenavigation onclick="true" slideadvmode="true" />
      <fileurl>Slides/slide48.swf</fileurl>
      <slideimage height="150" width="200">Images/slide48_200,150.jpg</slideimage>
      <title><![CDATA[Slide 48]]></title>
      <notes><![CDATA[]]></notes>
      <slidetext><![CDATA[Acesso diretoUma estratégia simples para o mapeamento objeto-relacional é fazer com que cada objeto persistente possua comportamento que permita a sua restauração, atualização ou remoção.Há código escrito em SQL para realizar a inserção, remoção, atualização e consulta das tabelas onde estão armazenados os objetos.  48  MBA em Engenharia de Software a Distância  ]]></slidetext>
      <animations>
      </animations>
      <waitforuser>false</waitforuser>
      <totalframes>608</totalframes>
      <time>00:00:30</time>
      <transitionmediaurl />
    </slide>
    <slide id="49">
      <transition>
      </transition>
      <width>720</width>
      <height>540</height>
      <transitionurl>
      </transitionurl>
      <embeddedsound>
        <audio onclick="false" type="n" repeat="false" startframe="1" duration="1" />
      </embeddedsound>
      <slidenavigation onclick="true" slideadvmode="true" />
      <fileurl>Slides/slide49.swf</fileurl>
      <slideimage height="150" width="200">Images/slide49_200,150.jpg</slideimage>
      <title><![CDATA[Slide 49]]></title>
      <notes><![CDATA[]]></notes>
      <slidetext><![CDATA[Essa solução é de fácil implementação em Linguagens de quarta geração, como o Visual Basic, o PowerBuilder e o Delphi.Essa estratégia de mapeamento objeto-relacional é justificável para sistemas simples.  49  MBA em Engenharia de Software a Distância  ]]></slidetext>
      <animations>
      </animations>
      <waitforuser>false</waitforuser>
      <totalframes>368</totalframes>
      <time>00:00:18</time>
      <transitionmediaurl />
    </slide>
    <slide id="50">
      <transition>
      </transition>
      <width>720</width>
      <height>540</height>
      <transitionurl>
      </transitionurl>
      <embeddedsound>
        <audio onclick="false" type="n" repeat="false" startframe="1" duration="1" />
      </embeddedsound>
      <slidenavigation onclick="true" slideadvmode="true" />
      <fileurl>Slides/slide50.swf</fileurl>
      <slideimage height="150" width="200">Images/slide50_200,150.jpg</slideimage>
      <title><![CDATA[Slide 50]]></title>
      <notes><![CDATA[]]></notes>
      <slidetext><![CDATA[No entanto, a solução de acesso direto apresenta algumas desvantagens para sistemas mais complexos.Classes relativas à lógica do negócio ficam muito acopladas às classes relativas à interface gráfica e ao acesso ao banco de dados.Mais complicado migrar o SSOO de um SGBD para outro.  50  MBA em Engenharia de Software a Distância  ]]></slidetext>
      <animations>
      </animations>
      <waitforuser>false</waitforuser>
      <totalframes>676</totalframes>
      <time>00:00:33</time>
      <transitionmediaurl />
    </slide>
    <slide id="51">
      <transition>
      </transition>
      <width>720</width>
      <height>540</height>
      <transitionurl>
      </transitionurl>
      <embeddedsound>
        <audio onclick="false" type="n" repeat="false" startframe="1" duration="1" />
      </embeddedsound>
      <slidenavigation onclick="true" slideadvmode="true" />
      <fileurl>Slides/slide51.swf</fileurl>
      <slideimage height="150" width="200">Images/slide51_200,150.jpg</slideimage>
      <title><![CDATA[Slide 51]]></title>
      <notes><![CDATA[]]></notes>
      <slidetext><![CDATA[A lógica da aplicação fica desprotegida de eventuais modificações na estrutura do banco de dados.A coesão das classes diminui, porque cada classe deve possuir responsabilidades relativas ao armazenamento e materialização de seus objetos, além de ter responsabilidades inerentes ao negócio.Dificuldades de manutenção e extensão do código fonte praticamente proíbe a utilização desta estratégia em sistemas complexos.  51  MBA em Engenharia de Software a Distância  ]]></slidetext>
      <animations>
      </animations>
      <waitforuser>false</waitforuser>
      <totalframes>717</totalframes>
      <time>00:00:35</time>
      <transitionmediaurl />
    </slide>
    <slide id="52">
      <transition>
      </transition>
      <width>720</width>
      <height>540</height>
      <transitionurl>
      </transitionurl>
      <embeddedsound>
        <audio onclick="false" type="n" repeat="false" startframe="1" duration="1" />
      </embeddedsound>
      <slidenavigation onclick="true" slideadvmode="true" />
      <fileurl>Slides/slide52.swf</fileurl>
      <slideimage height="150" width="200">Images/slide52_200,150.jpg</slideimage>
      <title><![CDATA[Slide 52]]></title>
      <notes><![CDATA[]]></notes>
      <slidetext><![CDATA[Uso de SGBDOO ou SGBDORNa metade dos anos 1980, começou-se a falar em um novo modelo para SGBDs, o orientado a objetos.Nesse modelo, em vez de tabelas, os conceitos principais eram classes e objetos.No início da década de 1990, foram criados alguns produtos comerciais de sistemas de gerência de bancos de dados orientados a objetos (SGBDOO).  52  MBA em Engenharia de Software a Distância  ]]></slidetext>
      <animations>
      </animations>
      <waitforuser>false</waitforuser>
      <totalframes>837</totalframes>
      <time>00:00:41</time>
      <transitionmediaurl />
    </slide>
    <slide id="53">
      <transition>
      </transition>
      <width>720</width>
      <height>540</height>
      <transitionurl>
      </transitionurl>
      <embeddedsound>
        <audio onclick="false" type="n" repeat="false" startframe="1" duration="1" />
      </embeddedsound>
      <slidenavigation onclick="true" slideadvmode="true" />
      <fileurl>Slides/slide53.swf</fileurl>
      <slideimage height="150" width="200">Images/slide53_200,150.jpg</slideimage>
      <title><![CDATA[Slide 53]]></title>
      <notes><![CDATA[]]></notes>
      <slidetext><![CDATA[Um SGBDOO permite a definição de estruturas de dados arbitrariamente complexas (classes) no SGBDOO. Nesse modelo, atributos de um objeto podem conter valores de tipos de dados estruturados, diferente do modelo relacional, onde as tabelas só podem armazenar itens atômicos. Também é possível definir hierarquias de herança entre classes.  53  MBA em Engenharia de Software a Distância  ]]></slidetext>
      <animations>
      </animations>
      <waitforuser>false</waitforuser>
      <totalframes>813</totalframes>
      <time>00:00:40</time>
      <transitionmediaurl />
    </slide>
    <slide id="54">
      <transition>
      </transition>
      <width>720</width>
      <height>540</height>
      <transitionurl>
      </transitionurl>
      <embeddedsound>
        <audio onclick="false" type="n" repeat="false" startframe="1" duration="1" />
      </embeddedsound>
      <slidenavigation onclick="true" slideadvmode="true" />
      <fileurl>Slides/slide54.swf</fileurl>
      <slideimage height="150" width="200">Images/slide54_200,150.jpg</slideimage>
      <title><![CDATA[Slide 54]]></title>
      <notes><![CDATA[]]></notes>
      <slidetext><![CDATA[A linguagem de consulta para SGBDOO, OQL (Object Query Language), permite consultar e manipular objetos armazenados em um banco de dados.Também possui extensões para identidade de objetos, objetos complexos, expressões de caminho, chamada de operações e herança.  54  MBA em Engenharia de Software a Distância  ]]></slidetext>
      <animations>
      </animations>
      <waitforuser>false</waitforuser>
      <totalframes>564</totalframes>
      <time>00:00:28</time>
      <transitionmediaurl />
    </slide>
    <slide id="55">
      <transition>
      </transition>
      <width>720</width>
      <height>540</height>
      <transitionurl>
      </transitionurl>
      <embeddedsound>
        <audio onclick="false" type="n" repeat="false" startframe="1" duration="1" />
      </embeddedsound>
      <slidenavigation onclick="true" slideadvmode="true" />
      <fileurl>Slides/slide55.swf</fileurl>
      <slideimage height="150" width="200">Images/slide55_200,150.jpg</slideimage>
      <title><![CDATA[Slide 55]]></title>
      <notes><![CDATA[]]></notes>
      <slidetext><![CDATA[Algumas pessoas pensavam que a tecnologia de SGBDOO suplantaria a velha tecnologia relacional. No entanto, os principais SGBDR começaram a incorporar características de orientação a objetos.Esses SGBD passaram a adotar o modelo de dados objeto-relacional, que é uma extensão do modelo relacional, onde são adicionadas características da orientação a objetos.  55  MBA em Engenharia de Software a Distância  ]]></slidetext>
      <animations>
      </animations>
      <waitforuser>false</waitforuser>
      <totalframes>785</totalframes>
      <time>00:00:39</time>
      <transitionmediaurl />
    </slide>
    <slide id="56">
      <transition>
      </transition>
      <width>720</width>
      <height>540</height>
      <transitionurl>
      </transitionurl>
      <embeddedsound>
        <audio onclick="false" type="n" repeat="false" startframe="1" duration="1" />
      </embeddedsound>
      <slidenavigation onclick="true" slideadvmode="true" />
      <fileurl>Slides/slide56.swf</fileurl>
      <slideimage height="150" width="200">Images/slide56_200,150.jpg</slideimage>
      <title><![CDATA[Slide 56]]></title>
      <notes><![CDATA[]]></notes>
      <slidetext><![CDATA[Hoje em dia os principais SGBD são sistemas de gerência de bancos de dados objeto-relacionais (SGBDOR).Um SGBDOR é também conhecido por SGBD relacional-estendido.  56  MBA em Engenharia de Software a Distância  ]]></slidetext>
      <animations>
      </animations>
      <waitforuser>false</waitforuser>
      <totalframes>542</totalframes>
      <time>00:00:27</time>
      <transitionmediaurl />
    </slide>
    <slide id="57">
      <transition>
      </transition>
      <width>720</width>
      <height>540</height>
      <transitionurl>
      </transitionurl>
      <embeddedsound>
        <audio onclick="false" type="n" repeat="false" startframe="1" duration="1" />
      </embeddedsound>
      <slidenavigation onclick="true" slideadvmode="true" />
      <fileurl>Slides/slide57.swf</fileurl>
      <slideimage height="150" width="200">Images/slide57_200,150.jpg</slideimage>
      <title><![CDATA[Slide 57]]></title>
      <notes><![CDATA[]]></notes>
      <slidetext><![CDATA[Os modelos de dados usados por SGBDOR e SGBDOO são mais adequados para realizar o mapeamento de objetos.Mas, o fato é que existe uma plataforma imensa de sistemas que usam o modelo relacional puro.De fato, existe uma grande resistência em substituir esses sistemas.Isso leva a crer que o mapeamento de objetos para o modelo relacional ainda irá durar por muitos anos.  57  MBA em Engenharia de Software a Distância  ]]></slidetext>
      <animations>
      </animations>
      <waitforuser>false</waitforuser>
      <totalframes>704</totalframes>
      <time>00:00:35</time>
      <transitionmediaurl />
    </slide>
    <slide id="58">
      <transition>
      </transition>
      <width>720</width>
      <height>540</height>
      <transitionurl>
      </transitionurl>
      <embeddedsound>
        <audio onclick="false" type="n" repeat="false" startframe="1" duration="1" />
      </embeddedsound>
      <slidenavigation onclick="true" slideadvmode="true" />
      <fileurl>Slides/slide58.swf</fileurl>
      <slideimage height="150" width="200">Images/slide58_200,150.jpg</slideimage>
      <title><![CDATA[Slide 58]]></title>
      <notes><![CDATA[]]></notes>
      <slidetext><![CDATA[Uso do padrão DAOO padrão DAO é uma forma de desacoplar as classes do negócio dos aspectos relativos ao acesso ao armazenamento persistente.Nessa estratégia, um SSOO obtém acesso a objetos de negócio através de uma interface, a chamada interface DAO.Classes que implementam essa interface transformam informações provenientes do mecanismo de armazenamento em objetos de negócio, e vice-versa.  58  MBA em Engenharia de Software a Distância  ]]></slidetext>
      <animations>
      </animations>
      <waitforuser>false</waitforuser>
      <totalframes>877</totalframes>
      <time>00:00:43</time>
      <transitionmediaurl />
    </slide>
    <slide id="59">
      <transition>
      </transition>
      <width>720</width>
      <height>540</height>
      <transitionurl>
      </transitionurl>
      <embeddedsound>
        <audio onclick="false" type="n" repeat="false" startframe="1" duration="1" />
      </embeddedsound>
      <slidenavigation onclick="true" slideadvmode="true" />
      <fileurl>Slides/slide59.swf</fileurl>
      <slideimage height="150" width="200">Images/slide59_200,150.jpg</slideimage>
      <title><![CDATA[Slide 59]]></title>
      <notes><![CDATA[]]></notes>
      <slidetext><![CDATA[O SSOO interage com o objeto DAO através de uma interface.A implementação desse objeto simplesmente não faz diferença para a aplicação.O objeto DAO isola completamente os seus clientes das particularidades do mecanismo de armazenamento (fonte de dados) sendo utilizado.  59  MBA em Engenharia de Software a Distância  ]]></slidetext>
      <animations>
      </animations>
      <waitforuser>false</waitforuser>
      <totalframes>596</totalframes>
      <time>00:00:29</time>
      <transitionmediaurl />
    </slide>
    <slide id="60">
      <transition>
      </transition>
      <width>720</width>
      <height>540</height>
      <transitionurl>
      </transitionurl>
      <embeddedsound>
        <audio onclick="false" type="n" repeat="false" startframe="1" duration="1" />
      </embeddedsound>
      <slidenavigation onclick="true" slideadvmode="true" />
      <fileurl>Slides/slide60.swf</fileurl>
      <slideimage height="150" width="200">Images/slide60_200,150.jpg</slideimage>
      <title><![CDATA[Slide 60]]></title>
      <notes><![CDATA[]]></notes>
      <slidetext><![CDATA[Uso de um framework ORMUm framework ORM é um conjunto de classes que realiza o mapeamento objeto-relacional de forma transparente.ORM: Object-Relational Mapping (mapeamento objeto-relacional).Os frameworks ORM tentam resolver o problema do mapeamento objeto relacional através de classes que o realizam de forma transparente.  60  MBA em Engenharia de Software a Distância  ]]></slidetext>
      <animations>
      </animations>
      <waitforuser>false</waitforuser>
      <totalframes>565</totalframes>
      <time>00:00:28</time>
      <transitionmediaurl />
    </slide>
    <slide id="61">
      <transition>
      </transition>
      <width>720</width>
      <height>540</height>
      <transitionurl>
      </transitionurl>
      <embeddedsound>
        <audio onclick="false" type="n" repeat="false" startframe="1" duration="1" />
      </embeddedsound>
      <slidenavigation onclick="true" slideadvmode="true" />
      <fileurl>Slides/slide61.swf</fileurl>
      <slideimage height="150" width="200">Images/slide61_200,150.jpg</slideimage>
      <title><![CDATA[Slide 61]]></title>
      <notes><![CDATA[]]></notes>
      <slidetext><![CDATA[Normalmente, um framework ORM demanda a definição da correspondência entre a estrutura de objetos da aplicação e o esquema relacional do banco de dados.Essa correspondência é fornecida através de um arquivo de configuração, denominado arquivo de mapeamento.De posse dessa correspondência, o framework está apto a mapear qualquer requisição por uma informação armazenada no SGBDR.  61  MBA em Engenharia de Software a Distância  ]]></slidetext>
      <animations>
      </animations>
      <waitforuser>false</waitforuser>
      <totalframes>701</totalframes>
      <time>00:00:35</time>
      <transitionmediaurl />
    </slide>
  </slides>
</presentation>