﻿<?xml version="1.0" encoding="UTF-8"?>
<presentation>
  <properties>
    <title><![CDATA[Verificacao Validacao e Teste de software_aula6]]></title>
    <creationdate>19/11/2009 15:30:34</creationdate>
    <audio>on</audio>
    <navigationonclick>false</navigationonclick>
    <animations>true</animations>
    <transitions>false</transitions>
    <sdkversion>07</sdkversion>
    <release>1.1</release>
    <soundacrossslides>false</soundacrossslides>
    <defaulturl>Slides/default_0.swf</defaulturl>
    <video>
    </video>
    <templatecolor>Silver</templatecolor>
    <layout>E-Learning Standard</layout>
    <presentertitle><![CDATA[]]></presentertitle>
    <presentername><![CDATA[]]></presentername>
    <presentercompany><![CDATA[]]></presentercompany>
    <presenteremail><![CDATA[]]></presenteremail>
    <presentationtitle>Verificacao Validacao e Teste de software_aula6</presentationtitle>
    <powerpointfile>Verificacao Validacao e Teste de software_aula6.ppt</powerpointfile>
    <presentationdescription><![CDATA[]]></presentationdescription>
    <presentationkeywords>Automatização de Teste,Teste Manual x Teste Automatizado,Teste Manual,Teste Automatizado,Classificação das Ferramentas,Tipo de Ferramenta,Como Escolher uma Ferramenta?</presentationkeywords>
    <audioquality>Medium</audioquality>
    <imagequality>9</imagequality>
    <showslidenotesinoutput>True</showslidenotesinoutput>
    <usenarrations>True</usenarrations>
  </properties>
  <slides>
    <slide id="1">
      <transition>
      </transition>
      <width>720</width>
      <height>540</height>
      <transitionurl>
      </transitionurl>
      <embeddedsound>
        <audio onclick="false" type="n" repeat="false" startframe="1" duration="1" />
      </embeddedsound>
      <slidenavigation onclick="true" slideadvmode="true" />
      <fileurl>Slides/slide1.swf</fileurl>
      <slideimage height="150" width="200">Images/slide1_200,150.jpg</slideimage>
      <title><![CDATA[Slide 1]]></title>
      <notes><![CDATA[]]></notes>
      <slidetext><![CDATA[MBA em Engenharia de Software à Distância  Profª. Cleziana de Freitas CostaCleziana.costa@gmail.com  Verificação, Validação e Teste de Software  ]]></slidetext>
      <animations>
      </animations>
      <waitforuser>false</waitforuser>
      <totalframes>380</totalframes>
      <time>00:00:19</time>
      <transitionmediaurl />
    </slide>
    <slide id="2">
      <transition>5,PixelDissolve,0.5,80,80</transition>
      <width>720</width>
      <height>540</height>
      <transitionurl>
      </transitionurl>
      <embeddedsound>
        <audio onclick="false" type="n" repeat="false" startframe="1" duration="1" />
      </embeddedsound>
      <slidenavigation onclick="true" slideadvmode="true" />
      <fileurl>Slides/slide2.swf</fileurl>
      <slideimage height="150" width="200">Images/slide2_200,150.jpg</slideimage>
      <title><![CDATA[Slide 2]]></title>
      <notes><![CDATA[]]></notes>
      <slidetext><![CDATA[MBA em Engenharia de Software à Distância  Você está aqui!  ]]></slidetext>
      <animations>
      </animations>
      <waitforuser>false</waitforuser>
      <totalframes>258</totalframes>
      <time>00:00:12</time>
      <transitionmediaurl />
    </slide>
    <slide id="3">
      <transition>
      </transition>
      <width>720</width>
      <height>540</height>
      <transitionurl>
      </transitionurl>
      <embeddedsound>
        <audio onclick="false" type="n" repeat="false" startframe="1" duration="1" />
      </embeddedsound>
      <slidenavigation onclick="true" slideadvmode="true" />
      <fileurl>Slides/slide3.swf</fileurl>
      <slideimage height="150" width="200">Images/slide3_200,150.jpg</slideimage>
      <title><![CDATA[Slide 3]]></title>
      <notes><![CDATA[3]]></notes>
      <slidetext><![CDATA[Definir o que é automatização de teste;Conceituar Teste Manual e Teste automatizado;Explicar o que devemos automatizar; Listar os benefícios em utilizar ferramentas de teste;Listar os benefícios com automatização ;Listar as dificuldades com automatização;Classificar as ferramentas de teste;Explicar os tipos de ferramentas;Explicar como implementar uma ferramenta na organização  MBA em Engenharia de Software à Distância  Objetivos da Aula  Profª. Cleziana de Freitas Costa  ]]></slidetext>
      <animations>
      </animations>
      <waitforuser>false</waitforuser>
      <totalframes>740</totalframes>
      <time>00:00:37</time>
      <transitionmediaurl />
    </slide>
    <slide id="4">
      <transition>
      </transition>
      <width>720</width>
      <height>540</height>
      <transitionurl>
      </transitionurl>
      <embeddedsound>
        <audio onclick="false" type="n" repeat="false" startframe="1" duration="1" />
      </embeddedsound>
      <slidenavigation onclick="true" slideadvmode="true" />
      <fileurl>Slides/slide4.swf</fileurl>
      <slideimage height="150" width="200">Images/slide4_200,150.jpg</slideimage>
      <title><![CDATA[Automatização de Teste]]></title>
      <notes><![CDATA[]]></notes>
      <slidetext><![CDATA[Automatização de Teste  O que é Automatização?	Ato ou efeito de tornar automático.[Dicionário Aurélio]  MBA em Engenharia de Software à Distância: Verificação, Validação e Teste de Software  Profª. Cleziana de Freitas Costa  ]]></slidetext>
      <animations>
      </animations>
      <waitforuser>false</waitforuser>
      <totalframes>697</totalframes>
      <time>00:00:34</time>
      <transitionmediaurl />
    </slide>
    <slide id="5">
      <transition>
      </transition>
      <width>720</width>
      <height>540</height>
      <transitionurl>
      </transitionurl>
      <embeddedsound>
        <audio onclick="false" type="n" repeat="false" startframe="1" duration="1" />
      </embeddedsound>
      <slidenavigation onclick="true" slideadvmode="true" />
      <fileurl>Slides/slide5.swf</fileurl>
      <slideimage height="150" width="200">Images/slide5_200,150.jpg</slideimage>
      <title><![CDATA[Automatização de Teste]]></title>
      <notes><![CDATA[]]></notes>
      <slidetext><![CDATA[Automatização de Teste  Automatização de Teste		Com o avanço da tecnologia  e a busca da garantia da qualidade,  empresas buscam automatização  para auxiliarem na produção de software  de qualidade.	Alguns testes são impossíveis de ser realizado sem o uso de uma ferramenta de teste.  Profª. Cleziana de Freitas Costa  ]]></slidetext>
      <animations>
      </animations>
      <waitforuser>false</waitforuser>
      <totalframes>1435</totalframes>
      <time>00:01:11</time>
      <transitionmediaurl />
    </slide>
    <slide id="6">
      <transition>
      </transition>
      <width>720</width>
      <height>540</height>
      <transitionurl>
      </transitionurl>
      <embeddedsound>
        <audio onclick="false" type="n" repeat="false" startframe="1" duration="1" />
      </embeddedsound>
      <slidenavigation onclick="true" slideadvmode="true" />
      <fileurl>Slides/slide6.swf</fileurl>
      <slideimage height="150" width="200">Images/slide6_200,150.jpg</slideimage>
      <title><![CDATA[Teste Manual x Teste Automatizado]]></title>
      <notes><![CDATA[]]></notes>
      <slidetext><![CDATA[Teste Manual x Teste Automatizado  Quando realizamos teste manual e teste automatizado ao mesmo tempo, chamamos de teste hídrido.  Profª. Cleziana de Freitas Costa  ]]></slidetext>
      <animations>
      </animations>
      <waitforuser>false</waitforuser>
      <totalframes>722</totalframes>
      <time>00:00:36</time>
      <transitionmediaurl />
    </slide>
    <slide id="7">
      <transition>
      </transition>
      <width>720</width>
      <height>540</height>
      <transitionurl>
      </transitionurl>
      <embeddedsound>
        <audio onclick="false" type="n" repeat="false" startframe="1" duration="1" />
      </embeddedsound>
      <slidenavigation onclick="true" slideadvmode="true" />
      <fileurl>Slides/slide7.swf</fileurl>
      <slideimage height="150" width="200">Images/slide7_200,150.jpg</slideimage>
      <title><![CDATA[Teste Manual]]></title>
      <notes><![CDATA[]]></notes>
      <slidetext><![CDATA[Teste Manual  A execução do teste manual consiste na reprodução, por uma pessoa, do teste previamente definido e documentado.  Profª. Cleziana de Freitas Costa  ]]></slidetext>
      <animations>
      </animations>
      <waitforuser>false</waitforuser>
      <totalframes>683</totalframes>
      <time>00:00:34</time>
      <transitionmediaurl />
    </slide>
    <slide id="8">
      <transition>
      </transition>
      <width>720</width>
      <height>540</height>
      <transitionurl>
      </transitionurl>
      <embeddedsound>
        <audio onclick="false" type="n" repeat="false" startframe="1" duration="1" />
      </embeddedsound>
      <slidenavigation onclick="true" slideadvmode="true" />
      <fileurl>Slides/slide8.swf</fileurl>
      <slideimage height="150" width="200">Images/slide8_200,150.jpg</slideimage>
      <title><![CDATA[Teste Manual]]></title>
      <notes><![CDATA[]]></notes>
      <slidetext><![CDATA[Teste Manual  Onde  realizar Teste Manual? Testes de Instalação;Teste de Configuração e de Compatibilidade;Teste de Tratamento de Erro e de Recuperação;Teste de Usabilidade;Teste na documentação e help.  Profª. Cleziana de Freitas Costa  ]]></slidetext>
      <animations>
      </animations>
      <waitforuser>false</waitforuser>
      <totalframes>1562</totalframes>
      <time>00:01:18</time>
      <transitionmediaurl />
    </slide>
    <slide id="9">
      <transition>
      </transition>
      <width>720</width>
      <height>540</height>
      <transitionurl>
      </transitionurl>
      <embeddedsound>
        <audio onclick="false" type="n" repeat="false" startframe="1" duration="1" />
      </embeddedsound>
      <slidenavigation onclick="true" slideadvmode="true" />
      <fileurl>Slides/slide9.swf</fileurl>
      <slideimage height="150" width="200">Images/slide9_200,150.jpg</slideimage>
      <title><![CDATA[Teste Automatizado]]></title>
      <notes><![CDATA[]]></notes>
      <slidetext><![CDATA[Teste Automatizado  Teste Automatizado 		A execução do teste automatizado consiste na automação do processo de teste manual, onde scripts de teste devem ser construídos para reproduzir os testes que serão executados automaticamente.  Profª. Cleziana de Freitas Costa  ]]></slidetext>
      <animations>
      </animations>
      <waitforuser>false</waitforuser>
      <totalframes>1058</totalframes>
      <time>00:00:52</time>
      <transitionmediaurl />
    </slide>
    <slide id="10">
      <transition>
      </transition>
      <width>720</width>
      <height>540</height>
      <transitionurl>
      </transitionurl>
      <embeddedsound>
        <audio onclick="false" type="n" repeat="false" startframe="1" duration="1" />
      </embeddedsound>
      <slidenavigation onclick="true" slideadvmode="true" />
      <fileurl>Slides/slide10.swf</fileurl>
      <slideimage height="150" width="200">Images/slide10_200,150.jpg</slideimage>
      <title><![CDATA[Teste Automatizado]]></title>
      <notes><![CDATA[]]></notes>
      <slidetext><![CDATA[Teste Automatizado  Onde realizar Teste Automatizado?Teste Funcionais devem ser automatizados quando são muito repetitivos e demandam um esforço considerável de tempo quando realizados manualmente;Os testes que usarem técnicas de regressão ou de confirmação;Quando se faz uso de testes aleatórios;Testes de carga, volume, capacidade;Teste de Performance e confiabilidade;Quando se faz teste de componentes (unidade) os quais devem ser retestados várias vezes;Podemos automatizar também vários cenários de teste que não sofrem muita intervenção humana  Profª. Cleziana de Freitas Costa  ]]></slidetext>
      <animations>
      </animations>
      <waitforuser>false</waitforuser>
      <totalframes>3510</totalframes>
      <time>00:02:55</time>
      <transitionmediaurl />
    </slide>
    <slide id="11">
      <transition>
      </transition>
      <width>720</width>
      <height>540</height>
      <transitionurl>
      </transitionurl>
      <embeddedsound>
        <audio onclick="false" type="n" repeat="false" startframe="1" duration="1" />
      </embeddedsound>
      <slidenavigation onclick="true" slideadvmode="true" />
      <fileurl>Slides/slide11.swf</fileurl>
      <slideimage height="150" width="200">Images/slide11_200,150.jpg</slideimage>
      <title><![CDATA[Teste Automatizado]]></title>
      <notes><![CDATA[]]></notes>
      <slidetext><![CDATA[Teste Automatizado  Benefícios utilizar ferramentas de testeMelhora a eficiência do teste automatizando as tarefas repetitivas;Melhora a segurança do teste;Maior consistência e possibilidade de repetições dos testesAvaliação dos objetivos do teste.Facilidade do acesso a informações sobre o teste.  Profª. Cleziana de Freitas Costa  ]]></slidetext>
      <animations>
      </animations>
      <waitforuser>false</waitforuser>
      <totalframes>1424</totalframes>
      <time>00:01:11</time>
      <transitionmediaurl />
    </slide>
    <slide id="12">
      <transition>
      </transition>
      <width>720</width>
      <height>540</height>
      <transitionurl>
      </transitionurl>
      <embeddedsound>
        <audio onclick="false" type="n" repeat="false" startframe="1" duration="1" />
      </embeddedsound>
      <slidenavigation onclick="true" slideadvmode="true" />
      <fileurl>Slides/slide12.swf</fileurl>
      <slideimage height="150" width="200">Images/slide12_200,150.jpg</slideimage>
      <title><![CDATA[Teste Automatizado]]></title>
      <notes><![CDATA[]]></notes>
      <slidetext><![CDATA[Teste Automatizado  Benefícios na Automatização		A realização de testes automatizado, além de possibilitar a redução do ciclo de testes, permite: Aumento da cobertura dos testes;Aumento da qualidade dos testes;Reduz trabalhos repetitivos.  Profª. Cleziana de Freitas Costa  ]]></slidetext>
      <animations>
      </animations>
      <waitforuser>false</waitforuser>
      <totalframes>2123</totalframes>
      <time>00:01:46</time>
      <transitionmediaurl />
    </slide>
    <slide id="13">
      <transition>
      </transition>
      <width>720</width>
      <height>540</height>
      <transitionurl>
      </transitionurl>
      <embeddedsound>
        <audio onclick="false" type="n" repeat="false" startframe="1" duration="1" />
      </embeddedsound>
      <slidenavigation onclick="true" slideadvmode="true" />
      <fileurl>Slides/slide13.swf</fileurl>
      <slideimage height="150" width="200">Images/slide13_200,150.jpg</slideimage>
      <title><![CDATA[Teste Automatizado]]></title>
      <notes><![CDATA[]]></notes>
      <slidetext><![CDATA[Teste Automatizado  Quem deve automatizar testes?		 		A  pessoa responsável pelo teste automatizado é chamado automatizador, ele deverá:Entender Programação;Entender Requisitos; 		A qualidade da automação será determinada pela habilidade do profissional automatizador de testes que vai determinar o quão fácil será para adicionar novos testes automatizados, para mantê-los e quais benefícios a automação trará para o produto final.  Profª. Cleziana de Freitas Costa  ]]></slidetext>
      <animations>
      </animations>
      <waitforuser>false</waitforuser>
      <totalframes>2921</totalframes>
      <time>00:02:26</time>
      <transitionmediaurl />
    </slide>
    <slide id="14">
      <transition>
      </transition>
      <width>720</width>
      <height>540</height>
      <transitionurl>
      </transitionurl>
      <embeddedsound>
        <audio onclick="false" type="n" repeat="false" startframe="1" duration="1" />
      </embeddedsound>
      <slidenavigation onclick="true" slideadvmode="true" />
      <fileurl>Slides/slide14.swf</fileurl>
      <slideimage height="150" width="200">Images/slide14_200,150.jpg</slideimage>
      <title><![CDATA[Teste Automatizado]]></title>
      <notes><![CDATA[]]></notes>
      <slidetext><![CDATA[Teste Automatizado  Dificuldades na automação		Automatização não é simplesmente uma gravação de testes funcionais;Automatização requer um investimento grande;Tipos de ferramentas de automação;Licenças / quantidade de usuários das mesmas ferramentas;Hardware gasto na instalação das ferramentas;TreinamentoAutomatizar gasta tempo inicialmente;Manutenção dos scripts de teste;Suporte do fornecedor;  Profª. Cleziana de Freitas Costa  ]]></slidetext>
      <animations>
      </animations>
      <waitforuser>false</waitforuser>
      <totalframes>5617</totalframes>
      <time>00:04:40</time>
      <transitionmediaurl />
    </slide>
    <slide id="15">
      <transition>
      </transition>
      <width>720</width>
      <height>540</height>
      <transitionurl>
      </transitionurl>
      <embeddedsound>
        <audio onclick="false" type="n" repeat="false" startframe="1" duration="1" />
      </embeddedsound>
      <slidenavigation onclick="true" slideadvmode="true" />
      <fileurl>Slides/slide15.swf</fileurl>
      <slideimage height="150" width="200">Images/slide15_200,150.jpg</slideimage>
      <title><![CDATA[Teste Automatizado]]></title>
      <notes><![CDATA[]]></notes>
      <slidetext><![CDATA[Teste Automatizado  Cuidados com ferramentas		Expectativas falsas referentes à ferramenta ;Subestimação do tempo, o custo e esforço necessário para a introdução inicial da ferramenta ;Subestimação do esforço para manter os artefatos de teste gerados pela ferramenta;Confiança excessiva na ferramenta;Conheça os recursos da ferramenta;Testes automatizados não são poderosos.  Profª. Cleziana de Freitas Costa  ]]></slidetext>
      <animations>
      </animations>
      <waitforuser>false</waitforuser>
      <totalframes>3845</totalframes>
      <time>00:03:12</time>
      <transitionmediaurl />
    </slide>
    <slide id="16">
      <transition>
      </transition>
      <width>720</width>
      <height>540</height>
      <transitionurl>
      </transitionurl>
      <embeddedsound>
        <audio onclick="false" type="n" repeat="false" startframe="1" duration="1" />
      </embeddedsound>
      <slidenavigation onclick="true" slideadvmode="true" />
      <fileurl>Slides/slide16.swf</fileurl>
      <slideimage height="150" width="200">Images/slide16_200,150.jpg</slideimage>
      <title><![CDATA[Classificação das Ferramentas]]></title>
      <notes><![CDATA[]]></notes>
      <slidetext><![CDATA[Classificação das Ferramentas    Profª. Cleziana de Freitas Costa  ]]></slidetext>
      <animations>
      </animations>
      <waitforuser>false</waitforuser>
      <totalframes>802</totalframes>
      <time>00:00:40</time>
      <transitionmediaurl />
    </slide>
    <slide id="17">
      <transition>
      </transition>
      <width>720</width>
      <height>540</height>
      <transitionurl>
      </transitionurl>
      <embeddedsound>
        <audio onclick="false" type="n" repeat="false" startframe="1" duration="1" />
      </embeddedsound>
      <slidenavigation onclick="true" slideadvmode="true" />
      <fileurl>Slides/slide17.swf</fileurl>
      <slideimage height="150" width="200">Images/slide17_200,150.jpg</slideimage>
      <title><![CDATA[Tipo de Ferramenta]]></title>
      <notes><![CDATA[]]></notes>
      <slidetext><![CDATA[Tipo de Ferramenta  Tipos de Ferramentas		As ferramentas se aplicam a todas as atividades do teste sobre o ciclo de vida do software. As características são:Dar suporte ao gerenciamento de testes e a suas atividades;Fazer a interface entre as ferramentas de execução, ferramentas de gerenciamento de defeitos e ferramentas de gerenciamento de requisitos.Controle de versão independente ou uma interface com o gerenciador de configuração.Dar suporte a rastreabilidade do teste, resultados, e incidentes aos documentos de origem, como especificação de requisitos.Registrar os resultados e gerar o relatório de progresso do teste.Análise quantitativa, relacionadas aos testes  e aos objetos de teste.  Profª. Cleziana de Freitas Costa  ]]></slidetext>
      <animations>
      </animations>
      <waitforuser>false</waitforuser>
      <totalframes>1401</totalframes>
      <time>00:01:10</time>
      <transitionmediaurl />
    </slide>
    <slide id="18">
      <transition>
      </transition>
      <width>720</width>
      <height>540</height>
      <transitionurl>
      </transitionurl>
      <embeddedsound>
        <audio onclick="false" type="n" repeat="false" startframe="1" duration="1" />
      </embeddedsound>
      <slidenavigation onclick="true" slideadvmode="true" />
      <fileurl>Slides/slide18.swf</fileurl>
      <slideimage height="150" width="200">Images/slide18_200,150.jpg</slideimage>
      <title><![CDATA[Tipo de Ferramenta]]></title>
      <notes><![CDATA[]]></notes>
      <slidetext><![CDATA[Tipo de Ferramenta  Planejamento dos Testes		São ferramentas que apóiam o processo de planejamento dos trabalhos de testes, definindo escopos, abordagens, recursos, agendando reuniões e programando atividades.  Profª. Cleziana de Freitas Costa  ]]></slidetext>
      <animations>
      </animations>
      <waitforuser>false</waitforuser>
      <totalframes>1503</totalframes>
      <time>00:01:15</time>
      <transitionmediaurl />
    </slide>
    <slide id="19">
      <transition>
      </transition>
      <width>720</width>
      <height>540</height>
      <transitionurl>
      </transitionurl>
      <embeddedsound>
        <audio onclick="false" type="n" repeat="false" startframe="1" duration="1" />
      </embeddedsound>
      <slidenavigation onclick="true" slideadvmode="true" />
      <fileurl>Slides/slide19.swf</fileurl>
      <slideimage height="150" width="200">Images/slide19_200,150.jpg</slideimage>
      <title><![CDATA[Tipo de Ferramenta]]></title>
      <notes><![CDATA[]]></notes>
      <slidetext><![CDATA[Tipo de Ferramenta  Planejamento dos Testes  Profª. Cleziana de Freitas Costa  ]]></slidetext>
      <animations>
      </animations>
      <waitforuser>false</waitforuser>
      <totalframes>2787</totalframes>
      <time>00:02:19</time>
      <transitionmediaurl />
    </slide>
    <slide id="20">
      <transition>
      </transition>
      <width>720</width>
      <height>540</height>
      <transitionurl>
      </transitionurl>
      <embeddedsound>
        <audio onclick="false" type="n" repeat="false" startframe="1" duration="1" />
      </embeddedsound>
      <slidenavigation onclick="true" slideadvmode="true" />
      <fileurl>Slides/slide20.swf</fileurl>
      <slideimage height="150" width="200">Images/slide20_200,150.jpg</slideimage>
      <title><![CDATA[Tipo de Ferramenta]]></title>
      <notes><![CDATA[]]></notes>
      <slidetext><![CDATA[Tipo de Ferramenta  Ferramentas de Revisões e Inspeções		Essas ferramentas  auxiliam na elaboração e gerenciamento de checklists a  serem aplicadas, na gestão dos documentos e controles de suas versões, no controle da rastreabilidade entre os documentos e o código fonte.  Profª. Cleziana de Freitas Costa  ]]></slidetext>
      <animations>
      </animations>
      <waitforuser>false</waitforuser>
      <totalframes>914</totalframes>
      <time>00:00:45</time>
      <transitionmediaurl />
    </slide>
    <slide id="21">
      <transition>
      </transition>
      <width>720</width>
      <height>540</height>
      <transitionurl>
      </transitionurl>
      <embeddedsound>
        <audio onclick="false" type="n" repeat="false" startframe="1" duration="1" />
      </embeddedsound>
      <slidenavigation onclick="true" slideadvmode="true" />
      <fileurl>Slides/slide21.swf</fileurl>
      <slideimage height="150" width="200">Images/slide21_200,150.jpg</slideimage>
      <title><![CDATA[Tipo de Ferramenta]]></title>
      <notes><![CDATA[]]></notes>
      <slidetext><![CDATA[Tipo de Ferramenta  Ferramentas de Revisões e Inspeções  Profª. Cleziana de Freitas Costa  ]]></slidetext>
      <animations>
      </animations>
      <waitforuser>false</waitforuser>
      <totalframes>1781</totalframes>
      <time>00:01:29</time>
      <transitionmediaurl />
    </slide>
    <slide id="22">
      <transition>
      </transition>
      <width>720</width>
      <height>540</height>
      <transitionurl>
      </transitionurl>
      <embeddedsound>
        <audio onclick="false" type="n" repeat="false" startframe="1" duration="1" />
      </embeddedsound>
      <slidenavigation onclick="true" slideadvmode="true" />
      <fileurl>Slides/slide22.swf</fileurl>
      <slideimage height="150" width="200">Images/slide22_200,150.jpg</slideimage>
      <title><![CDATA[Tipo de Ferramenta]]></title>
      <notes><![CDATA[]]></notes>
      <slidetext><![CDATA[Tipo de Ferramenta  Ferramentas de Modelagem -  Validam o modelo de software. Ferramentas de Automação - Desenvolvem os scripts automatizados.  Profª. Cleziana de Freitas Costa  ]]></slidetext>
      <animations>
      </animations>
      <waitforuser>false</waitforuser>
      <totalframes>2209</totalframes>
      <time>00:01:50</time>
      <transitionmediaurl />
    </slide>
    <slide id="23">
      <transition>
      </transition>
      <width>720</width>
      <height>540</height>
      <transitionurl>
      </transitionurl>
      <embeddedsound>
        <audio onclick="false" type="n" repeat="false" startframe="1" duration="1" />
      </embeddedsound>
      <slidenavigation onclick="true" slideadvmode="true" />
      <fileurl>Slides/slide23.swf</fileurl>
      <slideimage height="150" width="200">Images/slide23_200,150.jpg</slideimage>
      <title><![CDATA[Tipo de Ferramenta]]></title>
      <notes><![CDATA[]]></notes>
      <slidetext><![CDATA[Tipo de Ferramenta  Modelagem dos dados-  Auxilia no processo de planejamento e construção dos testes. Gerador de Massa de Dados – Gera a massa de dados para testeAutomatizador de Scripts – Automatiza a execução dos testes.  Profª. Cleziana de Freitas Costa  ]]></slidetext>
      <animations>
      </animations>
      <waitforuser>false</waitforuser>
      <totalframes>1938</totalframes>
      <time>00:01:36</time>
      <transitionmediaurl />
    </slide>
    <slide id="24">
      <transition>
      </transition>
      <width>720</width>
      <height>540</height>
      <transitionurl>
      </transitionurl>
      <embeddedsound>
        <audio onclick="false" type="n" repeat="false" startframe="1" duration="1" />
      </embeddedsound>
      <slidenavigation onclick="true" slideadvmode="true" />
      <fileurl>Slides/slide24.swf</fileurl>
      <slideimage height="150" width="200">Images/slide24_200,150.jpg</slideimage>
      <title><![CDATA[Tipo de Ferramenta]]></title>
      <notes><![CDATA[]]></notes>
      <slidetext><![CDATA[Tipo de Ferramenta  Ferramenta de execução e Conferência		Possibilita o gerenciamento e o controle no processo de execução, reexecução e medição dos testes planejamentos.  Profª. Cleziana de Freitas Costa  ]]></slidetext>
      <animations>
      </animations>
      <waitforuser>false</waitforuser>
      <totalframes>2130</totalframes>
      <time>00:01:46</time>
      <transitionmediaurl />
    </slide>
    <slide id="25">
      <transition>
      </transition>
      <width>720</width>
      <height>540</height>
      <transitionurl>
      </transitionurl>
      <embeddedsound>
        <audio onclick="false" type="n" repeat="false" startframe="1" duration="1" />
      </embeddedsound>
      <slidenavigation onclick="true" slideadvmode="true" />
      <fileurl>Slides/slide25.swf</fileurl>
      <slideimage height="150" width="200">Images/slide25_200,150.jpg</slideimage>
      <title><![CDATA[Tipo de Ferramenta]]></title>
      <notes><![CDATA[]]></notes>
      <slidetext><![CDATA[Tipo de Ferramenta  Ferramenta de execução e Conferência  Profª. Cleziana de Freitas Costa  ]]></slidetext>
      <animations>
      </animations>
      <waitforuser>false</waitforuser>
      <totalframes>2062</totalframes>
      <time>00:01:43</time>
      <transitionmediaurl />
    </slide>
    <slide id="26">
      <transition>
      </transition>
      <width>720</width>
      <height>540</height>
      <transitionurl>
      </transitionurl>
      <embeddedsound>
        <audio onclick="false" type="n" repeat="false" startframe="1" duration="1" />
      </embeddedsound>
      <slidenavigation onclick="true" slideadvmode="true" />
      <fileurl>Slides/slide26.swf</fileurl>
      <slideimage height="150" width="200">Images/slide26_200,150.jpg</slideimage>
      <title><![CDATA[Tipo de Ferramenta]]></title>
      <notes><![CDATA[]]></notes>
      <slidetext><![CDATA[Tipo de Ferramenta  Ferramenta de Suporte aos Testes		Apóiam atividade não ligadas diretamente ao processo de testes, mas garantem que determinados itens fundamentais desse processo estão sendo bem gerenciados.  Profª. Cleziana de Freitas Costa  ]]></slidetext>
      <animations>
      </animations>
      <waitforuser>false</waitforuser>
      <totalframes>451</totalframes>
      <time>00:00:22</time>
      <transitionmediaurl />
    </slide>
    <slide id="27">
      <transition>
      </transition>
      <width>720</width>
      <height>540</height>
      <transitionurl>
      </transitionurl>
      <embeddedsound>
        <audio onclick="false" type="n" repeat="false" startframe="1" duration="1" />
      </embeddedsound>
      <slidenavigation onclick="true" slideadvmode="true" />
      <fileurl>Slides/slide27.swf</fileurl>
      <slideimage height="150" width="200">Images/slide27_200,150.jpg</slideimage>
      <title><![CDATA[Tipo de Ferramenta]]></title>
      <notes><![CDATA[]]></notes>
      <slidetext><![CDATA[Tipo de Ferramenta  Ferramenta de Suporte aos Testes  Profª. Cleziana de Freitas Costa  ]]></slidetext>
      <animations>
      </animations>
      <waitforuser>false</waitforuser>
      <totalframes>1906</totalframes>
      <time>00:01:35</time>
      <transitionmediaurl />
    </slide>
    <slide id="28">
      <transition>
      </transition>
      <width>720</width>
      <height>540</height>
      <transitionurl>
      </transitionurl>
      <embeddedsound>
        <audio onclick="false" type="n" repeat="false" startframe="1" duration="1" />
      </embeddedsound>
      <slidenavigation onclick="true" slideadvmode="true" />
      <fileurl>Slides/slide28.swf</fileurl>
      <slideimage height="150" width="200">Images/slide28_200,150.jpg</slideimage>
      <title><![CDATA[Como Escolher uma Ferramenta?]]></title>
      <notes><![CDATA[]]></notes>
      <slidetext><![CDATA[Como Escolher uma Ferramenta?  A seleção da ferramenta de automação de testes e os tipos de teste que deverão ser automatizado ou não, deve ser analisada de forma clara, porque dependendo das técnicas de teste utilizadas, veremos que o retorno de investimento pode ser positivo ou negativo. Cuidado com os projetos de automatização da empresa.  Profª. Cleziana de Freitas Costa  ]]></slidetext>
      <animations>
      </animations>
      <waitforuser>false</waitforuser>
      <totalframes>1292</totalframes>
      <time>00:01:04</time>
      <transitionmediaurl />
    </slide>
    <slide id="29">
      <transition>
      </transition>
      <width>720</width>
      <height>540</height>
      <transitionurl>
      </transitionurl>
      <embeddedsound>
        <audio onclick="false" type="n" repeat="false" startframe="1" duration="1" />
      </embeddedsound>
      <slidenavigation onclick="true" slideadvmode="true" />
      <fileurl>Slides/slide29.swf</fileurl>
      <slideimage height="150" width="200">Images/slide29_200,150.jpg</slideimage>
      <title><![CDATA[Como Escolher uma Ferramenta?]]></title>
      <notes><![CDATA[]]></notes>
      <slidetext><![CDATA[Como Escolher uma Ferramenta?  Princípios para introduzir uma ferramenta:Avaliação da maturidade da organização; Avaliação frente a requisitos claros e os critérios objetivos;A prova de conceito para avaliar a funcionalidade e determinar se a ferramenta atende os objetivos. Avaliação do fornecedor (incluindo treinamento, suporte e aspectos comerciais).Verificar o que já temos e que iremos precisar para utilizar uma ferramenta.  Profª. Cleziana de Freitas Costa  ]]></slidetext>
      <animations>
      </animations>
      <waitforuser>false</waitforuser>
      <totalframes>1082</totalframes>
      <time>00:00:54</time>
      <transitionmediaurl />
    </slide>
    <slide id="30">
      <transition>
      </transition>
      <width>720</width>
      <height>540</height>
      <transitionurl>
      </transitionurl>
      <embeddedsound>
        <audio onclick="false" type="n" repeat="false" startframe="1" duration="1" />
      </embeddedsound>
      <slidenavigation onclick="true" slideadvmode="true" />
      <fileurl>Slides/slide30.swf</fileurl>
      <slideimage height="150" width="200">Images/slide30_200,150.jpg</slideimage>
      <title><![CDATA[Como Escolher uma Ferramenta?]]></title>
      <notes><![CDATA[]]></notes>
      <slidetext><![CDATA[Como Escolher uma Ferramenta?  Para escolher a ferramenta certa devemos saber:Quem vai usar a ferramenta, qual o seu propósito e quais problemas essa ferramenta vai nos ajudar a resolver?Que tipo de processo a ferramenta necessita dar suporte e, havendo mudanças no processo, a ferramenta pode facilmente ser adequada?Que funcionalidades a ferramenta precisa ter; que relatórios devem ser extraídos?Quem deve ter acesso à ferramenta e que nível de controle de acesso e administração é necessário?Que tipo de interface com o usuário é necessária? Com quais plataformas a ferramenta precisa ser compatível? Com que outras ferramentas ela deverá se integrar?Qual o orçamento e tempo disponíveis para aquisição e  manutenção?  Profª. Cleziana de Freitas Costa  ]]></slidetext>
      <animations>
      </animations>
      <waitforuser>false</waitforuser>
      <totalframes>1683</totalframes>
      <time>00:01:24</time>
      <transitionmediaurl />
    </slide>
    <slide id="31">
      <transition>
      </transition>
      <width>720</width>
      <height>540</height>
      <transitionurl>
      </transitionurl>
      <embeddedsound>
        <audio onclick="false" type="n" repeat="false" startframe="1" duration="1" />
      </embeddedsound>
      <slidenavigation onclick="true" slideadvmode="true" />
      <fileurl>Slides/slide31.swf</fileurl>
      <slideimage height="150" width="200">Images/slide31_200,150.jpg</slideimage>
      <title><![CDATA[Como Escolher uma Ferramenta?]]></title>
      <notes><![CDATA[]]></notes>
      <slidetext><![CDATA[Como Escolher uma Ferramenta?  Dica: Antes de comprar a ferramenta é interessante um projeto piloto para:Aprender mais detalhes sobre a ferramenta.Ver como a ferramenta poderá se adequar aos processos e práticas e como necessitariam mudar.Decidir as formas e padrões de uso, gerenciamento, arquivamento e manutenção da ferramenta e artefatos de testes.Estimar se os benefícios serão atingidos a um custo razoável.  Profª. Cleziana de Freitas Costa  ]]></slidetext>
      <animations>
      </animations>
      <waitforuser>false</waitforuser>
      <totalframes>1710</totalframes>
      <time>00:01:25</time>
      <transitionmediaurl />
    </slide>
    <slide id="32">
      <transition>
      </transition>
      <width>720</width>
      <height>540</height>
      <transitionurl>
      </transitionurl>
      <embeddedsound>
        <audio onclick="false" type="n" repeat="false" startframe="1" duration="1" />
      </embeddedsound>
      <slidenavigation onclick="true" slideadvmode="true" />
      <fileurl>Slides/slide32.swf</fileurl>
      <slideimage height="150" width="200">Images/slide32_200,150.jpg</slideimage>
      <title><![CDATA[Como Escolher uma Ferramenta?]]></title>
      <notes><![CDATA[]]></notes>
      <slidetext><![CDATA[Como Escolher uma Ferramenta?  Lembramos que a melhor ferramenta é aquela que  melhor se adaptar à empresa no que se refere a preço, recursos, adequação e suporte. Cada empresa escolherá o que for melhor para si.  Profª. Cleziana de Freitas Costa  ]]></slidetext>
      <animations>
      </animations>
      <waitforuser>false</waitforuser>
      <totalframes>696</totalframes>
      <time>00:00:34</time>
      <transitionmediaurl />
    </slide>
    <slide id="33">
      <transition>
      </transition>
      <width>720</width>
      <height>540</height>
      <transitionurl>
      </transitionurl>
      <embeddedsound>
        <audio onclick="false" type="n" repeat="false" startframe="1" duration="1" />
      </embeddedsound>
      <slidenavigation onclick="true" slideadvmode="true" />
      <fileurl>Slides/slide33.swf</fileurl>
      <slideimage height="150" width="200">Images/slide33_200,150.jpg</slideimage>
      <title><![CDATA[Slide 33]]></title>
      <notes><![CDATA[33]]></notes>
      <slidetext><![CDATA[MBA em Engenharia de Software à DistânciaGarantia da Qualidade de Software: As melhores práticas de engenharia de software aplicadas à sua empresa – Alexandre Bartié;Syllabus, versão 2007br - Comissão Internacional para Qualificação de Teste de Software; Testes Funcionais de Software – Leonardo Molinari;Teste de Software – Leonardo Molinari.Alexandre Bartié  Profª. Cleziana de Freitas Costa  ]]></slidetext>
      <animations>
      </animations>
      <waitforuser>false</waitforuser>
      <totalframes>412</totalframes>
      <time>00:00:20</time>
      <transitionmediaurl />
    </slide>
    <slide id="34">
      <transition>
      </transition>
      <width>720</width>
      <height>540</height>
      <transitionurl>
      </transitionurl>
      <embeddedsound>
        <audio onclick="false" type="n" repeat="false" startframe="1" duration="1" />
      </embeddedsound>
      <slidenavigation onclick="true" slideadvmode="true" />
      <fileurl>Slides/slide34.swf</fileurl>
      <slideimage height="150" width="200">Images/slide34_200,150.jpg</slideimage>
      <title><![CDATA[Slide 34]]></title>
      <notes><![CDATA[]]></notes>
      <slidetext><![CDATA[Parabéns!Até Mais!  MBA em Engenharia de Software à Distância  Profª. Cleziana de Freitas Costa  ]]></slidetext>
      <animations>
      </animations>
      <waitforuser>false</waitforuser>
      <totalframes>404</totalframes>
      <time>00:00:20</time>
      <transitionmediaurl />
    </slide>
  </slides>
</presentation>