﻿<?xml version="1.0" encoding="UTF-8"?>
<presentation>
  <properties>
    <title><![CDATA[Aula10]]></title>
    <creationdate>26/07/2012 22:31:11</creationdate>
    <audio>on</audio>
    <navigationonclick>false</navigationonclick>
    <animations>true</animations>
    <transitions>false</transitions>
    <sdkversion>07</sdkversion>
    <release>1.1</release>
    <soundacrossslides>false</soundacrossslides>
    <defaulturl>Slides/default_0.swf</defaulturl>
    <video>
    </video>
    <templatecolor>Silver</templatecolor>
    <layout>E-Learning Standard</layout>
    <presentertitle><![CDATA[]]></presentertitle>
    <presentername><![CDATA[]]></presentername>
    <presentercompany><![CDATA[]]></presentercompany>
    <presenteremail><![CDATA[]]></presenteremail>
    <presentationtitle>Aula10</presentationtitle>
    <powerpointfile>Aula10.ppt</powerpointfile>
    <presentationdescription><![CDATA[]]></presentationdescription>
    <presentationkeywords>
    </presentationkeywords>
    <audioquality>Medium</audioquality>
    <imagequality>9</imagequality>
    <showslidenotesinoutput>True</showslidenotesinoutput>
    <usenarrations>True</usenarrations>
  </properties>
  <slides>
    <slide id="1">
      <transition>
      </transition>
      <width>720</width>
      <height>540</height>
      <transitionurl>
      </transitionurl>
      <embeddedsound />
      <slidenavigation onclick="true" slideadvmode="true" />
      <fileurl>Slides/slide1.swf</fileurl>
      <slideimage height="150" width="200">Images/slide1_200,150.jpg</slideimage>
      <title><![CDATA[Slide 1]]></title>
      <notes><![CDATA[]]></notes>
      <slidetext><![CDATA[Disciplina: Análise e Projeto Orientado a Objetos: UML  Professora MSc. Edna Dias Canedoedna.canedo@gmail.com  MBA em Engenharia de Software a Distância  ]]></slidetext>
      <waitforuser>false</waitforuser>
      <totalframes>444</totalframes>
      <time>00:00:22</time>
      <transitionmediaurl />
    </slide>
    <slide id="2">
      <transition>
      </transition>
      <width>720</width>
      <height>540</height>
      <transitionurl>
      </transitionurl>
      <embeddedsound>
        <audio onclick="false" type="n" repeat="false" startframe="1" duration="1" />
      </embeddedsound>
      <slidenavigation onclick="true" slideadvmode="true" />
      <fileurl>Slides/slide2.swf</fileurl>
      <slideimage height="150" width="200">Images/slide2_200,150.jpg</slideimage>
      <title><![CDATA[Slide 2]]></title>
      <notes><![CDATA[]]></notes>
      <slidetext><![CDATA[Arquitetura do sistemaEm um SSOO, os objetos interagem entre si através do envio de mensagens com o objetivo de executar suas tarefas.Um SSOO também pode ser visto como um conjunto de subsistemas que o compõem.A definição dos subsistemas de um SSOO é feita no projeto da arquitetura ou projeto arquitetural.  2  MBA em Engenharia de Software a Distância  ]]></slidetext>
      <animations>
      </animations>
      <waitforuser>false</waitforuser>
      <totalframes>747</totalframes>
      <time>00:00:37</time>
      <transitionmediaurl />
    </slide>
    <slide id="3">
      <transition>
      </transition>
      <width>720</width>
      <height>540</height>
      <transitionurl>
      </transitionurl>
      <embeddedsound>
        <audio onclick="false" type="n" repeat="false" startframe="1" duration="1" />
      </embeddedsound>
      <slidenavigation onclick="true" slideadvmode="true" />
      <fileurl>Slides/slide3.swf</fileurl>
      <slideimage height="150" width="200">Images/slide3_200,150.jpg</slideimage>
      <title><![CDATA[Slide 3]]></title>
      <notes><![CDATA[]]></notes>
      <slidetext><![CDATA[Essa atividade define de que forma o sistema se divide em partes e quais são as interfaces entre essas partes.Vantagens de dividir um SSOO em subsistemas: produzir unidades menores de desenvolvimento; maximizar o reuso no nível de subsistemas componentes; ajuda a gerenciar a complexidade no desenvolvimento.  3  MBA em Engenharia de Software a Distância  ]]></slidetext>
      <animations>
      </animations>
      <waitforuser>false</waitforuser>
      <totalframes>602</totalframes>
      <time>00:00:30</time>
      <transitionmediaurl />
    </slide>
    <slide id="4">
      <transition>
      </transition>
      <width>720</width>
      <height>540</height>
      <transitionurl>
      </transitionurl>
      <embeddedsound>
        <audio onclick="false" type="n" repeat="false" startframe="1" duration="1" />
      </embeddedsound>
      <slidenavigation onclick="true" slideadvmode="true" />
      <fileurl>Slides/slide4.swf</fileurl>
      <slideimage height="150" width="200">Images/slide4_200,150.jpg</slideimage>
      <title><![CDATA[Slide 4]]></title>
      <notes><![CDATA[4]]></notes>
      <slidetext><![CDATA[Questões relacionadas à arquitetura de um sistema:Como um sistema é decomposto em subsistemas, e como as suas classes são dispostas pelos diversos subsistemas?Como subsistemas devem ser dispostos fisicamente quando o sistema tiver de ser implantado? (nós de processamento)  4  MBA em Engenharia de Software a Distância  ]]></slidetext>
      <animations>
      </animations>
      <waitforuser>false</waitforuser>
      <totalframes>483</totalframes>
      <time>00:00:24</time>
      <transitionmediaurl />
    </slide>
    <slide id="5">
      <transition>
      </transition>
      <width>720</width>
      <height>540</height>
      <transitionurl>
      </transitionurl>
      <embeddedsound>
        <audio onclick="false" type="n" repeat="false" startframe="1" duration="1" />
      </embeddedsound>
      <slidenavigation onclick="true" slideadvmode="true" />
      <fileurl>Slides/slide5.swf</fileurl>
      <slideimage height="150" width="200">Images/slide5_200,150.jpg</slideimage>
      <title><![CDATA[Slide 5]]></title>
      <notes><![CDATA[5]]></notes>
      <slidetext><![CDATA[De acordo com a especificação da UML: “Arquitetura de software é a estrutura organizacional do software. Uma arquitetura pode ser recursivamente decomposta em partes que interagem através de interfaces.”As decisões tomadas para a definição da arquitetura de software influenciam diretamente na forma como um SSOO irá atender a seus requisitos não-funcionais.  5  MBA em Engenharia de Software a Distância  ]]></slidetext>
      <animations>
      </animations>
      <waitforuser>false</waitforuser>
      <totalframes>670</totalframes>
      <time>00:00:33</time>
      <transitionmediaurl />
    </slide>
    <slide id="6">
      <transition>
      </transition>
      <width>720</width>
      <height>540</height>
      <transitionurl>
      </transitionurl>
      <embeddedsound>
        <audio onclick="false" type="n" repeat="false" startframe="1" duration="1" />
      </embeddedsound>
      <slidenavigation onclick="true" slideadvmode="true" />
      <fileurl>Slides/slide6.swf</fileurl>
      <slideimage height="150" width="200">Images/slide6_200,150.jpg</slideimage>
      <title><![CDATA[Slide 6]]></title>
      <notes><![CDATA[]]></notes>
      <slidetext><![CDATA[Arquitetura lógicaChamamos de arquitetura lógica à organização das classes de um SSOO em subsistemas, que correspondem a aglomerados de classes. Um subsistema provê serviços para outros através de sua interface.A interface de um subsistema corresponde ao conjunto de serviços que ele provê.  6  MBA em Engenharia de Software a Distância  ]]></slidetext>
      <animations>
      </animations>
      <waitforuser>false</waitforuser>
      <totalframes>816</totalframes>
      <time>00:00:40</time>
      <transitionmediaurl />
    </slide>
    <slide id="7">
      <transition>
      </transition>
      <width>720</width>
      <height>540</height>
      <transitionurl>
      </transitionurl>
      <embeddedsound>
        <audio onclick="false" type="n" repeat="false" startframe="1" duration="1" />
      </embeddedsound>
      <slidenavigation onclick="true" slideadvmode="true" />
      <fileurl>Slides/slide7.swf</fileurl>
      <slideimage height="150" width="200">Images/slide7_200,150.jpg</slideimage>
      <title><![CDATA[Slide 7]]></title>
      <notes><![CDATA[]]></notes>
      <slidetext><![CDATA[Diagrama de subsistemasUma visão gráfica dos diversos componentes de um SSOO pode ser representada por um diagrama de subsistemas.Um diagrama de susbistemas é um diagrama de pacotes, onde cada pacote representa um subsistemaCada subsistema é rotulado com o estereótipo <<subsystem>>.  7  MBA em Engenharia de Software a Distância  ]]></slidetext>
      <animations>
      </animations>
      <waitforuser>false</waitforuser>
      <totalframes>509</totalframes>
      <time>00:00:25</time>
      <transitionmediaurl />
    </slide>
    <slide id="8">
      <transition>
      </transition>
      <width>720</width>
      <height>540</height>
      <transitionurl>
      </transitionurl>
      <embeddedsound>
        <audio onclick="false" type="n" repeat="false" startframe="1" duration="1" />
      </embeddedsound>
      <slidenavigation onclick="true" slideadvmode="true" />
      <fileurl>Slides/slide8.swf</fileurl>
      <slideimage height="150" width="200">Images/slide8_200,150.jpg</slideimage>
      <title><![CDATA[Slide 8]]></title>
      <notes><![CDATA[]]></notes>
      <slidetext><![CDATA[Alocação de classes a subsistemasDurante o desenvolvimento de um SSOO, seus subsistemas devem ser identificados, juntamente com as interfaces entre eles. Cada classe do sistema é, então, alocada aos subsistemas. Uma vez feito isso, esses subsistemas podem ser desenvolvidos quase que de forma independente uns dos outros.  8  MBA em Engenharia de Software a Distância  ]]></slidetext>
      <animations>
      </animations>
      <waitforuser>false</waitforuser>
      <totalframes>615</totalframes>
      <time>00:00:30</time>
      <transitionmediaurl />
    </slide>
    <slide id="9">
      <transition>
      </transition>
      <width>720</width>
      <height>540</height>
      <transitionurl>
      </transitionurl>
      <embeddedsound>
        <audio onclick="false" type="n" repeat="false" startframe="1" duration="1" />
      </embeddedsound>
      <slidenavigation onclick="true" slideadvmode="true" />
      <fileurl>Slides/slide9.swf</fileurl>
      <slideimage height="150" width="200">Images/slide9_200,150.jpg</slideimage>
      <title><![CDATA[Slide 9]]></title>
      <notes><![CDATA[]]></notes>
      <slidetext><![CDATA[A seguir, são descritas algumas dicas que podem ser utilizadas para realizar a alocação de classes a subsistemas.Modelo de classes de domínio:Classes devem ser agrupadas segundo algum critério para formar subsistemas.  9  MBA em Engenharia de Software a Distância  ]]></slidetext>
      <animations>
      </animations>
      <waitforuser>false</waitforuser>
      <totalframes>630</totalframes>
      <time>00:00:31</time>
      <transitionmediaurl />
    </slide>
    <slide id="10">
      <transition>
      </transition>
      <width>720</width>
      <height>540</height>
      <transitionurl>
      </transitionurl>
      <embeddedsound>
        <audio onclick="false" type="n" repeat="false" startframe="1" duration="1" />
      </embeddedsound>
      <slidenavigation onclick="true" slideadvmode="true" />
      <fileurl>Slides/slide10.swf</fileurl>
      <slideimage height="150" width="200">Images/slide10_200,150.jpg</slideimage>
      <title><![CDATA[Slide 10]]></title>
      <notes><![CDATA[]]></notes>
      <slidetext><![CDATA[Um critério de agrupamento possível:Para cada uma dessas classes, um subsistema é criado.Outras classes menos importantes e relacionadas a uma classe considerada importante são posicionadas no subsistema desta última.  10  MBA em Engenharia de Software a Distância  ]]></slidetext>
      <animations>
      </animations>
      <waitforuser>false</waitforuser>
      <totalframes>614</totalframes>
      <time>00:00:30</time>
      <transitionmediaurl />
    </slide>
    <slide id="11">
      <transition>
      </transition>
      <width>720</width>
      <height>540</height>
      <transitionurl>
      </transitionurl>
      <embeddedsound>
        <audio onclick="false" type="n" repeat="false" startframe="1" duration="1" />
      </embeddedsound>
      <slidenavigation onclick="true" slideadvmode="true" />
      <fileurl>Slides/slide11.swf</fileurl>
      <slideimage height="150" width="200">Images/slide11_200,150.jpg</slideimage>
      <title><![CDATA[Slide 11]]></title>
      <notes><![CDATA[]]></notes>
      <slidetext><![CDATA[Por outro lado, na fase de projeto:Algumas das classes do modelo de domínio podem sofrer decomposições adicionais, o que resulta em novas classes.Pode ser que uma classe de domínio seja ela própria um subsistema.Quando essas classes forem criadas, elas são adicionadas aos subsistemas pré-definidos.  11  MBA em Engenharia de Software a Distância  ]]></slidetext>
      <animations>
      </animations>
      <waitforuser>false</waitforuser>
      <totalframes>540</totalframes>
      <time>00:00:27</time>
      <transitionmediaurl />
    </slide>
    <slide id="12">
      <transition>
      </transition>
      <width>720</width>
      <height>540</height>
      <transitionurl>
      </transitionurl>
      <embeddedsound>
        <audio onclick="false" type="n" repeat="false" startframe="1" duration="1" />
      </embeddedsound>
      <slidenavigation onclick="true" slideadvmode="true" />
      <fileurl>Slides/slide12.swf</fileurl>
      <slideimage height="150" width="200">Images/slide12_200,150.jpg</slideimage>
      <title><![CDATA[Slide 12]]></title>
      <notes><![CDATA[]]></notes>
      <slidetext><![CDATA[Subsistemas devem ser minimamente acoplados.Subsistemas devem ser maximamente coesivos.Dependências cíclicas entre subsistemas devem ser evitadas.Uma classe deve ser definida em um único subsistema (embora possa ser utilizada em vários).  12  MBA em Engenharia de Software a Distância  ]]></slidetext>
      <animations>
      </animations>
      <waitforuser>false</waitforuser>
      <totalframes>963</totalframes>
      <time>00:00:48</time>
      <transitionmediaurl />
    </slide>
    <slide id="13">
      <transition>
      </transition>
      <width>720</width>
      <height>540</height>
      <transitionurl>
      </transitionurl>
      <embeddedsound>
        <audio onclick="false" type="n" repeat="false" startframe="1" duration="1" />
      </embeddedsound>
      <slidenavigation onclick="true" slideadvmode="true" />
      <fileurl>Slides/slide13.swf</fileurl>
      <slideimage height="150" width="200">Images/slide13_200,150.jpg</slideimage>
      <title><![CDATA[Slide 13]]></title>
      <notes><![CDATA[]]></notes>
      <slidetext><![CDATA[Camadas de SoftwareDizemos que dois subsistemas interagem quando um precisa dos serviços do outro.Há basicamente duas formas de interação entre subsistemas: ponto a ponto: na arquitetura ponto a ponto, a comunicação pode acontecer em duas vias.  13  MBA em Engenharia de Software a Distância  ]]></slidetext>
      <animations>
      </animations>
      <waitforuser>false</waitforuser>
      <totalframes>471</totalframes>
      <time>00:00:23</time>
      <transitionmediaurl />
    </slide>
    <slide id="14">
      <transition>
      </transition>
      <width>720</width>
      <height>540</height>
      <transitionurl>
      </transitionurl>
      <embeddedsound>
        <audio onclick="false" type="n" repeat="false" startframe="1" duration="1" />
      </embeddedsound>
      <slidenavigation onclick="true" slideadvmode="true" />
      <fileurl>Slides/slide14.swf</fileurl>
      <slideimage height="150" width="200">Images/slide14_200,150.jpg</slideimage>
      <title><![CDATA[Slide 14]]></title>
      <notes><![CDATA[]]></notes>
      <slidetext><![CDATA[cliente-servidor: há a comunicação somente em uma via entre dois subsistemas, do cliente para o servidor. Nessa arquitetura, chamamos de camadas os subsistemas envolvidos. Essas formas de interação entre subsistemas influenciam o modo pelo qual os subsistemas são distribuídos fisicamente pelos nós de processamento.  14  MBA em Engenharia de Software a Distância  ]]></slidetext>
      <animations>
      </animations>
      <waitforuser>false</waitforuser>
      <totalframes>596</totalframes>
      <time>00:00:29</time>
      <transitionmediaurl />
    </slide>
    <slide id="15">
      <transition>
      </transition>
      <width>720</width>
      <height>540</height>
      <transitionurl>
      </transitionurl>
      <embeddedsound>
        <audio onclick="false" type="n" repeat="false" startframe="1" duration="1" />
      </embeddedsound>
      <slidenavigation onclick="true" slideadvmode="true" />
      <fileurl>Slides/slide15.swf</fileurl>
      <slideimage height="150" width="200">Images/slide15_200,150.jpg</slideimage>
      <title><![CDATA[Slide 15]]></title>
      <notes><![CDATA[]]></notes>
      <slidetext><![CDATA[15  MBA em Engenharia de Software a Distância  ]]></slidetext>
      <animations>
      </animations>
      <waitforuser>false</waitforuser>
      <totalframes>583</totalframes>
      <time>00:00:29</time>
      <transitionmediaurl />
    </slide>
    <slide id="16">
      <transition>
      </transition>
      <width>720</width>
      <height>540</height>
      <transitionurl>
      </transitionurl>
      <embeddedsound>
        <audio onclick="false" type="n" repeat="false" startframe="1" duration="1" />
      </embeddedsound>
      <slidenavigation onclick="true" slideadvmode="true" />
      <fileurl>Slides/slide16.swf</fileurl>
      <slideimage height="150" width="200">Images/slide16_200,150.jpg</slideimage>
      <title><![CDATA[Slide 16]]></title>
      <notes><![CDATA[]]></notes>
      <slidetext><![CDATA[Um SSOO projetado em camadas pode ter uma arquitetura aberta ou uma  arquitetura fechada. Em uma arquitetura fechada, um componente de uma camada de certo nível somente pode utilizar os serviços de componentes da sua própria camada ou da imediatamente inferior.  16  MBA em Engenharia de Software a Distância  ]]></slidetext>
      <animations>
      </animations>
      <waitforuser>false</waitforuser>
      <totalframes>509</totalframes>
      <time>00:00:25</time>
      <transitionmediaurl />
    </slide>
    <slide id="17">
      <transition>
      </transition>
      <width>720</width>
      <height>540</height>
      <transitionurl>
      </transitionurl>
      <embeddedsound>
        <audio onclick="false" type="n" repeat="false" startframe="1" duration="1" />
      </embeddedsound>
      <slidenavigation onclick="true" slideadvmode="true" />
      <fileurl>Slides/slide17.swf</fileurl>
      <slideimage height="150" width="200">Images/slide17_200,150.jpg</slideimage>
      <title><![CDATA[Slide 17]]></title>
      <notes><![CDATA[]]></notes>
      <slidetext><![CDATA[Em uma arquitetura aberta, uma camada em certo nível pode utilizar os serviços de qualquer camada inferior.Na maioria dos casos práticos, encontramos sistemas construídos através do uso de uma arquitetura aberta.  17  MBA em Engenharia de Software a Distância  ]]></slidetext>
      <animations>
      </animations>
      <waitforuser>false</waitforuser>
      <totalframes>343</totalframes>
      <time>00:00:17</time>
      <transitionmediaurl />
    </slide>
    <slide id="18">
      <transition>
      </transition>
      <width>720</width>
      <height>540</height>
      <transitionurl>
      </transitionurl>
      <embeddedsound>
        <audio onclick="false" type="n" repeat="false" startframe="1" duration="1" />
      </embeddedsound>
      <slidenavigation onclick="true" slideadvmode="true" />
      <fileurl>Slides/slide18.swf</fileurl>
      <slideimage height="150" width="200">Images/slide18_200,150.jpg</slideimage>
      <title><![CDATA[Slide 18]]></title>
      <notes><![CDATA[]]></notes>
      <slidetext><![CDATA[18  MBA em Engenharia de Software a Distância  ]]></slidetext>
      <animations>
      </animations>
      <waitforuser>false</waitforuser>
      <totalframes>686</totalframes>
      <time>00:00:34</time>
      <transitionmediaurl />
    </slide>
    <slide id="19">
      <transition>
      </transition>
      <width>720</width>
      <height>540</height>
      <transitionurl>
      </transitionurl>
      <embeddedsound>
        <audio onclick="false" type="n" repeat="false" startframe="1" duration="1" />
      </embeddedsound>
      <slidenavigation onclick="true" slideadvmode="true" />
      <fileurl>Slides/slide19.swf</fileurl>
      <slideimage height="150" width="200">Images/slide19_200,150.jpg</slideimage>
      <title><![CDATA[Slide 19]]></title>
      <notes><![CDATA[]]></notes>
      <slidetext><![CDATA[19  apresentação - aplicação - domínio - serviços técnicos  Uma divisão tipicamente encontrada  para as camadas lógicas de um SSOO é a que separa o sistema nas seguintes camadas:Da esquerda para a direita, temos camadas cada vez mais genéricas. Também da esquerda para a direita, temos a ordem de dependência entre as camadas;  MBA em Engenharia de Software a Distância  ]]></slidetext>
      <animations>
      </animations>
      <waitforuser>false</waitforuser>
      <totalframes>853</totalframes>
      <time>00:00:42</time>
      <transitionmediaurl />
    </slide>
    <slide id="20">
      <transition>
      </transition>
      <width>720</width>
      <height>540</height>
      <transitionurl>
      </transitionurl>
      <embeddedsound>
        <audio onclick="false" type="n" repeat="false" startframe="1" duration="1" />
      </embeddedsound>
      <slidenavigation onclick="true" slideadvmode="true" />
      <fileurl>Slides/slide20.swf</fileurl>
      <slideimage height="150" width="200">Images/slide20_200,150.jpg</slideimage>
      <title><![CDATA[Slide 20]]></title>
      <notes><![CDATA[]]></notes>
      <slidetext><![CDATA[Princípio básico: camadas mais altas devem depender das camadas mais baixas, e não o contrário. Essa disposição ajuda a gerenciar a complexidade através da divisão do sistema em partes menos complexas que o todo.Também incentiva o reuso, porque as camadas inferiores são projetadas para serem independentes das camadas superiores.  20  MBA em Engenharia de Software a Distância  ]]></slidetext>
      <animations>
      </animations>
      <waitforuser>false</waitforuser>
      <totalframes>586</totalframes>
      <time>00:00:29</time>
      <transitionmediaurl />
    </slide>
    <slide id="21">
      <transition>
      </transition>
      <width>720</width>
      <height>540</height>
      <transitionurl>
      </transitionurl>
      <embeddedsound>
        <audio onclick="false" type="n" repeat="false" startframe="1" duration="1" />
      </embeddedsound>
      <slidenavigation onclick="true" slideadvmode="true" />
      <fileurl>Slides/slide21.swf</fileurl>
      <slideimage height="150" width="200">Images/slide21_200,150.jpg</slideimage>
      <title><![CDATA[Slide 21]]></title>
      <notes><![CDATA[]]></notes>
      <slidetext><![CDATA[O acoplamento entre camadas é mantido no nível mínimo possível. Uma mudança em uma camada mais baixa que não afete a sua interface não implicará em mudanças nas camadas mais altas.Uma mudança em uma camada mais alta que não implica na criação de um novo serviço em uma camada mais baixa não irá afetá-las.  21  MBA em Engenharia de Software a Distância  ]]></slidetext>
      <animations>
      </animations>
      <waitforuser>false</waitforuser>
      <totalframes>561</totalframes>
      <time>00:00:28</time>
      <transitionmediaurl />
    </slide>
    <slide id="22">
      <transition>
      </transition>
      <width>720</width>
      <height>540</height>
      <transitionurl>
      </transitionurl>
      <embeddedsound>
        <audio onclick="false" type="n" repeat="false" startframe="1" duration="1" />
      </embeddedsound>
      <slidenavigation onclick="true" slideadvmode="true" />
      <fileurl>Slides/slide22.swf</fileurl>
      <slideimage height="150" width="200">Images/slide22_200,150.jpg</slideimage>
      <title><![CDATA[Slide 22]]></title>
      <notes><![CDATA[]]></notes>
      <slidetext><![CDATA[É importante notar que uma aplicação típica normalmente possui diversos subsistemas (ou pacotes) internamente a cada uma das camadas. Uma certa camada pode ser dividida verticalmente no que costumamos chamar de partições.  22  MBA em Engenharia de Software a Distância  ]]></slidetext>
      <animations>
      </animations>
      <waitforuser>false</waitforuser>
      <totalframes>1049</totalframes>
      <time>00:00:52</time>
      <transitionmediaurl />
    </slide>
    <slide id="23">
      <transition>
      </transition>
      <width>720</width>
      <height>540</height>
      <transitionurl>
      </transitionurl>
      <embeddedsound>
        <audio onclick="false" type="n" repeat="false" startframe="1" duration="1" />
      </embeddedsound>
      <slidenavigation onclick="true" slideadvmode="true" />
      <fileurl>Slides/slide23.swf</fileurl>
      <slideimage height="150" width="200">Images/slide23_200,150.jpg</slideimage>
      <title><![CDATA[Slide 23]]></title>
      <notes><![CDATA[]]></notes>
      <slidetext><![CDATA[Durante a definição da arquitetura lógica de um SSOO, o uso de padrões de projeto é comum.Para comunicação entre subsistemas, normalmente o padrão Façade é utilizado.Para diminuir o acoplamento entre camadas (ou entre partições dentro de uma camada), o padrão Factory Method pode ser utilizado. O padrão Observer também pode ser utilizado quando uma camada em certo nível precisa ser comunicar com outra de um nível superior.  23  MBA em Engenharia de Software a Distância  ]]></slidetext>
      <animations>
      </animations>
      <waitforuser>false</waitforuser>
      <totalframes>1134</totalframes>
      <time>00:00:56</time>
      <transitionmediaurl />
    </slide>
    <slide id="24">
      <transition>
      </transition>
      <width>720</width>
      <height>540</height>
      <transitionurl>
      </transitionurl>
      <embeddedsound>
        <audio onclick="false" type="n" repeat="false" startframe="1" duration="1" />
      </embeddedsound>
      <slidenavigation onclick="true" slideadvmode="true" />
      <fileurl>Slides/slide24.swf</fileurl>
      <slideimage height="150" width="200">Images/slide24_200,150.jpg</slideimage>
      <title><![CDATA[Slide 24]]></title>
      <notes><![CDATA[]]></notes>
      <slidetext><![CDATA[Implantação físicaArquitetura de implantação representa a disposição física do sistema de software pelo hardware disponível. A divisão de um sistema em camadas é independente da sua disposição física.As camadas de software podem estar fisicamente localizadas em uma única máquina, ou podem estar distribuídas por diversos processadores.  24  MBA em Engenharia de Software a Distância  ]]></slidetext>
      <animations>
      </animations>
      <waitforuser>false</waitforuser>
      <totalframes>611</totalframes>
      <time>00:00:30</time>
      <transitionmediaurl />
    </slide>
    <slide id="25">
      <transition>
      </transition>
      <width>720</width>
      <height>540</height>
      <transitionurl>
      </transitionurl>
      <embeddedsound>
        <audio onclick="false" type="n" repeat="false" startframe="1" duration="1" />
      </embeddedsound>
      <slidenavigation onclick="true" slideadvmode="true" />
      <fileurl>Slides/slide25.swf</fileurl>
      <slideimage height="150" width="200">Images/slide25_200,150.jpg</slideimage>
      <title><![CDATA[Slide 25]]></title>
      <notes><![CDATA[]]></notes>
      <slidetext><![CDATA[Alternativamente, essas camadas podem estar distribuídas fisicamente em vários processadores. (Por exemplo, quando a camada da lógica do negócio é dividida em duas ou mais máquinas.)O modelo que representa a arquitetura física é denominado modelo de implementação ou modelo da arquitetura física.  25  MBA em Engenharia de Software a Distância  ]]></slidetext>
      <animations>
      </animations>
      <waitforuser>false</waitforuser>
      <totalframes>535</totalframes>
      <time>00:00:26</time>
      <transitionmediaurl />
    </slide>
    <slide id="26">
      <transition>
      </transition>
      <width>720</width>
      <height>540</height>
      <transitionurl>
      </transitionurl>
      <embeddedsound>
        <audio onclick="false" type="n" repeat="false" startframe="1" duration="1" />
      </embeddedsound>
      <slidenavigation onclick="true" slideadvmode="true" />
      <fileurl>Slides/slide26.swf</fileurl>
      <slideimage height="150" width="200">Images/slide26_200,150.jpg</slideimage>
      <title><![CDATA[Slide 26]]></title>
      <notes><![CDATA[]]></notes>
      <slidetext><![CDATA[A arquitetura de implantação diz respeito à disposição dos subsistemas de um SSOO pelos nós de processamento disponíveis. Para sistemas simples, a arquitetura de implantação não tem tanta importância.Na modelagem de sistemas complexos, é fundamental conhecer quais são os componentes físicos do sistema, quais são as interdependências entre eles e de que forma as camadas lógicas do sistema são dispostas por esses componentes  26  MBA em Engenharia de Software a Distância  ]]></slidetext>
      <animations>
      </animations>
      <waitforuser>false</waitforuser>
      <totalframes>794</totalframes>
      <time>00:00:39</time>
      <transitionmediaurl />
    </slide>
    <slide id="27">
      <transition>
      </transition>
      <width>720</width>
      <height>540</height>
      <transitionurl>
      </transitionurl>
      <embeddedsound>
        <audio onclick="false" type="n" repeat="false" startframe="1" duration="1" />
      </embeddedsound>
      <slidenavigation onclick="true" slideadvmode="true" />
      <fileurl>Slides/slide27.swf</fileurl>
      <slideimage height="150" width="200">Images/slide27_200,150.jpg</slideimage>
      <title><![CDATA[Slide 27]]></title>
      <notes><![CDATA[]]></notes>
      <slidetext><![CDATA[Alocação de camadasEm um sistema construído segundo a arquitetura a cliente-servidor, é comum utilizar as definições das camadas lógicas como um guia para a alocação física dos subsistemas.Sendo assim, a cada nó de processamento são alocadas uma ou mais camadas lógicas.  27  MBA em Engenharia de Software a Distância  ]]></slidetext>
      <animations>
      </animations>
      <waitforuser>false</waitforuser>
      <totalframes>477</totalframes>
      <time>00:00:23</time>
      <transitionmediaurl />
    </slide>
    <slide id="28">
      <transition>
      </transition>
      <width>720</width>
      <height>540</height>
      <transitionurl>
      </transitionurl>
      <embeddedsound>
        <audio onclick="false" type="n" repeat="false" startframe="1" duration="1" />
      </embeddedsound>
      <slidenavigation onclick="true" slideadvmode="true" />
      <fileurl>Slides/slide28.swf</fileurl>
      <slideimage height="150" width="200">Images/slide28_200,150.jpg</slideimage>
      <title><![CDATA[Slide 28]]></title>
      <notes><![CDATA[]]></notes>
      <slidetext><![CDATA[Note que o termo camada é normalmente utilizado com dois sentidos diferentes: Para significar uma camada lógica (layer)Para significar uma camada física, esta última normalmente associada a um nó de processamento (tier).  28  MBA em Engenharia de Software a Distância  ]]></slidetext>
      <animations>
      </animations>
      <waitforuser>false</waitforuser>
      <totalframes>391</totalframes>
      <time>00:00:19</time>
      <transitionmediaurl />
    </slide>
    <slide id="29">
      <transition>
      </transition>
      <width>720</width>
      <height>540</height>
      <transitionurl>
      </transitionurl>
      <embeddedsound>
        <audio onclick="false" type="n" repeat="false" startframe="1" duration="1" />
      </embeddedsound>
      <slidenavigation onclick="true" slideadvmode="true" />
      <fileurl>Slides/slide29.swf</fileurl>
      <slideimage height="150" width="200">Images/slide29_200,150.jpg</slideimage>
      <title><![CDATA[Slide 29]]></title>
      <notes><![CDATA[]]></notes>
      <slidetext><![CDATA[Vantagens da alocação das camadas lógicas a diferentes nós de processamento: A divisão dos objetos permite um maior grau de manutenção e reutilização, porque sistemas de software construídos em camadas podem ser mais facilmente estendidos. Sistemas em camadas também são mais adaptáveis a uma quantidade maior de usuários.  29  MBA em Engenharia de Software a Distância  ]]></slidetext>
      <animations>
      </animations>
      <waitforuser>false</waitforuser>
      <totalframes>756</totalframes>
      <time>00:00:37</time>
      <transitionmediaurl />
    </slide>
    <slide id="30">
      <transition>
      </transition>
      <width>720</width>
      <height>540</height>
      <transitionurl>
      </transitionurl>
      <embeddedsound>
        <audio onclick="false" type="n" repeat="false" startframe="1" duration="1" />
      </embeddedsound>
      <slidenavigation onclick="true" slideadvmode="true" />
      <fileurl>Slides/slide30.swf</fileurl>
      <slideimage height="150" width="200">Images/slide30_200,150.jpg</slideimage>
      <title><![CDATA[Slide 30]]></title>
      <notes><![CDATA[]]></notes>
      <slidetext><![CDATA[No entanto, a divisão do sistema em camadas apresenta a desvantagem de potencialmente diminuir o desempenho do mesmo.a cada camada, as representações dos objetos sofrem modificações, e essas modificações levam tempo para serem realizadas.  30  MBA em Engenharia de Software a Distância  ]]></slidetext>
      <animations>
      </animations>
      <waitforuser>false</waitforuser>
      <totalframes>465</totalframes>
      <time>00:00:23</time>
      <transitionmediaurl />
    </slide>
    <slide id="31">
      <transition>
      </transition>
      <width>720</width>
      <height>540</height>
      <transitionurl>
      </transitionurl>
      <embeddedsound>
        <audio onclick="false" type="n" repeat="false" startframe="1" duration="1" />
      </embeddedsound>
      <slidenavigation onclick="true" slideadvmode="true" />
      <fileurl>Slides/slide31.swf</fileurl>
      <slideimage height="150" width="200">Images/slide31_200,150.jpg</slideimage>
      <title><![CDATA[Slide 31]]></title>
      <notes><![CDATA[]]></notes>
      <slidetext><![CDATA[Um SSOO que divide a interação com o usuário e o acesso aos dados em dois subsistemas é denominado sistema cliente-servidor em duas camadas.A construção de sistemas em duas camadas é vantajosa quando o número de clientes não é tão grande.  31  MBA em Engenharia de Software a Distância  ]]></slidetext>
      <animations>
      </animations>
      <waitforuser>false</waitforuser>
      <totalframes>679</totalframes>
      <time>00:00:33</time>
      <transitionmediaurl />
    </slide>
    <slide id="32">
      <transition>
      </transition>
      <width>720</width>
      <height>540</height>
      <transitionurl>
      </transitionurl>
      <embeddedsound>
        <audio onclick="false" type="n" repeat="false" startframe="1" duration="1" />
      </embeddedsound>
      <slidenavigation onclick="true" slideadvmode="true" />
      <fileurl>Slides/slide32.swf</fileurl>
      <slideimage height="150" width="200">Images/slide32_200,150.jpg</slideimage>
      <title><![CDATA[Slide 32]]></title>
      <notes><![CDATA[]]></notes>
      <slidetext><![CDATA[O surgimento da a Internet causou problemas em relação à estratégia cliente-servidor em duas camadas.Isso porque a idéia básica da Internet é permitir o acesso a variados recursos através de um programa navegador (browser).  32  MBA em Engenharia de Software a Distância  ]]></slidetext>
      <animations>
      </animations>
      <waitforuser>false</waitforuser>
      <totalframes>443</totalframes>
      <time>00:00:22</time>
      <transitionmediaurl />
    </slide>
    <slide id="33">
      <transition>
      </transition>
      <width>720</width>
      <height>540</height>
      <transitionurl>
      </transitionurl>
      <embeddedsound>
        <audio onclick="false" type="n" repeat="false" startframe="1" duration="1" />
      </embeddedsound>
      <slidenavigation onclick="true" slideadvmode="true" />
      <fileurl>Slides/slide33.swf</fileurl>
      <slideimage height="150" width="200">Images/slide33_200,150.jpg</slideimage>
      <title><![CDATA[Slide 33]]></title>
      <notes><![CDATA[]]></notes>
      <slidetext><![CDATA[A solução encontrada para o problema da arquitetura em duas camadas foi simplesmente dividir o sistemas em mais camadas de software. Entretanto, a idéia básica original permanece: dividir o processamento do sistema em diversos nós.  33  MBA em Engenharia de Software a Distância  ]]></slidetext>
      <animations>
      </animations>
      <waitforuser>false</waitforuser>
      <totalframes>897</totalframes>
      <time>00:00:44</time>
      <transitionmediaurl />
    </slide>
    <slide id="34">
      <transition>
      </transition>
      <width>720</width>
      <height>540</height>
      <transitionurl>
      </transitionurl>
      <embeddedsound>
        <audio onclick="false" type="n" repeat="false" startframe="1" duration="1" />
      </embeddedsound>
      <slidenavigation onclick="true" slideadvmode="true" />
      <fileurl>Slides/slide34.swf</fileurl>
      <slideimage height="150" width="200">Images/slide34_200,150.jpg</slideimage>
      <title><![CDATA[Slide 34]]></title>
      <notes><![CDATA[]]></notes>
      <slidetext><![CDATA[Na arquitetura cliente-servidor em três camadas: A camada lógica de apresentação fica em um nó de processamento (conhecido como presentation tier)As camadas lógicas da aplicação e do domínio ficam juntas em outro nó (camada física denominada middle tier).  34  MBA em Engenharia de Software a Distância  ]]></slidetext>
      <animations>
      </animations>
      <waitforuser>false</waitforuser>
      <totalframes>931</totalframes>
      <time>00:00:46</time>
      <transitionmediaurl />
    </slide>
    <slide id="35">
      <transition>
      </transition>
      <width>720</width>
      <height>540</height>
      <transitionurl>
      </transitionurl>
      <embeddedsound>
        <audio onclick="false" type="n" repeat="false" startframe="1" duration="1" />
      </embeddedsound>
      <slidenavigation onclick="true" slideadvmode="true" />
      <fileurl>Slides/slide35.swf</fileurl>
      <slideimage height="150" width="200">Images/slide35_200,150.jpg</slideimage>
      <title><![CDATA[Slide 35]]></title>
      <notes><![CDATA[]]></notes>
      <slidetext><![CDATA[A camada física do meio faz acesso a outra camada física, onde normalmente se encontra um SGBD.Esta última camada física é chamada de camada de dados (data tier).Uma vez definidas as alocações das camadas lógicas aos nós de processamento, podemos fazer a representação gráfica com suporte da UML, através do diagrama de implantação.  35  MBA em Engenharia de Software a Distância  ]]></slidetext>
      <animations>
      </animations>
      <waitforuser>false</waitforuser>
      <totalframes>658</totalframes>
      <time>00:00:32</time>
      <transitionmediaurl />
    </slide>
    <slide id="36">
      <transition>
      </transition>
      <width>720</width>
      <height>540</height>
      <transitionurl>
      </transitionurl>
      <embeddedsound>
        <audio onclick="false" type="n" repeat="false" startframe="1" duration="1" />
      </embeddedsound>
      <slidenavigation onclick="true" slideadvmode="true" />
      <fileurl>Slides/slide36.swf</fileurl>
      <slideimage height="150" width="200">Images/slide36_200,150.jpg</slideimage>
      <title><![CDATA[Slide 36]]></title>
      <notes><![CDATA[]]></notes>
      <slidetext><![CDATA[Os elementos desse diagrama são os nós e as conexões.Um nó representa um recurso computacional e normalmente possui uma memória e alguma capacidade de processamento.Os nós são ligados uns aos outros através de conexões.  36  MBA em Engenharia de Software a Distância  ]]></slidetext>
      <animations>
      </animations>
      <waitforuser>false</waitforuser>
      <totalframes>1006</totalframes>
      <time>00:00:50</time>
      <transitionmediaurl />
    </slide>
    <slide id="37">
      <transition>
      </transition>
      <width>720</width>
      <height>540</height>
      <transitionurl>
      </transitionurl>
      <embeddedsound>
        <audio onclick="false" type="n" repeat="false" startframe="1" duration="1" />
      </embeddedsound>
      <slidenavigation onclick="true" slideadvmode="true" />
      <fileurl>Slides/slide37.swf</fileurl>
      <slideimage height="150" width="200">Images/slide37_200,150.jpg</slideimage>
      <title><![CDATA[Slide 37]]></title>
      <notes><![CDATA[]]></notes>
      <slidetext><![CDATA[37  MBA em Engenharia de Software a Distância  ]]></slidetext>
      <animations>
      </animations>
      <waitforuser>false</waitforuser>
      <totalframes>737</totalframes>
      <time>00:00:36</time>
      <transitionmediaurl />
    </slide>
    <slide id="38">
      <transition>
      </transition>
      <width>720</width>
      <height>540</height>
      <transitionurl>
      </transitionurl>
      <embeddedsound>
        <audio onclick="false" type="n" repeat="false" startframe="1" duration="1" />
      </embeddedsound>
      <slidenavigation onclick="true" slideadvmode="true" />
      <fileurl>Slides/slide38.swf</fileurl>
      <slideimage height="150" width="200">Images/slide38_200,150.jpg</slideimage>
      <title><![CDATA[Slide 38]]></title>
      <notes><![CDATA[]]></notes>
      <slidetext><![CDATA[Alocação de ComponentesNa arquitetura (alocação) física, devemos também definir quais os componentes de software de cada camada.Um componente de software é uma unidade que existe a tempo de execução, que pode ser utilizada na construção de vários sistemas e que pode ser substituída por outra unidade que tenha a mesma funcionalidade.  38  MBA em Engenharia de Software a Distância  ]]></slidetext>
      <animations>
      </animations>
      <waitforuser>false</waitforuser>
      <totalframes>501</totalframes>
      <time>00:00:25</time>
      <transitionmediaurl />
    </slide>
    <slide id="39">
      <transition>
      </transition>
      <width>720</width>
      <height>540</height>
      <transitionurl>
      </transitionurl>
      <embeddedsound>
        <audio onclick="false" type="n" repeat="false" startframe="1" duration="1" />
      </embeddedsound>
      <slidenavigation onclick="true" slideadvmode="true" />
      <fileurl>Slides/slide39.swf</fileurl>
      <slideimage height="150" width="200">Images/slide39_200,150.jpg</slideimage>
      <title><![CDATA[Slide 39]]></title>
      <notes><![CDATA[]]></notes>
      <slidetext><![CDATA[As tecnologias COM (Microsoft), CORBA (OMG) e EJB (Sun) são exemplos de tecnologias baseadas em componentes.Um componente provê acesso aos seus serviços através de uma interface.Segundo o paradigma OO, um componente é composto de diversos objetos.Nesse caso, a interface do componente é constituída de um ou mais serviços que as classes dos referidos objetos implementam.  39  MBA em Engenharia de Software a Distância  ]]></slidetext>
      <animations>
      </animations>
      <waitforuser>false</waitforuser>
      <totalframes>703</totalframes>
      <time>00:00:35</time>
      <transitionmediaurl />
    </slide>
    <slide id="40">
      <transition>
      </transition>
      <width>720</width>
      <height>540</height>
      <transitionurl>
      </transitionurl>
      <embeddedsound>
        <audio onclick="false" type="n" repeat="false" startframe="1" duration="1" />
      </embeddedsound>
      <slidenavigation onclick="true" slideadvmode="true" />
      <fileurl>Slides/slide40.swf</fileurl>
      <slideimage height="150" width="200">Images/slide40_200,150.jpg</slideimage>
      <title><![CDATA[Slide 40]]></title>
      <notes><![CDATA[]]></notes>
      <slidetext><![CDATA[A UML define uma forma gráfica para representar componentes visualmente, o diagrama de componentes. Esse diagrama mostra os vários componentes de software e suas dependências.  40  MBA em Engenharia de Software a Distância  ]]></slidetext>
      <animations>
      </animations>
      <waitforuser>false</waitforuser>
      <totalframes>669</totalframes>
      <time>00:00:33</time>
      <transitionmediaurl />
    </slide>
    <slide id="41">
      <transition>
      </transition>
      <width>720</width>
      <height>540</height>
      <transitionurl>
      </transitionurl>
      <embeddedsound>
        <audio onclick="false" type="n" repeat="false" startframe="1" duration="1" />
      </embeddedsound>
      <slidenavigation onclick="true" slideadvmode="true" />
      <fileurl>Slides/slide41.swf</fileurl>
      <slideimage height="150" width="200">Images/slide41_200,150.jpg</slideimage>
      <title><![CDATA[Slide 41]]></title>
      <notes><![CDATA[]]></notes>
      <slidetext><![CDATA[41  MBA em Engenharia de Software a Distância  ]]></slidetext>
      <animations>
      </animations>
      <waitforuser>false</waitforuser>
      <totalframes>380</totalframes>
      <time>00:00:19</time>
      <transitionmediaurl />
    </slide>
    <slide id="42">
      <transition>
      </transition>
      <width>720</width>
      <height>540</height>
      <transitionurl>
      </transitionurl>
      <embeddedsound>
        <audio onclick="false" type="n" repeat="false" startframe="1" duration="1" />
      </embeddedsound>
      <slidenavigation onclick="true" slideadvmode="true" />
      <fileurl>Slides/slide42.swf</fileurl>
      <slideimage height="150" width="200">Images/slide42_200,150.jpg</slideimage>
      <title><![CDATA[Slide 42]]></title>
      <notes><![CDATA[]]></notes>
      <slidetext><![CDATA[42  MBA em Engenharia de Software a Distância  ]]></slidetext>
      <animations>
      </animations>
      <waitforuser>false</waitforuser>
      <totalframes>248</totalframes>
      <time>00:00:12</time>
      <transitionmediaurl />
    </slide>
    <slide id="43">
      <transition>
      </transition>
      <width>720</width>
      <height>540</height>
      <transitionurl>
      </transitionurl>
      <embeddedsound>
        <audio onclick="false" type="n" repeat="false" startframe="1" duration="1" />
      </embeddedsound>
      <slidenavigation onclick="true" slideadvmode="true" />
      <fileurl>Slides/slide43.swf</fileurl>
      <slideimage height="150" width="200">Images/slide43_200,150.jpg</slideimage>
      <title><![CDATA[Slide 43]]></title>
      <notes><![CDATA[]]></notes>
      <slidetext><![CDATA[A atividade de alocação de componentes aos nós físicos só tem sentido para sistemas distribuídos.Para sistemas que utilizam um único processador, não há necessidade desta atividade.  43  MBA em Engenharia de Software a Distância  ]]></slidetext>
      <animations>
      </animations>
      <waitforuser>false</waitforuser>
      <totalframes>320</totalframes>
      <time>00:00:16</time>
      <transitionmediaurl />
    </slide>
    <slide id="44">
      <transition>
      </transition>
      <width>720</width>
      <height>540</height>
      <transitionurl>
      </transitionurl>
      <embeddedsound>
        <audio onclick="false" type="n" repeat="false" startframe="1" duration="1" />
      </embeddedsound>
      <slidenavigation onclick="true" slideadvmode="true" />
      <fileurl>Slides/slide44.swf</fileurl>
      <slideimage height="150" width="200">Images/slide44_200,150.jpg</slideimage>
      <title><![CDATA[Slide 44]]></title>
      <notes><![CDATA[]]></notes>
      <slidetext><![CDATA[Um dos principais objetivos: distribuir a carga de processamento do sistema para aumentar o desempenho.No entanto, nem sempre isso aumenta o desempenho.Isso porque a sobrecarga de comunicação entre os nós pode anular os ganhos obtidos com a distribuição do processamento.  44  MBA em Engenharia de Software a Distância  ]]></slidetext>
      <animations>
      </animations>
      <waitforuser>false</waitforuser>
      <totalframes>470</totalframes>
      <time>00:00:23</time>
      <transitionmediaurl />
    </slide>
    <slide id="45">
      <transition>
      </transition>
      <width>720</width>
      <height>540</height>
      <transitionurl>
      </transitionurl>
      <embeddedsound>
        <audio onclick="false" type="n" repeat="false" startframe="1" duration="1" />
      </embeddedsound>
      <slidenavigation onclick="true" slideadvmode="true" />
      <fileurl>Slides/slide45.swf</fileurl>
      <slideimage height="150" width="200">Images/slide45_200,150.jpg</slideimage>
      <title><![CDATA[Slide 45]]></title>
      <notes><![CDATA[]]></notes>
      <slidetext><![CDATA[Envio de mensagem versus “distância”dentro de um processo executando em um nó.entre processos no mesmo nó.ultrapassa as fronteiras de um nó para ser executada em outra máquina.Durante a alocação de componentes, o arquiteto de software deve considerar diversos fatores.  45  MBA em Engenharia de Software a Distância  ]]></slidetext>
      <animations>
      </animations>
      <waitforuser>false</waitforuser>
      <totalframes>595</totalframes>
      <time>00:00:29</time>
      <transitionmediaurl />
    </slide>
    <slide id="46">
      <transition>
      </transition>
      <width>720</width>
      <height>540</height>
      <transitionurl>
      </transitionurl>
      <embeddedsound>
        <audio onclick="false" type="n" repeat="false" startframe="1" duration="1" />
      </embeddedsound>
      <slidenavigation onclick="true" slideadvmode="true" />
      <fileurl>Slides/slide46.swf</fileurl>
      <slideimage height="150" width="200">Images/slide46_200,150.jpg</slideimage>
      <title><![CDATA[Slide 46]]></title>
      <notes><![CDATA[]]></notes>
      <slidetext><![CDATA[Fatores relacionados ao desempenho:Utilização de dispositivosCarga computacionalCapacidade de processamento dos nósRealização de tarefasTempo de resposta  46  MBA em Engenharia de Software a Distância  ]]></slidetext>
      <animations>
      </animations>
      <waitforuser>false</waitforuser>
      <totalframes>336</totalframes>
      <time>00:00:16</time>
      <transitionmediaurl />
    </slide>
    <slide id="47">
      <transition>
      </transition>
      <width>720</width>
      <height>540</height>
      <transitionurl>
      </transitionurl>
      <embeddedsound>
        <audio onclick="false" type="n" repeat="false" startframe="1" duration="1" />
      </embeddedsound>
      <slidenavigation onclick="true" slideadvmode="true" />
      <fileurl>Slides/slide47.swf</fileurl>
      <slideimage height="150" width="200">Images/slide47_200,150.jpg</slideimage>
      <title><![CDATA[Slide 47]]></title>
      <notes><![CDATA[]]></notes>
      <slidetext><![CDATA[Outros fatores:Outros requisitos não funcionais do sistema Segurança Diferenças de plataformas Características dos usuários do sistema Necessidade ou benefícios da distribuição das camadas lógicas do sistema Redundância  47  MBA em Engenharia de Software a Distância  ]]></slidetext>
      <animations>
      </animations>
      <waitforuser>false</waitforuser>
      <totalframes>455</totalframes>
      <time>00:00:22</time>
      <transitionmediaurl />
    </slide>
    <slide id="48">
      <transition>
      </transition>
      <width>720</width>
      <height>540</height>
      <transitionurl>
      </transitionurl>
      <embeddedsound>
        <audio onclick="false" type="n" repeat="false" startframe="1" duration="1" />
      </embeddedsound>
      <slidenavigation onclick="true" slideadvmode="true" />
      <fileurl>Slides/slide48.swf</fileurl>
      <slideimage height="150" width="200">Images/slide48_200,150.jpg</slideimage>
      <title><![CDATA[Slide 48]]></title>
      <notes><![CDATA[]]></notes>
      <slidetext><![CDATA[Projeto da arquitetura no processo de desenvolvimento A construção dos diagramas de componentes é iniciada na fase de elaboração (projeto da arquitetura) e refinada na fase de construção (projeto detalhado).A construção de diagramas de componentes se justifica para componentes de execução.  48  MBA em Engenharia de Software a Distância  ]]></slidetext>
      <animations>
      </animations>
      <waitforuser>false</waitforuser>
      <totalframes>902</totalframes>
      <time>00:00:45</time>
      <transitionmediaurl />
    </slide>
    <slide id="49">
      <transition>
      </transition>
      <width>720</width>
      <height>540</height>
      <transitionurl>
      </transitionurl>
      <embeddedsound>
        <audio onclick="false" type="n" repeat="false" startframe="1" duration="1" />
      </embeddedsound>
      <slidenavigation onclick="true" slideadvmode="true" />
      <fileurl>Slides/slide49.swf</fileurl>
      <slideimage height="150" width="200">Images/slide49_200,150.jpg</slideimage>
      <title><![CDATA[Slide 49]]></title>
      <notes><![CDATA[]]></notes>
      <slidetext><![CDATA[Não é recomendável usar diagramas de componentes para representar dependências de compilação entre os elementos do código fonte do sistema.A maioria dos ambientes de desenvolvimento tem capacidade de manter as dependências entre códigos fonte, códigos objeto, códigos executáveis e páginas de script.  49  MBA em Engenharia de Software a Distância  ]]></slidetext>
      <animations>
      </animations>
      <waitforuser>false</waitforuser>
      <totalframes>504</totalframes>
      <time>00:00:25</time>
      <transitionmediaurl />
    </slide>
    <slide id="50">
      <transition>
      </transition>
      <width>720</width>
      <height>540</height>
      <transitionurl>
      </transitionurl>
      <embeddedsound>
        <audio onclick="false" type="n" repeat="false" startframe="1" duration="1" />
      </embeddedsound>
      <slidenavigation onclick="true" slideadvmode="true" />
      <fileurl>Slides/slide50.swf</fileurl>
      <slideimage height="150" width="200">Images/slide50_200,150.jpg</slideimage>
      <title><![CDATA[Slide 50]]></title>
      <notes><![CDATA[]]></notes>
      <slidetext><![CDATA[Só adiciona mais diagramas que terão que ser mantidos e que não terão uma real utilidade.Há também vários sistemas de gerenciamento de configurações e de versões de código.Em relação ao diagrama de implantação, sua construção tem início na fase de elaboração.  50  MBA em Engenharia de Software a Distância  ]]></slidetext>
      <animations>
      </animations>
      <waitforuser>false</waitforuser>
      <totalframes>472</totalframes>
      <time>00:00:23</time>
      <transitionmediaurl />
    </slide>
    <slide id="51">
      <transition>
      </transition>
      <width>720</width>
      <height>540</height>
      <transitionurl>
      </transitionurl>
      <embeddedsound>
        <audio onclick="false" type="n" repeat="false" startframe="1" duration="1" />
      </embeddedsound>
      <slidenavigation onclick="true" slideadvmode="true" />
      <fileurl>Slides/slide51.swf</fileurl>
      <slideimage height="150" width="200">Images/slide51_200,150.jpg</slideimage>
      <title><![CDATA[Slide 51]]></title>
      <notes><![CDATA[]]></notes>
      <slidetext><![CDATA[Na fase de construção, os componentes são adicionados aos diversos nós.Nem todo sistema necessita de diagramas de componentes ou diagramas de implantação.  51  MBA em Engenharia de Software a Distância  ]]></slidetext>
      <animations>
      </animations>
      <waitforuser>false</waitforuser>
      <totalframes>804</totalframes>
      <time>00:00:40</time>
      <transitionmediaurl />
    </slide>
  </slides>
</presentation>