﻿<?xml version="1.0" encoding="UTF-8"?>
<root>
  <slide transition="" id="1" frame="0" swidth="720" sheight="540" title="Slide 1" totalframes="207" path="slide1.swf" name="slide1.swf" />
  <slide transition="" id="2" frame="0" swidth="720" sheight="540" title="Introdução ao Gerenciamento de Projetos  " totalframes="721" path="slide2.swf" name="slide2.swf" />
  <slide transition="" id="3" frame="0" swidth="720" sheight="540" title="Introdução ao Gerenciamento de Projetos  " totalframes="625" path="slide3.swf" name="slide3.swf" />
  <slide transition="" id="4" frame="0" swidth="720" sheight="540" title="Introdução ao Gerenciamento de Projetos  " totalframes="582" path="slide4.swf" name="slide4.swf" />
  <slide transition="" id="5" frame="0" swidth="720" sheight="540" title="Introdução ao Gerenciamento de Projetos  " totalframes="640" path="slide5.swf" name="slide5.swf" />
  <slide transition="" id="6" frame="0" swidth="720" sheight="540" title="Introdução ao Gerenciamento de Projetos  " totalframes="666" path="slide6.swf" name="slide6.swf" />
  <slide transition="" id="7" frame="0" swidth="720" sheight="540" title="Introdução ao Gerenciamento de Projetos  " totalframes="785" path="slide7.swf" name="slide7.swf" />
  <slide transition="" id="8" frame="0" swidth="720" sheight="540" title="Introdução ao Gerenciamento de Projetos  " totalframes="392" path="slide8.swf" name="slide8.swf" />
  <slide transition="" id="9" frame="0" swidth="720" sheight="540" title="Introdução ao Gerenciamento de Projetos  " totalframes="1260" path="slide9.swf" name="slide9.swf" />
  <slide transition="" id="10" frame="0" swidth="720" sheight="540" title="Introdução ao Gerenciamento de Projetos  " totalframes="570" path="slide10.swf" name="slide10.swf" />
  <slide transition="" id="11" frame="0" swidth="720" sheight="540" title="Introdução ao Gerenciamento de Projetos  " totalframes="734" path="slide11.swf" name="slide11.swf" />
  <slide transition="" id="12" frame="0" swidth="720" sheight="540" title="Introdução ao Gerenciamento de Projetos  " totalframes="621" path="slide12.swf" name="slide12.swf" />
  <slide transition="" id="13" frame="0" swidth="720" sheight="540" title="PMI: O que é um Projeto  " totalframes="589" path="slide13.swf" name="slide13.swf" />
  <slide transition="" id="14" frame="0" swidth="720" sheight="540" title="PMI: O que é um Projeto  " totalframes="1135" path="slide14.swf" name="slide14.swf" />
  <slide transition="" id="15" frame="0" swidth="720" sheight="540" title="PMI: O que é um Projeto  " totalframes="951" path="slide15.swf" name="slide15.swf" />
  <slide transition="" id="16" frame="0" swidth="720" sheight="540" title="PMI: O que é um Projeto  " totalframes="1202" path="slide16.swf" name="slide16.swf" />
  <slide transition="" id="17" frame="0" swidth="720" sheight="540" title="PMI: O que é um Projeto  " totalframes="1146" path="slide17.swf" name="slide17.swf" />
  <slide transition="" id="18" frame="0" swidth="720" sheight="540" title="PMI: O que é um Projeto  " totalframes="512" path="slide18.swf" name="slide18.swf" />
  <slide transition="" id="19" frame="0" swidth="720" sheight="540" title="PMI: O que é um Projeto  " totalframes="821" path="slide19.swf" name="slide19.swf" />
  <slide transition="" id="20" frame="0" swidth="720" sheight="540" title="PMI: O que é um Projeto  " totalframes="605" path="slide20.swf" name="slide20.swf" />
  <slide transition="" id="21" frame="0" swidth="720" sheight="540" title="PMI: O que é um Projeto  " totalframes="527" path="slide21.swf" name="slide21.swf" />
  <slide transition="" id="22" frame="0" swidth="720" sheight="540" title="PMI: O que é um Projeto  " totalframes="562" path="slide22.swf" name="slide22.swf" />
  <slide transition="" id="23" frame="0" swidth="720" sheight="540" title="PMI: O que é um Projeto  " totalframes="573" path="slide23.swf" name="slide23.swf" />
  <slide transition="" id="24" frame="0" swidth="720" sheight="540" title="PMI: O que é um Projeto  " totalframes="622" path="slide24.swf" name="slide24.swf" />
  <slide transition="" id="25" frame="0" swidth="720" sheight="540" title="PMI: O que é um Projeto  " totalframes="622" path="slide25.swf" name="slide25.swf" />
  <slide transition="" id="26" frame="0" swidth="720" sheight="540" title="PMI: O que é um Projeto  " totalframes="966" path="slide26.swf" name="slide26.swf" />
  <slide transition="" id="27" frame="0" swidth="720" sheight="540" title="PMI: O que é um Projeto  " totalframes="617" path="slide27.swf" name="slide27.swf" />
  <slide transition="" id="28" frame="0" swidth="720" sheight="540" title="PMI: O que é um Projeto  " totalframes="602" path="slide28.swf" name="slide28.swf" />
  <slide transition="" id="29" frame="0" swidth="720" sheight="540" title="PMI: O que é um Projeto  " totalframes="569" path="slide29.swf" name="slide29.swf" />
  <slide transition="" id="30" frame="0" swidth="720" sheight="540" title="PMI: O que é um Projeto  " totalframes="531" path="slide30.swf" name="slide30.swf" />
  <slide transition="" id="31" frame="0" swidth="720" sheight="540" title="Slide 31" totalframes="489" path="slide31.swf" name="slide31.swf" />
  <slide transition="" id="32" frame="0" swidth="720" sheight="540" title="PMI: O que é um Projeto  " totalframes="438" path="slide32.swf" name="slide32.swf" />
  <slide transition="" id="33" frame="0" swidth="720" sheight="540" title="PMI: O que é um Projeto  " totalframes="475" path="slide33.swf" name="slide33.swf" />
  <slide transition="" id="34" frame="0" swidth="720" sheight="540" title="PMI: O que é um Projeto  " totalframes="425" path="slide34.swf" name="slide34.swf" />
  <slide transition="" id="35" frame="0" swidth="720" sheight="540" title="PMI: O que é um Projeto  " totalframes="688" path="slide35.swf" name="slide35.swf" />
  <slide transition="" id="36" frame="0" swidth="720" sheight="540" title="PMI: O que é um Projeto  " totalframes="534" path="slide36.swf" name="slide36.swf" />
  <slide transition="" id="37" frame="0" swidth="720" sheight="540" title="PMI: O que é um Projeto  " totalframes="477" path="slide37.swf" name="slide37.swf" />
  <slide transition="" id="38" frame="0" swidth="720" sheight="540" title="PMI: O que é um Projeto  " totalframes="443" path="slide38.swf" name="slide38.swf" />
  <slide transition="" id="39" frame="0" swidth="720" sheight="540" title="PMI: O que é um Projeto  " totalframes="694" path="slide39.swf" name="slide39.swf" />
  <slide transition="" id="40" frame="0" swidth="720" sheight="540" title="PMI: O que é Gerenciamento de Projetos?  " totalframes="798" path="slide40.swf" name="slide40.swf" />
  <slide transition="" id="41" frame="0" swidth="720" sheight="540" title="PMI: O que é Gerenciamento de Projetos?  " totalframes="499" path="slide41.swf" name="slide41.swf" />
  <slide transition="" id="42" frame="0" swidth="720" sheight="540" title="PMI: O que é Gerenciamento de Projetos?  " totalframes="432" path="slide42.swf" name="slide42.swf" />
  <slide transition="" id="43" frame="0" swidth="720" sheight="540" title="PMI: O que é Gerenciamento de Projetos?  " totalframes="372" path="slide43.swf" name="slide43.swf" />
  <slide transition="" id="44" frame="0" swidth="720" sheight="540" title="PMI: O que é Gerenciamento de Projetos?  " totalframes="341" path="slide44.swf" name="slide44.swf" />
  <slide transition="" id="45" frame="0" swidth="720" sheight="540" title="Slide 45" totalframes="901" path="slide45.swf" name="slide45.swf" />
  <slide id="45" animationid="1" frame="19" name="0" title="Slide 45" path="slide45.swf" />
  <slide transition="" id="46" frame="0" swidth="720" sheight="540" title="PMI: O que é Gerenciamento de Projetos?  " totalframes="463" path="slide46.swf" name="slide46.swf" />
  <slide transition="" id="47" frame="0" swidth="720" sheight="540" title="PMI: O que é Gerenciamento de Projetos?  " totalframes="485" path="slide47.swf" name="slide47.swf" />
  <slide transition="" id="48" frame="0" swidth="720" sheight="540" title="PMI: O que é Gerenciamento de Projetos?  " totalframes="653" path="slide48.swf" name="slide48.swf" />
  <slide transition="" id="49" frame="0" swidth="720" sheight="540" title="PMI: O que é Gerenciamento de Projetos?  " totalframes="787" path="slide49.swf" name="slide49.swf" />
  <slide transition="" id="50" frame="0" swidth="720" sheight="540" title="PMI: O que é Gerenciamento de Projetos?  " totalframes="684" path="slide50.swf" name="slide50.swf" />
  <slide transition="" id="51" frame="0" swidth="720" sheight="540" title="PMI: O que é Gerenciamento de Projetos?  " totalframes="623" path="slide51.swf" name="slide51.swf" />
  <slide transition="" id="52" frame="0" swidth="720" sheight="540" title="PMI: As restrições dos Projetos?  " totalframes="323" path="slide52.swf" name="slide52.swf" />
  <slide transition="" id="53" frame="0" swidth="720" sheight="540" title="PMI: As restrições dos Projetos?  " totalframes="434" path="slide53.swf" name="slide53.swf" />
  <slide transition="" id="54" frame="0" swidth="720" sheight="540" title="PMI: As restrições dos Projetos?  " totalframes="519" path="slide54.swf" name="slide54.swf" />
  <slide transition="" id="55" frame="0" swidth="720" sheight="540" title="PMI: As restrições dos Projetos?  " totalframes="798" path="slide55.swf" name="slide55.swf" />
  <slide transition="" id="56" frame="0" swidth="720" sheight="540" title="PMI: Ferramentas e Técnicas.  " totalframes="536" path="slide56.swf" name="slide56.swf" />
  <slide transition="" id="57" frame="0" swidth="720" sheight="540" title="PMI: Ferramentas e Técnicas.  " totalframes="612" path="slide57.swf" name="slide57.swf" />
  <slide transition="" id="58" frame="0" swidth="720" sheight="540" title="Slide 58" totalframes="697" path="slide58.swf" name="slide58.swf" />
  <slide transition="" id="59" frame="0" swidth="720" sheight="540" title="Slide 59" totalframes="471" path="slide59.swf" name="slide59.swf" />
  <slide transition="" id="60" frame="0" swidth="720" sheight="540" title="Slide 60" totalframes="517" path="slide60.swf" name="slide60.swf" />
  <slide transition="" id="61" frame="0" swidth="720" sheight="540" title="PMI: Definição das Habilidades Necessárias a um Gerente de Projeto Eficiente.  " totalframes="723" path="slide61.swf" name="slide61.swf" />
  <slide transition="" id="62" frame="0" swidth="720" sheight="540" title="PMI: Definição das Habilidades Necessárias a um Gerente de Projeto Eficiente.  " totalframes="541" path="slide62.swf" name="slide62.swf" />
  <slide transition="" id="63" frame="0" swidth="720" sheight="540" title="PMI: Definição das Habilidades Necessárias a um Gerente de Projeto Eficiente.  " totalframes="673" path="slide63.swf" name="slide63.swf" />
  <slide transition="" id="64" frame="0" swidth="720" sheight="540" title="PMI: Definição das Habilidades Necessárias a um Gerente de Projeto Eficiente.  " totalframes="550" path="slide64.swf" name="slide64.swf" />
  <slide transition="" id="65" frame="0" swidth="720" sheight="540" title="PMI: Definição das Habilidades Necessárias a um Gerente de Projeto Eficiente.  " totalframes="517" path="slide65.swf" name="slide65.swf" />
  <slide transition="" id="66" frame="0" swidth="720" sheight="540" title="PMI: Definição das Habilidades Necessárias a um Gerente de Projeto Eficiente.  " totalframes="599" path="slide66.swf" name="slide66.swf" />
  <slide transition="" id="67" frame="0" swidth="720" sheight="540" title="PMI: Definição das Habilidades Necessárias a um Gerente de Projeto Eficiente.  " totalframes="702" path="slide67.swf" name="slide67.swf" />
  <slide transition="" id="68" frame="0" swidth="720" sheight="540" title="PMI: Definição das Habilidades Necessárias a um Gerente de Projeto Eficiente.  " totalframes="594" path="slide68.swf" name="slide68.swf" />
  <slide transition="" id="69" frame="0" swidth="720" sheight="540" title="PMI: Definição das Habilidades Necessárias a um Gerente de Projeto Eficiente.  " totalframes="936" path="slide69.swf" name="slide69.swf" />
  <slide transition="" id="70" frame="0" swidth="720" sheight="540" title="PMI: Definição das Habilidades Necessárias a um Gerente de Projeto Eficiente.  " totalframes="705" path="slide70.swf" name="slide70.swf" />
  <slide transition="" id="71" frame="0" swidth="720" sheight="540" title="PMI: Definição das Habilidades Necessárias a um Gerente de Projeto Eficiente.  " totalframes="664" path="slide71.swf" name="slide71.swf" />
  <slide transition="" id="72" frame="0" swidth="720" sheight="540" title="PMI: Definição das Habilidades Necessárias a um Gerente de Projeto Eficiente.  " totalframes="378" path="slide72.swf" name="slide72.swf" />
  <slide transition="" id="73" frame="0" swidth="720" sheight="540" title="PMI: Definição das Habilidades Necessárias a um Gerente de Projeto Eficiente.  " totalframes="426" path="slide73.swf" name="slide73.swf" />
  <slide transition="" id="74" frame="0" swidth="720" sheight="540" title="PMI: Definição das Habilidades Necessárias a um Gerente de Projeto Eficiente.  " totalframes="617" path="slide74.swf" name="slide74.swf" />
  <slide transition="" id="75" frame="0" swidth="720" sheight="540" title="PMI: Definição das Habilidades Necessárias a um Gerente de Projeto Eficiente.  " totalframes="521" path="slide75.swf" name="slide75.swf" />
  <slide transition="" id="76" frame="0" swidth="720" sheight="540" title="PMI: Definição das Habilidades Necessárias a um Gerente de Projeto Eficiente.  " totalframes="553" path="slide76.swf" name="slide76.swf" />
  <slide transition="" id="77" frame="0" swidth="720" sheight="540" title="PMI: Definição das Habilidades Necessárias a um Gerente de Projeto Eficiente.  " totalframes="529" path="slide77.swf" name="slide77.swf" />
  <slide transition="" id="78" frame="0" swidth="720" sheight="540" title="PMI: Definição das Habilidades Necessárias a um Gerente de Projeto Eficiente.  " totalframes="588" path="slide78.swf" name="slide78.swf" />
  <slide transition="" id="79" frame="0" swidth="720" sheight="540" title="PMI: Definição das Habilidades Necessárias a um Gerente de Projeto Eficiente.  " totalframes="309" path="slide79.swf" name="slide79.swf" />
  <slide transition="" id="80" frame="0" swidth="720" sheight="540" title="PMI: Definição das Habilidades Necessárias a um Gerente de Projeto Eficiente.  " totalframes="384" path="slide80.swf" name="slide80.swf" />
  <slide transition="" id="81" frame="0" swidth="720" sheight="540" title="PMI: Definição das Habilidades Necessárias a um Gerente de Projeto Eficiente.  " totalframes="567" path="slide81.swf" name="slide81.swf" />
  <slide transition="" id="82" frame="0" swidth="720" sheight="540" title="PMI: Definição das Habilidades Necessárias a um Gerente de Projeto Eficiente.  " totalframes="385" path="slide82.swf" name="slide82.swf" />
  <slide transition="" id="83" frame="0" swidth="720" sheight="540" title="PMI: Definição das Habilidades Necessárias a um Gerente de Projeto Eficiente.  " totalframes="519" path="slide83.swf" name="slide83.swf" />
  <slide transition="" id="84" frame="0" swidth="720" sheight="540" title="PMI: Definição das Habilidades Necessárias a um Gerente de Projeto Eficiente.  " totalframes="397" path="slide84.swf" name="slide84.swf" />
  <slide transition="" id="85" frame="0" swidth="720" sheight="540" title="PMI: Definição das Habilidades Necessárias a um Gerente de Projeto Eficiente.  " totalframes="468" path="slide85.swf" name="slide85.swf" />
  <slide transition="" id="86" frame="0" swidth="720" sheight="540" title="PMI: Definição das Habilidades Necessárias a um Gerente de Projeto Eficiente.  " totalframes="422" path="slide86.swf" name="slide86.swf" />
  <slide transition="" id="87" frame="0" swidth="720" sheight="540" title="PMI: Definição das Habilidades Necessárias a um Gerente de Projeto Eficiente.  " totalframes="393" path="slide87.swf" name="slide87.swf" />
  <slide transition="" id="88" frame="0" swidth="720" sheight="540" title="PMI: Definição das Habilidades Necessárias a um Gerente de Projeto Eficiente.  " totalframes="428" path="slide88.swf" name="slide88.swf" />
  <slide transition="" id="89" frame="0" swidth="720" sheight="540" title="PMI: Definição das Habilidades Necessárias a um Gerente de Projeto Eficiente.  " totalframes="535" path="slide89.swf" name="slide89.swf" />
  <slide transition="" id="90" frame="0" swidth="720" sheight="540" title="PMI: Definição das Habilidades Necessárias a um Gerente de Projeto Eficiente.  " totalframes="508" path="slide90.swf" name="slide90.swf" />
  <slide transition="" id="91" frame="0" swidth="720" sheight="540" title="PMI: Definição das Habilidades Necessárias a um Gerente de Projeto Eficiente.  " totalframes="710" path="slide91.swf" name="slide91.swf" />
  <slide transition="" id="92" frame="0" swidth="720" sheight="540" title="PMI: Definição das Habilidades Necessárias a um Gerente de Projeto Eficiente.  " totalframes="507" path="slide92.swf" name="slide92.swf" />
  <slide transition="" id="93" frame="0" swidth="720" sheight="540" title="PMI: Definição das Habilidades Necessárias a um Gerente de Projeto Eficiente.  " totalframes="409" path="slide93.swf" name="slide93.swf" />
  <slide transition="" id="94" frame="0" swidth="720" sheight="540" title="Relacionamento entre gerenciamento de projetos, gerenciamento de programas e gerenciamento de portfólios  " totalframes="1034" path="slide94.swf" name="slide94.swf" />
  <slide transition="" id="95" frame="0" swidth="720" sheight="540" title="Relacionamento entre gerenciamento de projetos, gerenciamento de programas e gerenciamento de portfólios  " totalframes="790" path="slide95.swf" name="slide95.swf" />
  <slide transition="" id="96" frame="0" swidth="720" sheight="540" title="Fonte: PMBOK,2008  " totalframes="1001" path="slide96.swf" name="slide96.swf" />
  <slide transition="" id="97" frame="0" swidth="720" sheight="540" title="Fonte: PMBOK,2008  " totalframes="199" path="slide97.swf" name="slide97.swf" />
  <slide transition="" id="98" frame="0" swidth="720" sheight="540" title="Fonte: PMBOK, 2008  " totalframes="2198" path="slide98.swf" name="slide98.swf" />
  <slide transition="" id="99" frame="0" swidth="720" sheight="540" title="Fonte: PMBOK, 2008  " totalframes="1262" path="slide99.swf" name="slide99.swf" />
  <slide transition="" id="100" frame="0" swidth="720" sheight="540" title="Relacionamento entre gerenciamento de projetos, gerenciamento de programas e gerenciamento de portfólios  " totalframes="365" path="slide100.swf" name="slide100.swf" />
  <slide transition="" id="101" frame="0" swidth="720" sheight="540" title="Relacionamento entre gerenciamento de projetos, gerenciamento de programas e gerenciamento de portfólios  " totalframes="929" path="slide101.swf" name="slide101.swf" />
  <slide transition="" id="102" frame="0" swidth="720" sheight="540" title="Relacionamento entre gerenciamento de projetos, gerenciamento de programas e gerenciamento de portfólios  " totalframes="888" path="slide102.swf" name="slide102.swf" />
  <slide transition="" id="103" frame="0" swidth="720" sheight="540" title="Relacionamento entre gerenciamento de projetos, gerenciamento de programas e gerenciamento de portfólios  " totalframes="682" path="slide103.swf" name="slide103.swf" />
  <slide transition="" id="104" frame="0" swidth="720" sheight="540" title="Relacionamento entre gerenciamento de projetos, gerenciamento de programas e gerenciamento de portfólios  " totalframes="704" path="slide104.swf" name="slide104.swf" />
  <slide transition="" id="105" frame="0" swidth="720" sheight="540" title="Relacionamento entre gerenciamento de projetos, gerenciamento de programas e gerenciamento de portfólios  " totalframes="641" path="slide105.swf" name="slide105.swf" />
  <slide transition="" id="106" frame="0" swidth="720" sheight="540" title="Relacionamento entre gerenciamento de projetos, gerenciamento de programas e gerenciamento de portfólios  " totalframes="454" path="slide106.swf" name="slide106.swf" />
  <slide transition="" id="107" frame="0" swidth="720" sheight="540" title="Relacionamento entre gerenciamento de projetos, gerenciamento de programas e gerenciamento de portfólios  " totalframes="571" path="slide107.swf" name="slide107.swf" />
  <slide transition="" id="108" frame="0" swidth="720" sheight="540" title="Relacionamento entre gerenciamento de projetos, gerenciamento de programas e gerenciamento de portfólios  " totalframes="652" path="slide108.swf" name="slide108.swf" />
  <slide transition="" id="109" frame="0" swidth="720" sheight="540" title="Relacionamento entre gerenciamento de projetos, gerenciamento de programas e gerenciamento de portfólios  " totalframes="645" path="slide109.swf" name="slide109.swf" />
  <slide transition="" id="110" frame="0" swidth="720" sheight="540" title="Relacionamento entre gerenciamento de projetos, gerenciamento de programas e gerenciamento de portfólios  " totalframes="517" path="slide110.swf" name="slide110.swf" />
  <slide transition="" id="111" frame="0" swidth="720" sheight="540" title="Relacionamento entre gerenciamento de projetos, gerenciamento de programas e gerenciamento de portfólios  " totalframes="511" path="slide111.swf" name="slide111.swf" />
  <slide transition="" id="112" frame="0" swidth="720" sheight="540" title="Relacionamento entre gerenciamento de projetos, gerenciamento de programas e gerenciamento de portfólios  " totalframes="650" path="slide112.swf" name="slide112.swf" />
  <slide transition="" id="113" frame="0" swidth="720" sheight="540" title="Relacionamento entre gerenciamento de projetos, gerenciamento de programas e gerenciamento de portfólios  " totalframes="303" path="slide113.swf" name="slide113.swf" />
  <slide transition="" id="114" frame="0" swidth="720" sheight="540" title="Relacionamento entre gerenciamento de projetos, gerenciamento de programas e gerenciamento de portfólios  " totalframes="662" path="slide114.swf" name="slide114.swf" />
  <slide transition="" id="115" frame="0" swidth="720" sheight="540" title="Relacionamento entre gerenciamento de projetos, gerenciamento de programas e gerenciamento de portfólios  " totalframes="396" path="slide115.swf" name="slide115.swf" />
  <slide transition="" id="116" frame="0" swidth="720" sheight="540" title="Relacionamento entre gerenciamento de projetos, gerenciamento de programas e gerenciamento de portfólios  " totalframes="673" path="slide116.swf" name="slide116.swf" />
  <slide transition="" id="117" frame="0" swidth="720" sheight="540" title="Relacionamento entre gerenciamento de projetos, gerenciamento de programas e gerenciamento de portfólios  " totalframes="474" path="slide117.swf" name="slide117.swf" />
  <slide transition="" id="118" frame="0" swidth="720" sheight="540" title="Relacionamento entre gerenciamento de projetos, gerenciamento de programas e gerenciamento de portfólios  " totalframes="652" path="slide118.swf" name="slide118.swf" />
  <slide transition="" id="119" frame="0" swidth="720" sheight="540" title="Relacionamento entre gerenciamento de projetos, gerenciamento de programas e gerenciamento de portfólios  " totalframes="431" path="slide119.swf" name="slide119.swf" />
  <slide transition="" id="120" frame="0" swidth="720" sheight="540" title="Relacionamento entre gerenciamento de projetos, gerenciamento de programas e gerenciamento de portfólios  " totalframes="865" path="slide120.swf" name="slide120.swf" />
  <slide transition="" id="121" frame="0" swidth="720" sheight="540" title="Relacionamento entre gerenciamento de projetos, gerenciamento de programas e gerenciamento de portfólios  " totalframes="657" path="slide121.swf" name="slide121.swf" />
  <slide transition="" id="122" frame="0" swidth="720" sheight="540" title="Relacionamento entre gerenciamento de projetos, gerenciamento de programas e gerenciamento de portfólios  " totalframes="687" path="slide122.swf" name="slide122.swf" />
  <slide transition="" id="123" frame="0" swidth="720" sheight="540" title="Relacionamento entre gerenciamento de projetos, gerenciamento de programas e gerenciamento de portfólios  " totalframes="582" path="slide123.swf" name="slide123.swf" />
  <slide transition="" id="124" frame="0" swidth="720" sheight="540" title="Relacionamento entre gerenciamento de projetos, gerenciamento de programas e gerenciamento de portfólios  " totalframes="419" path="slide124.swf" name="slide124.swf" />
  <slide transition="" id="125" frame="0" swidth="720" sheight="540" title="Relacionamento entre gerenciamento de projetos, gerenciamento de programas e gerenciamento de portfólios  " totalframes="477" path="slide125.swf" name="slide125.swf" />
  <slide transition="" id="126" frame="0" swidth="720" sheight="540" title="Relacionamento entre gerenciamento de projetos, gerenciamento de programas e gerenciamento de portfólios  " totalframes="512" path="slide126.swf" name="slide126.swf" />
  <slide transition="" id="127" frame="0" swidth="720" sheight="540" title="O Papel de um Gerente de Projetos  " totalframes="688" path="slide127.swf" name="slide127.swf" />
  <slide transition="" id="128" frame="0" swidth="720" sheight="540" title="O Papel de um Gerente de Projetos  " totalframes="833" path="slide128.swf" name="slide128.swf" />
  <slide transition="" id="129" frame="0" swidth="720" sheight="540" title="O Papel de um Gerente de Projetos  " totalframes="716" path="slide129.swf" name="slide129.swf" />
  <slide transition="" id="130" frame="0" swidth="720" sheight="540" title="O Papel de um Gerente de Projetos  " totalframes="331" path="slide130.swf" name="slide130.swf" />
  <slide transition="" id="131" frame="0" swidth="720" sheight="540" title="O Papel de um Gerente de Projetos  " totalframes="525" path="slide131.swf" name="slide131.swf" />
  <slide transition="" id="132" frame="0" swidth="720" sheight="540" title="O Papel de um Gerente de Projetos  " totalframes="439" path="slide132.swf" name="slide132.swf" />
  <slide transition="" id="133" frame="0" swidth="720" sheight="540" title="O Papel de um Gerente de Projetos  " totalframes="439" path="slide133.swf" name="slide133.swf" />
  <slide transition="" id="134" frame="0" swidth="720" sheight="540" title="O Papel de um Gerente de Projetos  " totalframes="426" path="slide134.swf" name="slide134.swf" />
  <slide transition="" id="135" frame="0" swidth="720" sheight="540" title="O Papel de um Gerente de Projetos  " totalframes="289" path="slide135.swf" name="slide135.swf" />
  <slide transition="" id="136" frame="0" swidth="720" sheight="540" title="O Papel de um Gerente de Projetos  " totalframes="262" path="slide136.swf" name="slide136.swf" />
  <slide transition="" id="137" frame="0" swidth="720" sheight="540" title="Fatores Ambientais da Empresa  " totalframes="656" path="slide137.swf" name="slide137.swf" />
  <slide transition="" id="138" frame="0" swidth="720" sheight="540" title="Fatores Ambientais da Empresa  " totalframes="541" path="slide138.swf" name="slide138.swf" />
  <slide transition="" id="139" frame="0" swidth="720" sheight="540" title="Fatores Ambientais da Empresa  " totalframes="609" path="slide139.swf" name="slide139.swf" />
  <slide transition="" id="140" frame="0" swidth="720" sheight="540" title="Fatores Ambientais da Empresa  " totalframes="482" path="slide140.swf" name="slide140.swf" />
  <slide transition="" id="141" frame="0" swidth="720" sheight="540" title="Fatores Ambientais da Empresa  " totalframes="459" path="slide141.swf" name="slide141.swf" />
</root>