﻿<?xml version="1.0" encoding="UTF-8"?>
<presentation>
  <properties>
    <title><![CDATA[Verificacao Validacao e Teste de software_aula01]]></title>
    <creationdate>19/11/2009 01:16:30</creationdate>
    <audio>on</audio>
    <navigationonclick>false</navigationonclick>
    <animations>true</animations>
    <transitions>false</transitions>
    <sdkversion>07</sdkversion>
    <release>1.1</release>
    <soundacrossslides>false</soundacrossslides>
    <defaulturl>Slides/default_0.swf</defaulturl>
    <video>
    </video>
    <templatecolor>Silver</templatecolor>
    <layout>E-Learning Standard</layout>
    <presentertitle><![CDATA[]]></presentertitle>
    <presentername><![CDATA[]]></presentername>
    <presentercompany><![CDATA[]]></presentercompany>
    <presenteremail><![CDATA[]]></presenteremail>
    <presentationtitle>Verificacao Validacao e Teste de software_aula01</presentationtitle>
    <powerpointfile>Verificacao Validacao e Teste de software_aula01.ppt</powerpointfile>
    <presentationdescription><![CDATA[]]></presentationdescription>
    <presentationkeywords>Teste,Visão do teste,Principal meta de um bom testador,Qual perfil de um bom profissional de teste?,“Bug”,Testes com precisão,Defeitos,Defeito segundo QAI,O que é um defeito?,Tipos de Defeitos,Por que um defeito ocorre?,Onde estão os defeitos?,O custo da propagação dos defeitos,Por que as empresas não testam?,Porque o teste é necessário?</presentationkeywords>
    <audioquality>Medium</audioquality>
    <imagequality>9</imagequality>
    <showslidenotesinoutput>True</showslidenotesinoutput>
    <usenarrations>True</usenarrations>
  </properties>
  <slides>
    <slide id="1">
      <transition>
      </transition>
      <width>720</width>
      <height>540</height>
      <transitionurl>
      </transitionurl>
      <embeddedsound>
        <audio onclick="false" type="n" repeat="false" startframe="1" duration="1" />
      </embeddedsound>
      <slidenavigation onclick="true" slideadvmode="true" />
      <fileurl>Slides/slide1.swf</fileurl>
      <slideimage height="150" width="200">Images/slide1_200,150.jpg</slideimage>
      <title><![CDATA[Slide 1]]></title>
      <notes><![CDATA[]]></notes>
      <slidetext><![CDATA[MBA em Engenharia de Software à Distância  Profª. Cleziana de Freitas CostaCleziana.costa@gmail.com  Verificação, Validação e Teste de Software  ]]></slidetext>
      <animations>
      </animations>
      <waitforuser>false</waitforuser>
      <totalframes>440</totalframes>
      <time>00:00:22</time>
      <transitionmediaurl />
    </slide>
    <slide id="2">
      <transition>5,PixelDissolve,0.5,80,80</transition>
      <width>720</width>
      <height>540</height>
      <transitionurl>
      </transitionurl>
      <embeddedsound>
        <audio onclick="false" type="n" repeat="false" startframe="1" duration="1" />
      </embeddedsound>
      <slidenavigation onclick="true" slideadvmode="false" />
      <fileurl>Slides/slide2.swf</fileurl>
      <slideimage height="150" width="200">Images/slide2_200,150.jpg</slideimage>
      <title><![CDATA[Slide 2]]></title>
      <notes><![CDATA[]]></notes>
      <slidetext><![CDATA[MBA em Engenharia de Software à Distância  Você está aqui!  ]]></slidetext>
      <animations>
      </animations>
      <waitforuser>false</waitforuser>
      <totalframes>22</totalframes>
      <time>00:00:01</time>
      <transitionmediaurl />
    </slide>
    <slide id="3">
      <transition>5,PixelDissolve,0.5,80,80</transition>
      <width>720</width>
      <height>540</height>
      <transitionurl>
      </transitionurl>
      <embeddedsound>
        <audio onclick="false" type="n" repeat="false" startframe="1" duration="1" />
      </embeddedsound>
      <slidenavigation onclick="true" slideadvmode="true" />
      <fileurl>Slides/slide3.swf</fileurl>
      <slideimage height="150" width="200">Images/slide3_200,150.jpg</slideimage>
      <title><![CDATA[Slide 3]]></title>
      <notes><![CDATA[]]></notes>
      <slidetext><![CDATA[MBA em Engenharia de Software à Distância  Objetivos da Aula  Narrar a história do Teste Conceituar Teste Explicar as visões do testeDescrever “Bug”Explicar porque um “Bug” ocorreListar os vários tipos de DefeitosIdentificar onde estão os defeitosDescrever porque o teste é importanteExplicar quanto teste é suficiente.  Profª Cleziana de Freitas Costa  ]]></slidetext>
      <animations>
      </animations>
      <waitforuser>false</waitforuser>
      <totalframes>646</totalframes>
      <time>00:00:32</time>
      <transitionmediaurl />
    </slide>
    <slide id="4">
      <transition>
      </transition>
      <width>720</width>
      <height>540</height>
      <transitionurl>
      </transitionurl>
      <embeddedsound>
        <audio onclick="false" type="n" repeat="false" startframe="1" duration="1" />
      </embeddedsound>
      <slidenavigation onclick="true" slideadvmode="true" />
      <fileurl>Slides/slide4.swf</fileurl>
      <slideimage height="150" width="200">Images/slide4_200,150.jpg</slideimage>
      <title><![CDATA[Slide 4]]></title>
      <notes><![CDATA[]]></notes>
      <slidetext><![CDATA[MBA em Engenharia de Software à Distância: Verificação de Software : Ênfase em Testes  História do teste  Teste nas décadas de 1960 e 1970 – Eram feitos pelos desenvolvedores As atividades de teste eram consideradas um mal necessário para provar aos usuários que os produtos funcionavam.  Teste a partir dos anos 1980 – Processo formalAs atividades de teste passaram a ser tratadas como processo formalSurgiram as metodologias de teste que evoluíram até os dias de hoje.  Teste hoje – Alta importânciaOs fatores segurança e performance passam a ser de alta importância, tornando a atividade de testar cada vez mais especializada.  Profª Cleziana de Freitas Costa  ]]></slidetext>
      <animations>
      </animations>
      <waitforuser>false</waitforuser>
      <totalframes>1911</totalframes>
      <time>00:01:35</time>
      <transitionmediaurl />
    </slide>
    <slide id="5">
      <transition>
      </transition>
      <width>720</width>
      <height>540</height>
      <transitionurl>
      </transitionurl>
      <embeddedsound>
        <audio onclick="false" type="n" repeat="false" startframe="1" duration="1" />
      </embeddedsound>
      <slidenavigation onclick="true" slideadvmode="true" />
      <fileurl>Slides/slide5.swf</fileurl>
      <slideimage height="150" width="200">Images/slide5_200,150.jpg</slideimage>
      <title><![CDATA[Slide 5]]></title>
      <notes><![CDATA[]]></notes>
      <slidetext><![CDATA[Teste  Definição de TesteTestar é verificar se o software está fazendo o que deveria fazer, de acordo com os seus requisitos, e não está fazendo o que não deveria fazer. (Rios e Moreira - 2002); Testar é o processo de executar um programa ou sistema com a intenção de encontrar defeitos (teste negativo). (Glen Myers - 1979);  Testar é qualquer atividade que a partir da avaliação de um atributo ou capacidade de um programa ou sistema, seja possível determinar se ele alcança os resultados desejados. (Bill Hetzel - 1998).  Profª Cleziana de Freitas Costa  ]]></slidetext>
      <animations>
      </animations>
      <waitforuser>false</waitforuser>
      <totalframes>886</totalframes>
      <time>00:00:44</time>
      <transitionmediaurl />
    </slide>
    <slide id="6">
      <transition>
      </transition>
      <width>720</width>
      <height>540</height>
      <transitionurl>
      </transitionurl>
      <embeddedsound>
        <audio onclick="false" type="n" repeat="false" startframe="1" duration="1" />
      </embeddedsound>
      <slidenavigation onclick="true" slideadvmode="true" />
      <fileurl>Slides/slide6.swf</fileurl>
      <slideimage height="150" width="200">Images/slide6_200,150.jpg</slideimage>
      <title><![CDATA[Slide 6]]></title>
      <notes><![CDATA[]]></notes>
      <slidetext><![CDATA[Teste de software é o processo que visa executar o software de forma controlada, com o objetivo de avaliar o seu comportamento, baseado no que foi especificado.  Teste  Profª Cleziana de Freitas Costa  ]]></slidetext>
      <animations>
      </animations>
      <waitforuser>false</waitforuser>
      <totalframes>492</totalframes>
      <time>00:00:24</time>
      <transitionmediaurl />
    </slide>
    <slide id="7">
      <transition>
      </transition>
      <width>720</width>
      <height>540</height>
      <transitionurl>
      </transitionurl>
      <embeddedsound>
        <audio onclick="false" type="n" repeat="false" startframe="1" duration="1" />
      </embeddedsound>
      <slidenavigation onclick="true" slideadvmode="true" />
      <fileurl>Slides/slide7.swf</fileurl>
      <slideimage height="150" width="200">Images/slide7_200,150.jpg</slideimage>
      <title><![CDATA[Teste]]></title>
      <notes><![CDATA[]]></notes>
      <slidetext><![CDATA[Teste  Teste prova que tudo está bem e funcionando adequadamente? Desenvolvedores querem provar que “algo funciona”. Analistas de teste querem provar que “algo não funciona”. Analisando o esforço dos testes podemos perceber que é mais fácil provar que “algo funciona” do que provar que “algo não funciona”.  Profª Cleziana de Freitas Costa  ]]></slidetext>
      <animations>
      </animations>
      <waitforuser>false</waitforuser>
      <totalframes>1066</totalframes>
      <time>00:00:53</time>
      <transitionmediaurl />
    </slide>
    <slide id="8">
      <transition>
      </transition>
      <width>720</width>
      <height>540</height>
      <transitionurl>
      </transitionurl>
      <embeddedsound>
        <audio onclick="false" type="n" repeat="false" startframe="1" duration="1" />
      </embeddedsound>
      <slidenavigation onclick="true" slideadvmode="true" />
      <fileurl>Slides/slide8.swf</fileurl>
      <slideimage height="150" width="200">Images/slide8_200,150.jpg</slideimage>
      <title><![CDATA[Teste]]></title>
      <notes><![CDATA[]]></notes>
      <slidetext><![CDATA[Teste  “TESTES SERVEM PARA DIMINUIR O RISCO”  Profª Cleziana de Freitas Costa  ]]></slidetext>
      <animations>
      </animations>
      <waitforuser>false</waitforuser>
      <totalframes>492</totalframes>
      <time>00:00:24</time>
      <transitionmediaurl />
    </slide>
    <slide id="9">
      <transition>
      </transition>
      <width>720</width>
      <height>540</height>
      <transitionurl>
      </transitionurl>
      <embeddedsound>
        <audio onclick="false" type="n" repeat="false" startframe="1" duration="1" />
      </embeddedsound>
      <slidenavigation onclick="true" slideadvmode="true" />
      <fileurl>Slides/slide9.swf</fileurl>
      <slideimage height="150" width="200">Images/slide9_200,150.jpg</slideimage>
      <title><![CDATA[Visão do teste]]></title>
      <notes><![CDATA[]]></notes>
      <slidetext><![CDATA[Visão do teste  Profissional de teste“Inimigo dos desenvolvedores, dos analistas de requisitos”“Trabalha para apontar erros dos outros”Todos que trabalham com o projeto têm que ter um único objetivo produzir produtos melhores para satisfazer o cliente.  Profª Cleziana de Freitas Costa  ]]></slidetext>
      <animations>
      </animations>
      <waitforuser>false</waitforuser>
      <totalframes>941</totalframes>
      <time>00:00:47</time>
      <transitionmediaurl />
    </slide>
    <slide id="10">
      <transition>
      </transition>
      <width>720</width>
      <height>540</height>
      <transitionurl>
      </transitionurl>
      <embeddedsound>
        <audio onclick="false" type="n" repeat="false" startframe="1" duration="1" />
      </embeddedsound>
      <slidenavigation onclick="true" slideadvmode="true" />
      <fileurl>Slides/slide10.swf</fileurl>
      <slideimage height="150" width="200">Images/slide10_200,150.jpg</slideimage>
      <title><![CDATA[Visão do teste]]></title>
      <notes><![CDATA[]]></notes>
      <slidetext><![CDATA[Visão do teste  Visão do analista de sistemasObjetivo provar que as coisas estão funcionando;  Testa os cenários positivos.  Profª Cleziana de Freitas Costa  ]]></slidetext>
      <animations>
      </animations>
      <waitforuser>false</waitforuser>
      <totalframes>1049</totalframes>
      <time>00:00:52</time>
      <transitionmediaurl />
    </slide>
    <slide id="11">
      <transition>
      </transition>
      <width>720</width>
      <height>540</height>
      <transitionurl>
      </transitionurl>
      <embeddedsound>
        <audio onclick="false" type="n" repeat="false" startframe="1" duration="1" />
      </embeddedsound>
      <slidenavigation onclick="true" slideadvmode="true" />
      <fileurl>Slides/slide11.swf</fileurl>
      <slideimage height="150" width="200">Images/slide11_200,150.jpg</slideimage>
      <title><![CDATA[Visão do teste]]></title>
      <notes><![CDATA[]]></notes>
      <slidetext><![CDATA[Visão do teste  Visão do analista de testeObjetivo de provar a não adequação de algo;  Testa os cenários positivos e negativos.  Profª Cleziana de Freitas Costa  ]]></slidetext>
      <animations>
      </animations>
      <waitforuser>false</waitforuser>
      <totalframes>1201</totalframes>
      <time>00:01:00</time>
      <transitionmediaurl />
    </slide>
    <slide id="12">
      <transition>
      </transition>
      <width>720</width>
      <height>540</height>
      <transitionurl>
      </transitionurl>
      <embeddedsound>
        <audio onclick="false" type="n" repeat="false" startframe="1" duration="1" />
      </embeddedsound>
      <slidenavigation onclick="true" slideadvmode="true" />
      <fileurl>Slides/slide12.swf</fileurl>
      <slideimage height="150" width="200">Images/slide12_200,150.jpg</slideimage>
      <title><![CDATA[Visão do teste]]></title>
      <notes><![CDATA[]]></notes>
      <slidetext><![CDATA[Visão do teste  Como evitar a “falta de visão meta”? Os requisitos de testes devem estar claros;O plano de teste deve ser elaborado de forma clara;A equipe de teste deve ser “multiplataforma”; Os prazos para os testes devem ser devidamente negociados; Os testes devem ser executados por profissionais de teste 	Testar pode ser aparentemente simples, porém quando olhamos com “lupa”, vemos que existe um novo universo logo ali, e no caso em questão, um “projeto dentro de outro projeto”.  Profª Cleziana de Freitas Costa  ]]></slidetext>
      <animations>
      </animations>
      <waitforuser>false</waitforuser>
      <totalframes>1999</totalframes>
      <time>00:01:39</time>
      <transitionmediaurl />
    </slide>
    <slide id="13">
      <transition>
      </transition>
      <width>720</width>
      <height>540</height>
      <transitionurl>
      </transitionurl>
      <embeddedsound>
        <audio onclick="false" type="n" repeat="false" startframe="1" duration="1" />
      </embeddedsound>
      <slidenavigation onclick="true" slideadvmode="true" />
      <fileurl>Slides/slide13.swf</fileurl>
      <slideimage height="150" width="200">Images/slide13_200,150.jpg</slideimage>
      <title><![CDATA[Principal meta de um bom testador]]></title>
      <notes><![CDATA[]]></notes>
      <slidetext><![CDATA[Principal meta de um bom testador  A principal meta de um bom testador é:	Encontrar bugs;Registrar os bugs;Encaminhar aos responsáveis para consertar. 	“A meta de um testador de software é achar “bugs” o mais cedo possível, e fazer com que sejam consertados com certeza.”   “Bug” esquecido ainda é “bug”.  Profª Cleziana de Freitas Costa  ]]></slidetext>
      <animations>
      </animations>
      <waitforuser>false</waitforuser>
      <totalframes>1449</totalframes>
      <time>00:01:12</time>
      <transitionmediaurl />
    </slide>
    <slide id="14">
      <transition>
      </transition>
      <width>720</width>
      <height>540</height>
      <transitionurl>
      </transitionurl>
      <embeddedsound>
        <audio onclick="false" type="n" repeat="false" startframe="1" duration="1" />
      </embeddedsound>
      <slidenavigation onclick="true" slideadvmode="true" />
      <fileurl>Slides/slide14.swf</fileurl>
      <slideimage height="150" width="200">Images/slide14_200,150.jpg</slideimage>
      <title><![CDATA[Qual perfil de um bom profissional de teste?]]></title>
      <notes><![CDATA[]]></notes>
      <slidetext><![CDATA[Qual perfil de um bom profissional de teste?  O profissional de teste deve ser:ExploradorResolvedor de problemas IncansávelCriativoPerfeccionista Deve Exercitar o julgamentoDiplomáticoPersuasivo  Profª Cleziana de Freitas Costa  ]]></slidetext>
      <animations>
      </animations>
      <waitforuser>false</waitforuser>
      <totalframes>1319</totalframes>
      <time>00:01:05</time>
      <transitionmediaurl />
    </slide>
    <slide id="15">
      <transition>
      </transition>
      <width>720</width>
      <height>540</height>
      <transitionurl>
      </transitionurl>
      <embeddedsound>
        <audio onclick="false" type="n" repeat="false" startframe="1" duration="1" />
      </embeddedsound>
      <slidenavigation onclick="true" slideadvmode="true" />
      <fileurl>Slides/slide15.swf</fileurl>
      <slideimage height="150" width="200">Images/slide15_200,150.jpg</slideimage>
      <title><![CDATA[“Bug”]]></title>
      <notes><![CDATA[]]></notes>
      <slidetext><![CDATA[“Bug”  História do “Bug”	O termo bug foi associado a interferências e mal funcionamento bem antes de que existissem os computadores modernos, sendo Thomas Edison um dos primeiros a usar este significado. Mas foi uma mulher, Grace Murray Hopper, quem em 1945 documentou o primeiro bug da informática.Bug = Inseto	Para informática adquire outro significado, relacionados a elementos e  circunstâncias no software ou hardware, involuntários e indesejados, que provocam um mal funcionamento.  Profª Cleziana de Freitas Costa  ]]></slidetext>
      <animations>
      </animations>
      <waitforuser>false</waitforuser>
      <totalframes>1242</totalframes>
      <time>00:01:02</time>
      <transitionmediaurl />
    </slide>
    <slide id="16">
      <transition>
      </transition>
      <width>720</width>
      <height>540</height>
      <transitionurl>
      </transitionurl>
      <embeddedsound>
        <audio onclick="false" type="n" repeat="false" startframe="1" duration="1" />
      </embeddedsound>
      <slidenavigation onclick="true" slideadvmode="true" />
      <fileurl>Slides/slide16.swf</fileurl>
      <slideimage height="150" width="200">Images/slide16_200,150.jpg</slideimage>
      <title><![CDATA[Slide 16]]></title>
      <notes><![CDATA[]]></notes>
      <slidetext><![CDATA[“Bug”  História do “Bug”A partir de então, cada vez que algum computador dá problemas dizemos que tem bugs.  Profª Cleziana de Freitas Costa  ]]></slidetext>
      <animations>
      </animations>
      <waitforuser>false</waitforuser>
      <totalframes>1723</totalframes>
      <time>00:01:26</time>
      <transitionmediaurl />
    </slide>
    <slide id="17">
      <transition>
      </transition>
      <width>720</width>
      <height>540</height>
      <transitionurl>
      </transitionurl>
      <embeddedsound>
        <audio onclick="false" type="n" repeat="false" startframe="1" duration="1" />
      </embeddedsound>
      <slidenavigation onclick="true" slideadvmode="true" />
      <fileurl>Slides/slide17.swf</fileurl>
      <slideimage height="150" width="200">Images/slide17_200,150.jpg</slideimage>
      <title><![CDATA[“Bug”]]></title>
      <notes><![CDATA[]]></notes>
      <slidetext><![CDATA[“Bug”  O que é um “Bug”? 	O “Bug” é falha, ou erro em um programa computacional, que o impede de se comportar como pretendido.	Erros mais graves podem fazer com que o programa deixe de funcionar ou congele e conduza a negação de serviço.  Profª Cleziana de Freitas Costa  ]]></slidetext>
      <animations>
      </animations>
      <waitforuser>false</waitforuser>
      <totalframes>1987</totalframes>
      <time>00:01:39</time>
      <transitionmediaurl />
    </slide>
    <slide id="18">
      <transition>
      </transition>
      <width>720</width>
      <height>540</height>
      <transitionurl>
      </transitionurl>
      <embeddedsound>
        <audio onclick="false" type="n" repeat="false" startframe="1" duration="1" />
      </embeddedsound>
      <slidenavigation onclick="true" slideadvmode="true" />
      <fileurl>Slides/slide18.swf</fileurl>
      <slideimage height="150" width="200">Images/slide18_200,150.jpg</slideimage>
      <title><![CDATA[“Bug”]]></title>
      <notes><![CDATA[]]></notes>
      <slidetext><![CDATA[“Bug”  Situações de “Bug”	Desde o primeiro bug relatado, sucederam inúmeros incidências relacionados as falhas de programação , Podemos relatar os piores desastres:	Desastre de 28 de Julho de 1962: Falha na sonda Mariner 1.Desastre de 1982: Explosão num gasoduto soviético.Desastre de 1985-1987: Acelerador médico Therac-25.  Profª Cleziana de Freitas Costa  ]]></slidetext>
      <animations>
      </animations>
      <waitforuser>false</waitforuser>
      <totalframes>4030</totalframes>
      <time>00:03:21</time>
      <transitionmediaurl />
    </slide>
    <slide id="19">
      <transition>
      </transition>
      <width>720</width>
      <height>540</height>
      <transitionurl>
      </transitionurl>
      <embeddedsound>
        <audio onclick="false" type="n" repeat="false" startframe="1" duration="1" />
      </embeddedsound>
      <slidenavigation onclick="true" slideadvmode="true" />
      <fileurl>Slides/slide19.swf</fileurl>
      <slideimage height="150" width="200">Images/slide19_200,150.jpg</slideimage>
      <title><![CDATA[“Bug”]]></title>
      <notes><![CDATA[]]></notes>
      <slidetext><![CDATA[“Bug”  Situações de “Bug”Desastre de 1988: O Worm de Morris.Desastre de 1988-1996: Gerador de números aleatórios de KerberosDesastre de  15 de Janeiro de 1990: Queda da rede de AT&T.  Profª Cleziana de Freitas Costa  ]]></slidetext>
      <animations>
      </animations>
      <waitforuser>false</waitforuser>
      <totalframes>2444</totalframes>
      <time>00:02:02</time>
      <transitionmediaurl />
    </slide>
    <slide id="20">
      <transition>
      </transition>
      <width>720</width>
      <height>540</height>
      <transitionurl>
      </transitionurl>
      <embeddedsound>
        <audio onclick="false" type="n" repeat="false" startframe="1" duration="1" />
      </embeddedsound>
      <slidenavigation onclick="true" slideadvmode="true" />
      <fileurl>Slides/slide20.swf</fileurl>
      <slideimage height="150" width="200">Images/slide20_200,150.jpg</slideimage>
      <title><![CDATA[“Bug”]]></title>
      <notes><![CDATA[]]></notes>
      <slidetext><![CDATA[“Bug”  Situações de “Bug”Desastre de 1995/1996: O Ping da Morte.Desastre de 4 de Junho de 1996: Desintegração do Ariane 5. Desastre de novembro 2000: Sobredosagem radiológica no Instituto Nacional do Cancro da Cidade do Panamá.  Profª Cleziana de Freitas Costa  ]]></slidetext>
      <animations>
      </animations>
      <waitforuser>false</waitforuser>
      <totalframes>3152</totalframes>
      <time>00:02:37</time>
      <transitionmediaurl />
    </slide>
    <slide id="21">
      <transition>
      </transition>
      <width>720</width>
      <height>540</height>
      <transitionurl>
      </transitionurl>
      <embeddedsound>
        <audio onclick="false" type="n" repeat="false" startframe="1" duration="1" />
      </embeddedsound>
      <slidenavigation onclick="true" slideadvmode="true" />
      <fileurl>Slides/slide21.swf</fileurl>
      <slideimage height="150" width="200">Images/slide21_200,150.jpg</slideimage>
      <title><![CDATA[“Bug”]]></title>
      <notes><![CDATA[]]></notes>
      <slidetext><![CDATA[“Bug”  Situações de “Bug”  “Bug do Milênio”	Existem vários outros exemplos, um dos mais conhecidos de todos é o “Bug do Milênio”. 	Quem não se lembra da onda de pânico coletivo gerada, principalmente nos países onde os computadores eram mais populares.  Profª Cleziana de Freitas Costa  ]]></slidetext>
      <animations>
      </animations>
      <waitforuser>false</waitforuser>
      <totalframes>1492</totalframes>
      <time>00:01:14</time>
      <transitionmediaurl />
    </slide>
    <slide id="22">
      <transition>
      </transition>
      <width>720</width>
      <height>540</height>
      <transitionurl>
      </transitionurl>
      <embeddedsound>
        <audio onclick="false" type="n" repeat="false" startframe="1" duration="1" />
      </embeddedsound>
      <slidenavigation onclick="true" slideadvmode="true" />
      <fileurl>Slides/slide22.swf</fileurl>
      <slideimage height="150" width="200">Images/slide22_200,150.jpg</slideimage>
      <title><![CDATA[“Bug”]]></title>
      <notes><![CDATA[]]></notes>
      <slidetext><![CDATA[Por que um Bug ocorre? 			Porque  programadores erram na lógica de programação. Essa frase nem sempre é verdade, na maioria das vezes a culpa não é dos programadores. 	Em pesquisas realizadas comprovou-se que a maioria dos erros encontrados são devido a requisitos mal elaborados. 	Se a funcionalidade desejada não é especificada ou comunicada de forma correta, seria como especificar algo incerto ou até incorreto.  “Bug”  Profª Cleziana de Freitas Costa  ]]></slidetext>
      <animations>
      </animations>
      <waitforuser>false</waitforuser>
      <totalframes>1101</totalframes>
      <time>00:00:55</time>
      <transitionmediaurl />
    </slide>
    <slide id="23">
      <transition>
      </transition>
      <width>720</width>
      <height>540</height>
      <transitionurl>
      </transitionurl>
      <embeddedsound>
        <audio onclick="false" type="n" repeat="false" startframe="1" duration="1" />
      </embeddedsound>
      <slidenavigation onclick="true" slideadvmode="true" />
      <fileurl>Slides/slide23.swf</fileurl>
      <slideimage height="150" width="200">Images/slide23_200,150.jpg</slideimage>
      <title><![CDATA[Testes com precisão]]></title>
      <notes><![CDATA[]]></notes>
      <slidetext><![CDATA[Testes com precisão  Para testar devemos planejar os testes com precisão! 	O teste deve ser possuir:Planejamento;Execução dos testes; Avaliação dos testes. “Cuidado! Quando não se encontra “bug” na aplicação, o teste pode estar viciado”.  Profª Cleziana de Freitas Costa  ]]></slidetext>
      <animations>
      </animations>
      <waitforuser>false</waitforuser>
      <totalframes>2764</totalframes>
      <time>00:02:18</time>
      <transitionmediaurl />
    </slide>
    <slide id="24">
      <transition>
      </transition>
      <width>720</width>
      <height>540</height>
      <transitionurl>
      </transitionurl>
      <embeddedsound>
        <audio onclick="false" type="n" repeat="false" startframe="1" duration="1" />
      </embeddedsound>
      <slidenavigation onclick="true" slideadvmode="true" />
      <fileurl>Slides/slide24.swf</fileurl>
      <slideimage height="150" width="200">Images/slide24_200,150.jpg</slideimage>
      <title><![CDATA[Defeitos]]></title>
      <notes><![CDATA[24]]></notes>
      <slidetext><![CDATA[Defeitos  O Teste reduz a probabilidade que os defeitos permaneçam em um software, 	mas mesmo se nenhum defeito for encontrado, não prova que ele esteja perfeito.  Profª Cleziana de Freitas Costa  ]]></slidetext>
      <animations>
      </animations>
      <waitforuser>false</waitforuser>
      <totalframes>821</totalframes>
      <time>00:00:41</time>
      <transitionmediaurl />
    </slide>
    <slide id="25">
      <transition>
      </transition>
      <width>720</width>
      <height>540</height>
      <transitionurl>
      </transitionurl>
      <embeddedsound>
        <audio onclick="false" type="n" repeat="false" startframe="1" duration="1" />
      </embeddedsound>
      <slidenavigation onclick="true" slideadvmode="true" />
      <fileurl>Slides/slide25.swf</fileurl>
      <slideimage height="150" width="200">Images/slide25_200,150.jpg</slideimage>
      <title><![CDATA[Slide 25]]></title>
      <notes><![CDATA[25]]></notes>
      <slidetext><![CDATA[Os defeitos podem ser chamados de erros, problemas, falhas, ocorrências, incidentes, não conformidades e inconsistência, bugs, crash, abends. Falha, defeito representam de forma semelhante “o software falhou em não funcionar corretamente ou em não fazer a coisa correta”.Anomalia, incidência, variança representam um “funcionamento eventual ou involuntário do software”.Problema, erro, “bug” são termos genéricos.  Defeitos  Profª Cleziana de Freitas Costa  ]]></slidetext>
      <animations>
      </animations>
      <waitforuser>false</waitforuser>
      <totalframes>1141</totalframes>
      <time>00:00:57</time>
      <transitionmediaurl />
    </slide>
    <slide id="26">
      <transition>
      </transition>
      <width>720</width>
      <height>540</height>
      <transitionurl>
      </transitionurl>
      <embeddedsound>
        <audio onclick="false" type="n" repeat="false" startframe="1" duration="1" />
      </embeddedsound>
      <slidenavigation onclick="true" slideadvmode="true" />
      <fileurl>Slides/slide26.swf</fileurl>
      <slideimage height="150" width="200">Images/slide26_200,150.jpg</slideimage>
      <title><![CDATA[Slide 26]]></title>
      <notes><![CDATA[26]]></notes>
      <slidetext><![CDATA[Conforme Glossário ISTQB:Defeito - Falha em um componente ou sistema que pode fazer com que o componente ou sistema falhe ao desempenhar sua devida função.Erro - Ação humana que produz resultados incorretos.Falha -  Desvio do componente ou sistema da entrega, resultado ou serviço esperado.  Defeitos  Profª Cleziana de Freitas Costa  ]]></slidetext>
      <animations>
      </animations>
      <waitforuser>false</waitforuser>
      <totalframes>1127</totalframes>
      <time>00:00:56</time>
      <transitionmediaurl />
    </slide>
    <slide id="27">
      <transition>
      </transition>
      <width>720</width>
      <height>540</height>
      <transitionurl>
      </transitionurl>
      <embeddedsound>
        <audio onclick="false" type="n" repeat="false" startframe="1" duration="1" />
      </embeddedsound>
      <slidenavigation onclick="true" slideadvmode="true" />
      <fileurl>Slides/slide27.swf</fileurl>
      <slideimage height="150" width="200">Images/slide27_200,150.jpg</slideimage>
      <title><![CDATA[Slide 27]]></title>
      <notes><![CDATA[27]]></notes>
      <slidetext><![CDATA[Conforme Syllabus: “O ser humano está sujeito a cometer um erro, que produz um defeito, no código, em um software ou sistema ou em um documento. Se um defeito no código for executado, o sistema falhará ao tentar fazer o que deveria, (ou algumas vezes, o que não deveria), causando uma falha. Defeitos no software, sistemas ou documentos resultam em falhas, mas nem todos os defeitos causam falhas.”  Defeitos  Profª Cleziana de Freitas Costa  ]]></slidetext>
      <animations>
      </animations>
      <waitforuser>false</waitforuser>
      <totalframes>1055</totalframes>
      <time>00:00:52</time>
      <transitionmediaurl />
    </slide>
    <slide id="28">
      <transition>
      </transition>
      <width>720</width>
      <height>540</height>
      <transitionurl>
      </transitionurl>
      <embeddedsound>
        <audio onclick="false" type="n" repeat="false" startframe="1" duration="1" />
      </embeddedsound>
      <slidenavigation onclick="true" slideadvmode="true" />
      <fileurl>Slides/slide28.swf</fileurl>
      <slideimage height="150" width="200">Images/slide28_200,150.jpg</slideimage>
      <title><![CDATA[Defeito segundo QAI]]></title>
      <notes><![CDATA[28]]></notes>
      <slidetext><![CDATA[Defeito segundo QAI  O QAI resume os defeitos em três categorias:ErradoPerdido Extra		Afirma também que nem todo defeito provoca uma falha, o defeito encontrado em um documento poderia ser consertado antes que provocasse uma falha.  Profª Cleziana de Freitas Costa  ]]></slidetext>
      <animations>
      </animations>
      <waitforuser>false</waitforuser>
      <totalframes>921</totalframes>
      <time>00:00:46</time>
      <transitionmediaurl />
    </slide>
    <slide id="29">
      <transition>
      </transition>
      <width>720</width>
      <height>540</height>
      <transitionurl>
      </transitionurl>
      <embeddedsound>
        <audio onclick="false" type="n" repeat="false" startframe="1" duration="1" />
      </embeddedsound>
      <slidenavigation onclick="true" slideadvmode="true" />
      <fileurl>Slides/slide29.swf</fileurl>
      <slideimage height="150" width="200">Images/slide29_200,150.jpg</slideimage>
      <title><![CDATA[O que é um defeito?]]></title>
      <notes><![CDATA[]]></notes>
      <slidetext><![CDATA[O que é um defeito?  “É uma não-conformidade em relação ao que o software se propõe a fazer, que diz que faz e não faz.”Leonardo Molinari“Resultado de um erro existente num código ou num documento”.Anderson Bastos, Emerson Rios, Ricardo Cristalli, Trayahu Moreira.  Profª Cleziana de Freitas Costa  ]]></slidetext>
      <animations>
      </animations>
      <waitforuser>false</waitforuser>
      <totalframes>865</totalframes>
      <time>00:00:43</time>
      <transitionmediaurl />
    </slide>
    <slide id="30">
      <transition>
      </transition>
      <width>720</width>
      <height>540</height>
      <transitionurl>
      </transitionurl>
      <embeddedsound>
        <audio onclick="false" type="n" repeat="false" startframe="1" duration="1" />
      </embeddedsound>
      <slidenavigation onclick="true" slideadvmode="true" />
      <fileurl>Slides/slide30.swf</fileurl>
      <slideimage height="150" width="200">Images/slide30_200,150.jpg</slideimage>
      <title><![CDATA[Tipos de Defeitos]]></title>
      <notes><![CDATA[]]></notes>
      <slidetext><![CDATA[Tipos de Defeitos  Existem vários tipos de defeitos:Defeitos de interface com os usuáriosDefeitos no manuseio de defeitosDefeitos de limitesDefeitos de cálculoDefeitos de iniciação ou fechamentoDefeitos de controle de fluxoDefeitos de manuseio ou de interpretação de dadosDefeitos de condições de disputaDefeitos de cargaDefeitos de hardware ou softwareDefeitos de controle de versões  Profª  Cleziana de Freitas Costa  ]]></slidetext>
      <animations>
      </animations>
      <waitforuser>false</waitforuser>
      <totalframes>759</totalframes>
      <time>00:00:37</time>
      <transitionmediaurl />
    </slide>
    <slide id="31">
      <transition>
      </transition>
      <width>720</width>
      <height>540</height>
      <transitionurl>
      </transitionurl>
      <embeddedsound>
        <audio onclick="false" type="n" repeat="false" startframe="1" duration="1" />
      </embeddedsound>
      <slidenavigation onclick="true" slideadvmode="true" />
      <fileurl>Slides/slide31.swf</fileurl>
      <slideimage height="150" width="200">Images/slide31_200,150.jpg</slideimage>
      <title><![CDATA[Tipos de Defeitos]]></title>
      <notes><![CDATA[31]]></notes>
      <slidetext><![CDATA[Tipos de Defeitos  Defeitos de interface com os usuáriosDefeitos da funcionalidade – Ocorre quando o software executa uma ação não especificada nos seus requisitos ou quando o requisito especifica uma coisa e o software faz outra.Defeitos de usabilidade – São defeitos decorrentes da dificuldade para se navegar em uma aplicação.  Profª  Cleziana de Freitas Costa  ]]></slidetext>
      <animations>
      </animations>
      <waitforuser>false</waitforuser>
      <totalframes>1609</totalframes>
      <time>00:01:20</time>
      <transitionmediaurl />
    </slide>
    <slide id="32">
      <transition>
      </transition>
      <width>720</width>
      <height>540</height>
      <transitionurl>
      </transitionurl>
      <embeddedsound>
        <audio onclick="false" type="n" repeat="false" startframe="1" duration="1" />
      </embeddedsound>
      <slidenavigation onclick="true" slideadvmode="true" />
      <fileurl>Slides/slide32.swf</fileurl>
      <slideimage height="150" width="200">Images/slide32_200,150.jpg</slideimage>
      <title><![CDATA[Slide 32]]></title>
      <notes><![CDATA[32]]></notes>
      <slidetext><![CDATA[Defeitos de interface com os usuáriosDefeitos de desempenho – O programa não atende com rapidez necessária às solicitações do usuário, especialmente no caso dos sistemas interativos. Defeitos de saída – Os resultados apresentados pelo software não estão conforme definido pelas especificações fornecidas pelo usuário ou foram mal projetadas dificultando a sua análise.  Tipos de Defeitos  Profª  Cleziana de Freitas Costa  ]]></slidetext>
      <animations>
      </animations>
      <waitforuser>false</waitforuser>
      <totalframes>1211</totalframes>
      <time>00:01:00</time>
      <transitionmediaurl />
    </slide>
    <slide id="33">
      <transition>
      </transition>
      <width>720</width>
      <height>540</height>
      <transitionurl>
      </transitionurl>
      <embeddedsound>
        <audio onclick="false" type="n" repeat="false" startframe="1" duration="1" />
      </embeddedsound>
      <slidenavigation onclick="true" slideadvmode="true" />
      <fileurl>Slides/slide33.swf</fileurl>
      <slideimage height="150" width="200">Images/slide33_200,150.jpg</slideimage>
      <title><![CDATA[Tipos de Defeitos]]></title>
      <notes><![CDATA[]]></notes>
      <slidetext><![CDATA[Defeitos no manuseio de defeitosPrevenção dos defeitos – O  programa não se protege das entradas de dados não previstas que posteriormente são processadas de forma inadequada. Detecção dos defeitos – O programa não trata as indicações de defeitos resultados das suas operações. Recuperação dos defeitos – Mesmo detectando o defeito, o programa falha porque não trata adequadamente a situação.  Tipos de Defeitos  Profª  Cleziana de Freitas Costa  ]]></slidetext>
      <animations>
      </animations>
      <waitforuser>false</waitforuser>
      <totalframes>2523</totalframes>
      <time>00:02:06</time>
      <transitionmediaurl />
    </slide>
    <slide id="34">
      <transition>
      </transition>
      <width>720</width>
      <height>540</height>
      <transitionurl>
      </transitionurl>
      <embeddedsound>
        <audio onclick="false" type="n" repeat="false" startframe="1" duration="1" />
      </embeddedsound>
      <slidenavigation onclick="true" slideadvmode="true" />
      <fileurl>Slides/slide34.swf</fileurl>
      <slideimage height="150" width="200">Images/slide34_200,150.jpg</slideimage>
      <title><![CDATA[Slide 34]]></title>
      <notes><![CDATA[]]></notes>
      <slidetext><![CDATA[Defeitos de limites 	O programa não consegue tratar ou trata inadequadamente valores extremos ou fora dos limites estabelecidos.Defeitos de cálculo  	O programa efetua um cálculo e produz um resultado errado.Defeitos de inicialização ou fechamento 		Quando o programa ou rotina é usado pela primeira vez ou é executado, cria um arquivo em disco, a ausência deste arquivo poderá causar problemas nas etapas seguintes do processamento.  Tipos de Defeitos  Profª  Cleziana de Freitas Costa  ]]></slidetext>
      <animations>
      </animations>
      <waitforuser>false</waitforuser>
      <totalframes>1464</totalframes>
      <time>00:01:13</time>
      <transitionmediaurl />
    </slide>
    <slide id="35">
      <transition>
      </transition>
      <width>720</width>
      <height>540</height>
      <transitionurl>
      </transitionurl>
      <embeddedsound>
        <audio onclick="false" type="n" repeat="false" startframe="1" duration="1" />
      </embeddedsound>
      <slidenavigation onclick="true" slideadvmode="true" />
      <fileurl>Slides/slide35.swf</fileurl>
      <slideimage height="150" width="200">Images/slide35_200,150.jpg</slideimage>
      <title><![CDATA[Slide 35]]></title>
      <notes><![CDATA[]]></notes>
      <slidetext><![CDATA[Defeitos de controle de fluxo 	Controla, em determinadas circunstâncias, o que o programa fará a seguir. Um defeito deste tipo leva o programa fazer coisas erradas, parando ou tendo comportamento inesperado.Defeitos de manuseio ou de interpretação de dados	Ocorre quando um programa tem que passar um grupo de dados para outro programa. No processo, os dados podem ser corrompidos ou interpretados incorretamente. Defeitos de condições de disputa	Ocorre quando o programa espera pela resposta dos eventos A e B, sendo que é suposto que A sempre termine primeiro. Se por algum problema B terminar primeiro, o programa pode não estar preparado para esta situação e apresentar resultados inesperados.  Tipos de Defeitos  Profª  Cleziana de Freitas Costa  ]]></slidetext>
      <animations>
      </animations>
      <waitforuser>false</waitforuser>
      <totalframes>2844</totalframes>
      <time>00:02:22</time>
      <transitionmediaurl />
    </slide>
    <slide id="36">
      <transition>
      </transition>
      <width>720</width>
      <height>540</height>
      <transitionurl>
      </transitionurl>
      <embeddedsound>
        <audio onclick="false" type="n" repeat="false" startframe="1" duration="1" />
      </embeddedsound>
      <slidenavigation onclick="true" slideadvmode="true" />
      <fileurl>Slides/slide36.swf</fileurl>
      <slideimage height="150" width="200">Images/slide36_200,150.jpg</slideimage>
      <title><![CDATA[Slide 36]]></title>
      <notes><![CDATA[]]></notes>
      <slidetext><![CDATA[Defeitos de carga	O programa não pode suportar um pico de serviço em um determinado momento ou uma carga alta de serviço por um tempo muito prolongado. Defeitos de hardware ou software	São defeitos decorrentes da incompatibilidade entre o programa e o ambiente onde está sendo processado, gerando falhas de comunicação entre ambos. Defeitos de controle de versões	Quando a versão de um programa é ligada com versões diferentes de outros componentes.  Tipos de Defeitos  Profª  Cleziana de Freitas Costa  ]]></slidetext>
      <animations>
      </animations>
      <waitforuser>false</waitforuser>
      <totalframes>1988</totalframes>
      <time>00:01:39</time>
      <transitionmediaurl />
    </slide>
    <slide id="37">
      <transition>
      </transition>
      <width>720</width>
      <height>540</height>
      <transitionurl>
      </transitionurl>
      <embeddedsound>
        <audio onclick="false" type="n" repeat="false" startframe="1" duration="1" />
      </embeddedsound>
      <slidenavigation onclick="true" slideadvmode="true" />
      <fileurl>Slides/slide37.swf</fileurl>
      <slideimage height="150" width="200">Images/slide37_200,150.jpg</slideimage>
      <title><![CDATA[Slide 37]]></title>
      <notes><![CDATA[]]></notes>
      <slidetext><![CDATA[O defeito está associada  a vários fatores como por exemplo: o processo de software;a execução das atividades; o ambiente de trabalho; o hardware;o software;  Tipos de Defeitos  Profª  Cleziana de Freitas Costa  ]]></slidetext>
      <animations>
      </animations>
      <waitforuser>false</waitforuser>
      <totalframes>576</totalframes>
      <time>00:00:28</time>
      <transitionmediaurl />
    </slide>
    <slide id="38">
      <transition>
      </transition>
      <width>720</width>
      <height>540</height>
      <transitionurl>
      </transitionurl>
      <embeddedsound>
        <audio onclick="false" type="n" repeat="false" startframe="1" duration="1" />
      </embeddedsound>
      <slidenavigation onclick="true" slideadvmode="true" />
      <fileurl>Slides/slide38.swf</fileurl>
      <slideimage height="150" width="200">Images/slide38_200,150.jpg</slideimage>
      <title><![CDATA[Por que um defeito ocorre?]]></title>
      <notes><![CDATA[]]></notes>
      <slidetext><![CDATA[Por que um defeito ocorre?  Para evitar que defeitos ocorram, temos que nos concentrar nas fases iniciais dos projetos, nas especificações, é nessa fase que a comunicação tem que ser clara para que a especificação seja feita de forma correta.  Profª  Cleziana de Freitas Costa  ]]></slidetext>
      <animations>
      </animations>
      <waitforuser>false</waitforuser>
      <totalframes>631</totalframes>
      <time>00:00:31</time>
      <transitionmediaurl />
    </slide>
    <slide id="39">
      <transition>
      </transition>
      <width>720</width>
      <height>540</height>
      <transitionurl>
      </transitionurl>
      <embeddedsound>
        <audio onclick="false" type="n" repeat="false" startframe="1" duration="1" />
      </embeddedsound>
      <slidenavigation onclick="true" slideadvmode="true" />
      <fileurl>Slides/slide39.swf</fileurl>
      <slideimage height="150" width="200">Images/slide39_200,150.jpg</slideimage>
      <title><![CDATA[Por que um defeito ocorre?]]></title>
      <notes><![CDATA[]]></notes>
      <slidetext><![CDATA[Por que um defeito ocorre?  O defeito ou um “Bug” ocorre quando o software:Não faz o que a especificação diz para fazer;Faz algo que na especificação diz para não fazer;Faz algo que a especificação do produto não menciona;Não faz algo que a especificação do produto menciona;É difícil de entender, difícil de usar, lento, ou simplesmente aos olhos do testador o “usuário não gostará”.  Profª  Cleziana de Freitas Costa  ]]></slidetext>
      <animations>
      </animations>
      <waitforuser>false</waitforuser>
      <totalframes>1863</totalframes>
      <time>00:01:33</time>
      <transitionmediaurl />
    </slide>
    <slide id="40">
      <transition>
      </transition>
      <width>720</width>
      <height>540</height>
      <transitionurl>
      </transitionurl>
      <embeddedsound>
        <audio onclick="false" type="n" repeat="false" startframe="1" duration="1" />
      </embeddedsound>
      <slidenavigation onclick="true" slideadvmode="true" />
      <fileurl>Slides/slide40.swf</fileurl>
      <slideimage height="150" width="200">Images/slide40_200,150.jpg</slideimage>
      <title><![CDATA[Onde estão os defeitos?]]></title>
      <notes><![CDATA[40]]></notes>
      <slidetext><![CDATA[Onde estão os defeitos?  Os defeitos podem ser encontrados em toda a fase do processo de desenvolvimento do software, causando: retrabalhoaumentando os custos do projetodilatando os prazos de entrega do softwarediminuindo a produtividadeaumentando a insatisfação do cliente.  Profª  Cleziana de Freitas Costa  ]]></slidetext>
      <animations>
      </animations>
      <waitforuser>false</waitforuser>
      <totalframes>698</totalframes>
      <time>00:00:34</time>
      <transitionmediaurl />
    </slide>
    <slide id="41">
      <transition>
      </transition>
      <width>720</width>
      <height>540</height>
      <transitionurl>
      </transitionurl>
      <embeddedsound>
        <audio onclick="false" type="n" repeat="false" startframe="1" duration="1" />
      </embeddedsound>
      <slidenavigation onclick="true" slideadvmode="true" />
      <fileurl>Slides/slide41.swf</fileurl>
      <slideimage height="150" width="200">Images/slide41_200,150.jpg</slideimage>
      <title><![CDATA[O custo da propagação dos defeitos]]></title>
      <notes><![CDATA[]]></notes>
      <slidetext><![CDATA[O custo da propagação dos defeitos  Segundo estudos de Myers 	Quanto mais tardiamente descobrimos os erros, mais caros estes se tornam. 		Myers aplica a chamada “regra 10” aos custos da correção dos erros. Significa: Quando um erro não é identificado, os custos de sua correção multiplicam-se por 10 para cada fase em que o erro migra.  Profª  Cleziana de Freitas Costa  ]]></slidetext>
      <animations>
      </animations>
      <waitforuser>false</waitforuser>
      <totalframes>932</totalframes>
      <time>00:00:46</time>
      <transitionmediaurl />
    </slide>
    <slide id="42">
      <transition>
      </transition>
      <width>720</width>
      <height>540</height>
      <transitionurl>
      </transitionurl>
      <embeddedsound>
        <audio onclick="false" type="n" repeat="false" startframe="1" duration="1" />
      </embeddedsound>
      <slidenavigation onclick="true" slideadvmode="true" />
      <fileurl>Slides/slide42.swf</fileurl>
      <slideimage height="150" width="200">Images/slide42_200,150.jpg</slideimage>
      <title><![CDATA[O custo da propagação dos defeitos]]></title>
      <notes><![CDATA[]]></notes>
      <slidetext><![CDATA[“Erros na produção são extremamente caros.”  O custo da propagação dos defeitos  Profª  Cleziana de Freitas Costa  ]]></slidetext>
      <animations>
      </animations>
      <waitforuser>false</waitforuser>
      <totalframes>447</totalframes>
      <time>00:00:22</time>
      <transitionmediaurl />
    </slide>
    <slide id="43">
      <transition>
      </transition>
      <width>720</width>
      <height>540</height>
      <transitionurl>
      </transitionurl>
      <embeddedsound>
        <audio onclick="false" type="n" repeat="false" startframe="1" duration="1" />
      </embeddedsound>
      <slidenavigation onclick="true" slideadvmode="true" />
      <fileurl>Slides/slide43.swf</fileurl>
      <slideimage height="150" width="200">Images/slide43_200,150.jpg</slideimage>
      <title><![CDATA[Slide 43]]></title>
      <notes><![CDATA[]]></notes>
      <slidetext><![CDATA[  O custo da propagação dos defeitos  Profª  Cleziana de Freitas Costa  ]]></slidetext>
      <animations>
      </animations>
      <waitforuser>false</waitforuser>
      <totalframes>300</totalframes>
      <time>00:00:15</time>
      <transitionmediaurl />
    </slide>
    <slide id="44">
      <transition>
      </transition>
      <width>720</width>
      <height>540</height>
      <transitionurl>
      </transitionurl>
      <embeddedsound>
        <audio onclick="false" type="n" repeat="false" startframe="1" duration="1" />
      </embeddedsound>
      <slidenavigation onclick="true" slideadvmode="true" />
      <fileurl>Slides/slide44.swf</fileurl>
      <slideimage height="150" width="200">Images/slide44_200,150.jpg</slideimage>
      <title><![CDATA[Slide 44]]></title>
      <notes><![CDATA[]]></notes>
      <slidetext><![CDATA[  O custo da propagação dos defeitos  Profª  Cleziana de Freitas Costa  ]]></slidetext>
      <animations>
      </animations>
      <waitforuser>false</waitforuser>
      <totalframes>562</totalframes>
      <time>00:00:28</time>
      <transitionmediaurl />
    </slide>
    <slide id="45">
      <transition>
      </transition>
      <width>720</width>
      <height>540</height>
      <transitionurl>
      </transitionurl>
      <embeddedsound>
        <audio onclick="false" type="n" repeat="false" startframe="1" duration="1" />
      </embeddedsound>
      <slidenavigation onclick="true" slideadvmode="true" />
      <fileurl>Slides/slide45.swf</fileurl>
      <slideimage height="150" width="200">Images/slide45_200,150.jpg</slideimage>
      <title><![CDATA[Por que as empresas não testam?]]></title>
      <notes><![CDATA[]]></notes>
      <slidetext><![CDATA[Por que as empresas não testam?  As empresas não testam porque:		O Software é complexo.		O Software é intangível.		O Software é altamente modificável.		Teste lida com pessoas.  Profª  Cleziana de Freitas Costa  ]]></slidetext>
      <animations>
      </animations>
      <waitforuser>false</waitforuser>
      <totalframes>453</totalframes>
      <time>00:00:22</time>
      <transitionmediaurl />
    </slide>
    <slide id="46">
      <transition>
      </transition>
      <width>720</width>
      <height>540</height>
      <transitionurl>
      </transitionurl>
      <embeddedsound>
        <audio onclick="false" type="n" repeat="false" startframe="1" duration="1" />
      </embeddedsound>
      <slidenavigation onclick="true" slideadvmode="true" />
      <fileurl>Slides/slide46.swf</fileurl>
      <slideimage height="150" width="200">Images/slide46_200,150.jpg</slideimage>
      <title><![CDATA[Por que as empresas não testam?]]></title>
      <notes><![CDATA[]]></notes>
      <slidetext><![CDATA[Por que as empresas não testam?  O teste de software exige:ConhecimentoPlanejamentoProjetoExecução / AcompanhamentoIntegração com outras áreasRecursos.  Profª  Cleziana de Freitas Costa  ]]></slidetext>
      <animations>
      </animations>
      <waitforuser>false</waitforuser>
      <totalframes>1208</totalframes>
      <time>00:01:00</time>
      <transitionmediaurl />
    </slide>
    <slide id="47">
      <transition>
      </transition>
      <width>720</width>
      <height>540</height>
      <transitionurl>
      </transitionurl>
      <embeddedsound>
        <audio onclick="false" type="n" repeat="false" startframe="1" duration="1" />
      </embeddedsound>
      <slidenavigation onclick="true" slideadvmode="true" />
      <fileurl>Slides/slide47.swf</fileurl>
      <slideimage height="150" width="200">Images/slide47_200,150.jpg</slideimage>
      <title><![CDATA[Porque o teste é necessário?]]></title>
      <notes><![CDATA[]]></notes>
      <slidetext><![CDATA[Porque o teste é necessário?  Contexto dos sistemas de softwaresProblemas que pode ocorrer devido a falta de teste:Perda de dinheiro;Perda de tempo;Má reputação da empresa;Morte de pessoas;Ferimentos de pessoas  Profª  Cleziana de Freitas Costa  ]]></slidetext>
      <animations>
      </animations>
      <waitforuser>false</waitforuser>
      <totalframes>773</totalframes>
      <time>00:00:38</time>
      <transitionmediaurl />
    </slide>
    <slide id="48">
      <transition>
      </transition>
      <width>720</width>
      <height>540</height>
      <transitionurl>
      </transitionurl>
      <embeddedsound>
        <audio onclick="false" type="n" repeat="false" startframe="1" duration="1" />
      </embeddedsound>
      <slidenavigation onclick="true" slideadvmode="true" />
      <fileurl>Slides/slide48.swf</fileurl>
      <slideimage height="150" width="200">Images/slide48_200,150.jpg</slideimage>
      <title><![CDATA[Porque o teste é necessário?]]></title>
      <notes><![CDATA[]]></notes>
      <slidetext><![CDATA[Porque o teste é necessário?  Testar é investir “No futuro, para reduzir os riscos de que falhas aconteçam” 	O desenvolvedor testa alguma coisa que deveria falhar e ela simplesmente funciona.	Sempre que um teste detecta uma falha logo após ela surgir no sistema, a equipe ganha tempo, pois tem a oportunidade de corrigir rapidamente.  Profª  Cleziana de Freitas Costa  ]]></slidetext>
      <animations>
      </animations>
      <waitforuser>false</waitforuser>
      <totalframes>559</totalframes>
      <time>00:00:27</time>
      <transitionmediaurl />
    </slide>
    <slide id="49">
      <transition>
      </transition>
      <width>720</width>
      <height>540</height>
      <transitionurl>
      </transitionurl>
      <embeddedsound>
        <audio onclick="false" type="n" repeat="false" startframe="1" duration="1" />
      </embeddedsound>
      <slidenavigation onclick="true" slideadvmode="true" />
      <fileurl>Slides/slide49.swf</fileurl>
      <slideimage height="150" width="200">Images/slide49_200,150.jpg</slideimage>
      <title><![CDATA[Slide 49]]></title>
      <notes><![CDATA[]]></notes>
      <slidetext><![CDATA[Causas dos defeitos de softwareO ser humano está sujeito a cometer erro, que pode produzir defeito:No códigoNo softwareNo sistema No documento	Defeito no código, o sistema falhará ao tentar fazer o que deveria, causando uma falha. 	Defeitos nos softwares, sistemas ou documentos podem ou não resultar em falhas.  Porque o teste é necessário?  Profª  Cleziana de Freitas Costa  ]]></slidetext>
      <animations>
      </animations>
      <waitforuser>false</waitforuser>
      <totalframes>1253</totalframes>
      <time>00:01:02</time>
      <transitionmediaurl />
    </slide>
    <slide id="50">
      <transition>
      </transition>
      <width>720</width>
      <height>540</height>
      <transitionurl>
      </transitionurl>
      <embeddedsound>
        <audio onclick="false" type="n" repeat="false" startframe="1" duration="1" />
      </embeddedsound>
      <slidenavigation onclick="true" slideadvmode="true" />
      <fileurl>Slides/slide50.swf</fileurl>
      <slideimage height="150" width="200">Images/slide50_200,150.jpg</slideimage>
      <title><![CDATA[Porque o teste é necessário?]]></title>
      <notes><![CDATA[]]></notes>
      <slidetext><![CDATA[Porque o teste é necessário?  Causas dos defeitos de softwareOs defeitos ocorrem porque:Os seres humanos são passíveis de falhas;Existe pressão no prazo;Os códigos são complexos;A infra-estrutura é complexa;Há mudanças na tecnologia;Há muitas interações no sistema.  Profª  Cleziana de Freitas Costa  ]]></slidetext>
      <animations>
      </animations>
      <waitforuser>false</waitforuser>
      <totalframes>860</totalframes>
      <time>00:00:43</time>
      <transitionmediaurl />
    </slide>
    <slide id="51">
      <transition>
      </transition>
      <width>720</width>
      <height>540</height>
      <transitionurl>
      </transitionurl>
      <embeddedsound>
        <audio onclick="false" type="n" repeat="false" startframe="1" duration="1" />
      </embeddedsound>
      <slidenavigation onclick="true" slideadvmode="true" />
      <fileurl>Slides/slide51.swf</fileurl>
      <slideimage height="150" width="200">Images/slide51_200,150.jpg</slideimage>
      <title><![CDATA[Slide 51]]></title>
      <notes><![CDATA[]]></notes>
      <slidetext><![CDATA[Função do teste no desenvolvimento, manutenção e operação de software.Problemas que levam a abandonar os testes: Teste é uma atividade chata e difícil; Teste consome tempo; Teste tem pouca importância; Elevado o número de teste.  Porque o teste é necessário?  Profª  Cleziana de Freitas Costa  ]]></slidetext>
      <animations>
      </animations>
      <waitforuser>false</waitforuser>
      <totalframes>1201</totalframes>
      <time>00:01:00</time>
      <transitionmediaurl />
    </slide>
    <slide id="52">
      <transition>
      </transition>
      <width>720</width>
      <height>540</height>
      <transitionurl>
      </transitionurl>
      <embeddedsound>
        <audio onclick="false" type="n" repeat="false" startframe="1" duration="1" />
      </embeddedsound>
      <slidenavigation onclick="true" slideadvmode="true" />
      <fileurl>Slides/slide52.swf</fileurl>
      <slideimage height="150" width="200">Images/slide52_200,150.jpg</slideimage>
      <title><![CDATA[Porque o teste é necessário?]]></title>
      <notes><![CDATA[]]></notes>
      <slidetext><![CDATA[Porque o teste é necessário?  Função do teste no desenvolvimento, manutenção e operação de software.Teste requer:  Vários detalhes; Muitas variações Várias possibilidades para realizar o testes  Profª  Cleziana de Freitas Costa  ]]></slidetext>
      <animations>
      </animations>
      <waitforuser>false</waitforuser>
      <totalframes>871</totalframes>
      <time>00:00:43</time>
      <transitionmediaurl />
    </slide>
    <slide id="53">
      <transition>
      </transition>
      <width>720</width>
      <height>540</height>
      <transitionurl>
      </transitionurl>
      <embeddedsound>
        <audio onclick="false" type="n" repeat="false" startframe="1" duration="1" />
      </embeddedsound>
      <slidenavigation onclick="true" slideadvmode="true" />
      <fileurl>Slides/slide53.swf</fileurl>
      <slideimage height="150" width="200">Images/slide53_200,150.jpg</slideimage>
      <title><![CDATA[Slide 53]]></title>
      <notes><![CDATA[]]></notes>
      <slidetext><![CDATA[Função do teste no desenvolvimento, manutenção e operação de software.O teste é necessário porque:Reduz os riscos de ocorrência de problemas;Contribui para a qualidade dos sistemas de software;Defeitos corrigidos antes da implantação do software; Teste deve ser algo simples de ser feito e não deve consumir um tempo exorbitante.  Porque o teste é necessário?  Profª  Cleziana de Freitas Costa  ]]></slidetext>
      <animations>
      </animations>
      <waitforuser>false</waitforuser>
      <totalframes>1675</totalframes>
      <time>00:01:23</time>
      <transitionmediaurl />
    </slide>
    <slide id="54">
      <transition>
      </transition>
      <width>720</width>
      <height>540</height>
      <transitionurl>
      </transitionurl>
      <embeddedsound>
        <audio onclick="false" type="n" repeat="false" startframe="1" duration="1" />
      </embeddedsound>
      <slidenavigation onclick="true" slideadvmode="true" />
      <fileurl>Slides/slide54.swf</fileurl>
      <slideimage height="150" width="200">Images/slide54_200,150.jpg</slideimage>
      <title><![CDATA[Porque o teste é necessário?]]></title>
      <notes><![CDATA[]]></notes>
      <slidetext><![CDATA[Porque o teste é necessário?  Teste e Qualidade 	Com o teste é possível medir a qualidade do software em termos de defeitos encontradosTeste pode dar a confiança na qualidade do software;Teste planejado adequadamente reduz os riscos de erros no sistema.  	Quando os testes encontram defeitos, a qualidade do sistema aumenta quando estes são corrigidos.  Profª  Cleziana de Freitas Costa  ]]></slidetext>
      <animations>
      </animations>
      <waitforuser>false</waitforuser>
      <totalframes>1166</totalframes>
      <time>00:00:58</time>
      <transitionmediaurl />
    </slide>
    <slide id="55">
      <transition>
      </transition>
      <width>720</width>
      <height>540</height>
      <transitionurl>
      </transitionurl>
      <embeddedsound>
        <audio onclick="false" type="n" repeat="false" startframe="1" duration="1" />
      </embeddedsound>
      <slidenavigation onclick="true" slideadvmode="true" />
      <fileurl>Slides/slide55.swf</fileurl>
      <slideimage height="150" width="200">Images/slide55_200,150.jpg</slideimage>
      <title><![CDATA[Porque o teste é necessário?]]></title>
      <notes><![CDATA[]]></notes>
      <slidetext><![CDATA[Porque o teste é necessário?  Teste e QualidadeLições devem ser aprendidas de projetos anteriores, assim melhoramos a qualidade dos sistemas futuros.  Profª  Cleziana de Freitas Costa  ]]></slidetext>
      <animations>
      </animations>
      <waitforuser>false</waitforuser>
      <totalframes>916</totalframes>
      <time>00:00:45</time>
      <transitionmediaurl />
    </slide>
    <slide id="56">
      <transition>
      </transition>
      <width>720</width>
      <height>540</height>
      <transitionurl>
      </transitionurl>
      <embeddedsound>
        <audio onclick="false" type="n" repeat="false" startframe="1" duration="1" />
      </embeddedsound>
      <slidenavigation onclick="true" slideadvmode="true" />
      <fileurl>Slides/slide56.swf</fileurl>
      <slideimage height="150" width="200">Images/slide56_200,150.jpg</slideimage>
      <title><![CDATA[Slide 56]]></title>
      <notes><![CDATA[]]></notes>
      <slidetext><![CDATA[Quanto teste é suficiente?Devemos levar em consideração:O nível do risco, incluindo risco técnicoO nível do negócio e do projetoO tempo do projetoO orçamento do projeto		O teste deve prover informações suficientes aos interessados para tomada de decisão sobre a distribuição do software ou sistema, para as próximas fases do desenvolvimento ou implantação nos clientes.  Porque o teste é necessário?  Profª  Cleziana de Freitas Costa  ]]></slidetext>
      <animations>
      </animations>
      <waitforuser>false</waitforuser>
      <totalframes>773</totalframes>
      <time>00:00:38</time>
      <transitionmediaurl />
    </slide>
    <slide id="57">
      <transition>
      </transition>
      <width>720</width>
      <height>540</height>
      <transitionurl>
      </transitionurl>
      <embeddedsound>
        <audio onclick="false" type="n" repeat="false" startframe="1" duration="1" />
      </embeddedsound>
      <slidenavigation onclick="true" slideadvmode="true" />
      <fileurl>Slides/slide57.swf</fileurl>
      <slideimage height="150" width="200">Images/slide57_200,150.jpg</slideimage>
      <title><![CDATA[Slide 57]]></title>
      <notes><![CDATA[57]]></notes>
      <slidetext><![CDATA[MBA em Engenharia de Software à DistânciaBaseado no livro Testes de SoftwareLeonardo Molinari  Profª  Cleziana de Freitas Costa  ]]></slidetext>
      <animations>
      </animations>
      <waitforuser>false</waitforuser>
      <totalframes>216</totalframes>
      <time>00:00:10</time>
      <transitionmediaurl />
    </slide>
    <slide id="58">
      <transition>
      </transition>
      <width>720</width>
      <height>540</height>
      <transitionurl>
      </transitionurl>
      <embeddedsound>
        <audio onclick="false" type="n" repeat="false" startframe="1" duration="1" />
      </embeddedsound>
      <slidenavigation onclick="true" slideadvmode="true" />
      <fileurl>Slides/slide58.swf</fileurl>
      <slideimage height="150" width="200">Images/slide58_200,150.jpg</slideimage>
      <title><![CDATA[Slide 58]]></title>
      <notes><![CDATA[]]></notes>
      <slidetext><![CDATA[Parabéns!Até a próxima aula!  MBA em Engenharia de Software à Distância  Profª  Cleziana de Freitas Costa  ]]></slidetext>
      <animations>
      </animations>
      <waitforuser>false</waitforuser>
      <totalframes>555</totalframes>
      <time>00:00:27</time>
      <transitionmediaurl />
    </slide>
  </slides>
</presentation>