﻿<?xml version="1.0" encoding="UTF-8"?>
<root>
  <slide transition="" id="1" frame="0" swidth="720" sheight="540" title="Slide 1" totalframes="524" path="slide1.swf" name="slide1.swf" />
  <slide transition="" id="2" frame="0" swidth="720" sheight="540" title="Slide 2" totalframes="945" path="slide2.swf" name="slide2.swf" />
  <slide transition="" id="3" frame="0" swidth="720" sheight="540" title="Slide 3" totalframes="227" path="slide3.swf" name="slide3.swf" />
  <slide transition="" id="4" frame="0" swidth="720" sheight="540" title="Slide 4" totalframes="1378" path="slide4.swf" name="slide4.swf" />
  <slide transition="" id="5" frame="0" swidth="720" sheight="540" title="Slide 5" totalframes="724" path="slide5.swf" name="slide5.swf" />
  <slide transition="" id="6" frame="0" swidth="720" sheight="540" title="Slide 6" totalframes="687" path="slide6.swf" name="slide6.swf" />
  <slide transition="" id="7" frame="0" swidth="720" sheight="540" title="Slide 7" totalframes="695" path="slide7.swf" name="slide7.swf" />
  <slide transition="" id="8" frame="0" swidth="720" sheight="540" title="Slide 8" totalframes="420" path="slide8.swf" name="slide8.swf" />
  <slide transition="" id="9" frame="0" swidth="720" sheight="540" title="Slide 9" totalframes="547" path="slide9.swf" name="slide9.swf" />
  <slide transition="" id="10" frame="0" swidth="720" sheight="540" title="Slide 10" totalframes="1406" path="slide10.swf" name="slide10.swf" />
  <slide transition="" id="11" frame="0" swidth="720" sheight="540" title="Slide 11" totalframes="733" path="slide11.swf" name="slide11.swf" />
  <slide transition="" id="12" frame="0" swidth="720" sheight="540" title="Slide 12" totalframes="519" path="slide12.swf" name="slide12.swf" />
  <slide transition="" id="13" frame="0" swidth="720" sheight="540" title="Slide 13" totalframes="467" path="slide13.swf" name="slide13.swf" />
  <slide transition="" id="14" frame="0" swidth="720" sheight="540" title="Slide 14" totalframes="747" path="slide14.swf" name="slide14.swf" />
  <slide transition="" id="15" frame="0" swidth="720" sheight="540" title="Slide 15" totalframes="858" path="slide15.swf" name="slide15.swf" />
  <slide transition="" id="16" frame="0" swidth="720" sheight="540" title="Slide 16" totalframes="495" path="slide16.swf" name="slide16.swf" />
  <slide transition="" id="17" frame="0" swidth="720" sheight="540" title="Slide 17" totalframes="369" path="slide17.swf" name="slide17.swf" />
  <slide transition="" id="18" frame="0" swidth="720" sheight="540" title="Slide 18" totalframes="703" path="slide18.swf" name="slide18.swf" />
  <slide transition="" id="19" frame="0" swidth="720" sheight="540" title="Slide 19" totalframes="632" path="slide19.swf" name="slide19.swf" />
  <slide transition="" id="20" frame="0" swidth="720" sheight="540" title="Slide 20" totalframes="654" path="slide20.swf" name="slide20.swf" />
  <slide transition="" id="21" frame="0" swidth="720" sheight="540" title="Slide 21" totalframes="832" path="slide21.swf" name="slide21.swf" />
  <slide transition="" id="22" frame="0" swidth="720" sheight="540" title="Slide 22" totalframes="609" path="slide22.swf" name="slide22.swf" />
  <slide transition="" id="23" frame="0" swidth="720" sheight="540" title="Slide 23" totalframes="761" path="slide23.swf" name="slide23.swf" />
  <slide transition="" id="24" frame="0" swidth="720" sheight="540" title="Slide 24" totalframes="865" path="slide24.swf" name="slide24.swf" />
  <slide transition="" id="25" frame="0" swidth="720" sheight="540" title="Slide 25" totalframes="696" path="slide25.swf" name="slide25.swf" />
  <slide transition="" id="26" frame="0" swidth="720" sheight="540" title="Slide 26" totalframes="837" path="slide26.swf" name="slide26.swf" />
  <slide transition="" id="27" frame="0" swidth="720" sheight="540" title="Slide 27" totalframes="644" path="slide27.swf" name="slide27.swf" />
  <slide transition="" id="28" frame="0" swidth="720" sheight="540" title="Slide 28" totalframes="576" path="slide28.swf" name="slide28.swf" />
  <slide transition="" id="29" frame="0" swidth="720" sheight="540" title="Slide 29" totalframes="647" path="slide29.swf" name="slide29.swf" />
  <slide transition="" id="30" frame="0" swidth="720" sheight="540" title="Slide 30" totalframes="1106" path="slide30.swf" name="slide30.swf" />
  <slide transition="" id="31" frame="0" swidth="720" sheight="540" title="Slide 31" totalframes="470" path="slide31.swf" name="slide31.swf" />
  <slide transition="" id="32" frame="0" swidth="720" sheight="540" title="Slide 32" totalframes="477" path="slide32.swf" name="slide32.swf" />
  <slide transition="" id="33" frame="0" swidth="720" sheight="540" title="Slide 33" totalframes="513" path="slide33.swf" name="slide33.swf" />
  <slide transition="" id="34" frame="0" swidth="720" sheight="540" title="Slide 34" totalframes="855" path="slide34.swf" name="slide34.swf" />
  <slide transition="" id="35" frame="0" swidth="720" sheight="540" title="Slide 35" totalframes="909" path="slide35.swf" name="slide35.swf" />
  <slide transition="" id="36" frame="0" swidth="720" sheight="540" title="Slide 36" totalframes="892" path="slide36.swf" name="slide36.swf" />
  <slide transition="" id="37" frame="0" swidth="720" sheight="540" title="Slide 37" totalframes="636" path="slide37.swf" name="slide37.swf" />
  <slide transition="" id="38" frame="0" swidth="720" sheight="540" title="Slide 38" totalframes="940" path="slide38.swf" name="slide38.swf" />
  <slide transition="" id="39" frame="0" swidth="720" sheight="540" title="Slide 39" totalframes="1317" path="slide39.swf" name="slide39.swf" />
  <slide transition="" id="40" frame="0" swidth="720" sheight="540" title="Slide 40" totalframes="543" path="slide40.swf" name="slide40.swf" />
  <slide transition="" id="41" frame="0" swidth="720" sheight="540" title="Slide 41" totalframes="659" path="slide41.swf" name="slide41.swf" />
  <slide transition="" id="42" frame="0" swidth="720" sheight="540" title="Slide 42" totalframes="1255" path="slide42.swf" name="slide42.swf" />
  <slide transition="" id="43" frame="0" swidth="720" sheight="540" title="Slide 43" totalframes="812" path="slide43.swf" name="slide43.swf" />
  <slide transition="" id="44" frame="0" swidth="720" sheight="540" title="Slide 44" totalframes="553" path="slide44.swf" name="slide44.swf" />
  <slide transition="" id="45" frame="0" swidth="720" sheight="540" title="Slide 45" totalframes="571" path="slide45.swf" name="slide45.swf" />
  <slide transition="" id="46" frame="0" swidth="720" sheight="540" title="Slide 46" totalframes="716" path="slide46.swf" name="slide46.swf" />
  <slide transition="" id="47" frame="0" swidth="720" sheight="540" title="Slide 47" totalframes="562" path="slide47.swf" name="slide47.swf" />
  <slide transition="" id="48" frame="0" swidth="720" sheight="540" title="Slide 48" totalframes="1698" path="slide48.swf" name="slide48.swf" />
  <slide transition="" id="49" frame="0" swidth="720" sheight="540" title="Slide 49" totalframes="709" path="slide49.swf" name="slide49.swf" />
  <slide transition="" id="50" frame="0" swidth="720" sheight="540" title="Slide 50" totalframes="550" path="slide50.swf" name="slide50.swf" />
  <slide transition="" id="51" frame="0" swidth="720" sheight="540" title="Slide 51" totalframes="405" path="slide51.swf" name="slide51.swf" />
  <slide transition="" id="52" frame="0" swidth="720" sheight="540" title="Slide 52" totalframes="779" path="slide52.swf" name="slide52.swf" />
  <slide transition="" id="53" frame="0" swidth="720" sheight="540" title="Slide 53" totalframes="396" path="slide53.swf" name="slide53.swf" />
  <slide transition="" id="54" frame="0" swidth="720" sheight="540" title="Slide 54" totalframes="594" path="slide54.swf" name="slide54.swf" />
  <slide transition="" id="55" frame="0" swidth="720" sheight="540" title="Slide 55" totalframes="561" path="slide55.swf" name="slide55.swf" />
  <slide transition="" id="56" frame="0" swidth="720" sheight="540" title="Slide 56" totalframes="604" path="slide56.swf" name="slide56.swf" />
  <slide transition="" id="57" frame="0" swidth="720" sheight="540" title="Slide 57" totalframes="362" path="slide57.swf" name="slide57.swf" />
  <slide transition="" id="58" frame="0" swidth="720" sheight="540" title="Slide 58" totalframes="773" path="slide58.swf" name="slide58.swf" />
  <slide transition="" id="59" frame="0" swidth="720" sheight="540" title="Slide 59" totalframes="488" path="slide59.swf" name="slide59.swf" />
  <slide transition="" id="60" frame="0" swidth="720" sheight="540" title="Slide 60" totalframes="905" path="slide60.swf" name="slide60.swf" />
  <slide transition="" id="61" frame="0" swidth="720" sheight="540" title="Slide 61" totalframes="610" path="slide61.swf" name="slide61.swf" />
  <slide transition="" id="62" frame="0" swidth="720" sheight="540" title="Slide 62" totalframes="647" path="slide62.swf" name="slide62.swf" />
  <slide transition="" id="63" frame="0" swidth="720" sheight="540" title="Slide 63" totalframes="445" path="slide63.swf" name="slide63.swf" />
  <slide transition="" id="64" frame="0" swidth="720" sheight="540" title="Slide 64" totalframes="564" path="slide64.swf" name="slide64.swf" />
  <slide transition="" id="65" frame="0" swidth="720" sheight="540" title="Slide 65" totalframes="732" path="slide65.swf" name="slide65.swf" />
  <slide transition="" id="66" frame="0" swidth="720" sheight="540" title="Slide 66" totalframes="388" path="slide66.swf" name="slide66.swf" />
  <slide transition="" id="67" frame="0" swidth="720" sheight="540" title="Slide 67" totalframes="556" path="slide67.swf" name="slide67.swf" />
  <slide transition="" id="68" frame="0" swidth="720" sheight="540" title="Slide 68" totalframes="193" path="slide68.swf" name="slide68.swf" />
  <slide transition="" id="69" frame="0" swidth="720" sheight="540" title="Slide 69" totalframes="1067" path="slide69.swf" name="slide69.swf" />
  <slide transition="" id="70" frame="0" swidth="720" sheight="540" title="Slide 70" totalframes="367" path="slide70.swf" name="slide70.swf" />
  <slide transition="" id="71" frame="0" swidth="720" sheight="540" title="Slide 71" totalframes="595" path="slide71.swf" name="slide71.swf" />
  <slide transition="" id="72" frame="0" swidth="720" sheight="540" title="Slide 72" totalframes="203" path="slide72.swf" name="slide72.swf" />
  <slide transition="" id="73" frame="0" swidth="720" sheight="540" title="Slide 73" totalframes="631" path="slide73.swf" name="slide73.swf" />
  <slide transition="" id="74" frame="0" swidth="720" sheight="540" title="Slide 74" totalframes="307" path="slide74.swf" name="slide74.swf" />
  <slide transition="" id="75" frame="0" swidth="720" sheight="540" title="Slide 75" totalframes="715" path="slide75.swf" name="slide75.swf" />
  <slide transition="" id="76" frame="0" swidth="720" sheight="540" title="Slide 76" totalframes="459" path="slide76.swf" name="slide76.swf" />
  <slide transition="" id="77" frame="0" swidth="720" sheight="540" title="Slide 77" totalframes="368" path="slide77.swf" name="slide77.swf" />
  <slide transition="" id="78" frame="0" swidth="720" sheight="540" title="Slide 78" totalframes="613" path="slide78.swf" name="slide78.swf" />
  <slide transition="" id="79" frame="0" swidth="720" sheight="540" title="Slide 79" totalframes="350" path="slide79.swf" name="slide79.swf" />
  <slide transition="" id="80" frame="0" swidth="720" sheight="540" title="Slide 80" totalframes="494" path="slide80.swf" name="slide80.swf" />
  <slide transition="" id="81" frame="0" swidth="720" sheight="540" title="Slide 81" totalframes="424" path="slide81.swf" name="slide81.swf" />
  <slide transition="" id="82" frame="0" swidth="720" sheight="540" title="Slide 82" totalframes="693" path="slide82.swf" name="slide82.swf" />
  <slide transition="" id="83" frame="0" swidth="720" sheight="540" title="Slide 83" totalframes="374" path="slide83.swf" name="slide83.swf" />
  <slide transition="" id="84" frame="0" swidth="720" sheight="540" title="Slide 84" totalframes="575" path="slide84.swf" name="slide84.swf" />
  <slide transition="" id="85" frame="0" swidth="720" sheight="540" title="Slide 85" totalframes="298" path="slide85.swf" name="slide85.swf" />
  <slide transition="" id="86" frame="0" swidth="720" sheight="540" title="Slide 86" totalframes="494" path="slide86.swf" name="slide86.swf" />
  <slide transition="" id="87" frame="0" swidth="720" sheight="540" title="Slide 87" totalframes="429" path="slide87.swf" name="slide87.swf" />
  <slide transition="" id="88" frame="0" swidth="720" sheight="540" title="Slide 88" totalframes="540" path="slide88.swf" name="slide88.swf" />
  <slide transition="" id="89" frame="0" swidth="720" sheight="540" title="Slide 89" totalframes="594" path="slide89.swf" name="slide89.swf" />
  <slide transition="" id="90" frame="0" swidth="720" sheight="540" title="Slide 90" totalframes="605" path="slide90.swf" name="slide90.swf" />
  <slide transition="" id="91" frame="0" swidth="720" sheight="540" title="Slide 91" totalframes="629" path="slide91.swf" name="slide91.swf" />
  <slide transition="" id="92" frame="0" swidth="720" sheight="540" title="Slide 92" totalframes="821" path="slide92.swf" name="slide92.swf" />
  <slide transition="" id="93" frame="0" swidth="720" sheight="540" title="Slide 93" totalframes="508" path="slide93.swf" name="slide93.swf" />
  <slide transition="" id="94" frame="0" swidth="720" sheight="540" title="Slide 94" totalframes="548" path="slide94.swf" name="slide94.swf" />
  <slide transition="" id="95" frame="0" swidth="720" sheight="540" title="Slide 95" totalframes="518" path="slide95.swf" name="slide95.swf" />
  <slide transition="" id="96" frame="0" swidth="720" sheight="540" title="Slide 96" totalframes="582" path="slide96.swf" name="slide96.swf" />
  <slide transition="" id="97" frame="0" swidth="720" sheight="540" title="Slide 97" totalframes="402" path="slide97.swf" name="slide97.swf" />
  <slide transition="" id="98" frame="0" swidth="720" sheight="540" title="Slide 98" totalframes="244" path="slide98.swf" name="slide98.swf" />
  <slide transition="" id="99" frame="0" swidth="720" sheight="540" title="Slide 99" totalframes="496" path="slide99.swf" name="slide99.swf" />
  <slide transition="" id="100" frame="0" swidth="720" sheight="540" title="Exemplos de cartões CRC  " totalframes="637" path="slide100.swf" name="slide100.swf" />
  <slide transition="" id="101" frame="0" swidth="720" sheight="540" title="Slide 101" totalframes="463" path="slide101.swf" name="slide101.swf" />
  <slide transition="" id="102" frame="0" swidth="720" sheight="540" title="Slide 102" totalframes="461" path="slide102.swf" name="slide102.swf" />
  <slide transition="" id="103" frame="0" swidth="720" sheight="540" title="Slide 103" totalframes="402" path="slide103.swf" name="slide103.swf" />
  <slide transition="" id="104" frame="0" swidth="720" sheight="540" title="Slide 104" totalframes="575" path="slide104.swf" name="slide104.swf" />
  <slide transition="" id="105" frame="0" swidth="720" sheight="540" title="Slide 105" totalframes="459" path="slide105.swf" name="slide105.swf" />
  <slide transition="" id="106" frame="0" swidth="720" sheight="540" title="Slide 106" totalframes="528" path="slide106.swf" name="slide106.swf" />
  <slide transition="" id="107" frame="0" swidth="720" sheight="540" title="Slide 107" totalframes="670" path="slide107.swf" name="slide107.swf" />
  <slide transition="" id="108" frame="0" swidth="720" sheight="540" title="Slide 108" totalframes="682" path="slide108.swf" name="slide108.swf" />
  <slide transition="" id="109" frame="0" swidth="720" sheight="540" title="Slide 109" totalframes="972" path="slide109.swf" name="slide109.swf" />
  <slide transition="" id="110" frame="0" swidth="720" sheight="540" title="Slide 110" totalframes="367" path="slide110.swf" name="slide110.swf" />
  <slide transition="" id="111" frame="0" swidth="720" sheight="540" title="Slide 111" totalframes="213" path="slide111.swf" name="slide111.swf" />
  <slide transition="" id="112" frame="0" swidth="720" sheight="540" title="Slide 112" totalframes="606" path="slide112.swf" name="slide112.swf" />
  <slide transition="" id="113" frame="0" swidth="720" sheight="540" title="Slide 113" totalframes="660" path="slide113.swf" name="slide113.swf" />
  <slide transition="" id="114" frame="0" swidth="720" sheight="540" title="Slide 114" totalframes="609" path="slide114.swf" name="slide114.swf" />
  <slide transition="" id="115" frame="0" swidth="720" sheight="540" title="Slide 115" totalframes="392" path="slide115.swf" name="slide115.swf" />
  <slide transition="" id="116" frame="0" swidth="720" sheight="540" title="Slide 116" totalframes="359" path="slide116.swf" name="slide116.swf" />
</root>