﻿<?xml version="1.0" encoding="UTF-8"?>
<presentation>
  <properties>
    <title><![CDATA[Aula_03]]></title>
    <creationdate>26/07/2012 19:37:10</creationdate>
    <audio>on</audio>
    <navigationonclick>false</navigationonclick>
    <animations>true</animations>
    <transitions>false</transitions>
    <sdkversion>07</sdkversion>
    <release>1.1</release>
    <soundacrossslides>false</soundacrossslides>
    <defaulturl>Slides/default_0.swf</defaulturl>
    <video>
    </video>
    <templatecolor>Silver</templatecolor>
    <layout>E-Learning Standard</layout>
    <presentertitle><![CDATA[]]></presentertitle>
    <presentername><![CDATA[]]></presentername>
    <presentercompany><![CDATA[]]></presentercompany>
    <presenteremail><![CDATA[]]></presenteremail>
    <presentationtitle>Aula_03</presentationtitle>
    <powerpointfile>Aula_03.ppt</powerpointfile>
    <presentationdescription><![CDATA[]]></presentationdescription>
    <presentationkeywords>O Processo de Requisitos de Software,Tipos de Requisitos Não Funcionais,O Processo de Requisitos de Software,Requisitos de Domínio - Exemplos:,O Processo de Requisitos de Software,Notações para a especificação de requisitos:,O Processo de Requisitos de Software,Especificações em Linguagem Natural Estruturada - Exemplo,O Processo de Requisitos de Software,PDL baseada em Java de uma interface de servidor de impressão (PrintServer).,O Processo de Requisitos de Software: Documento de requisito de software,O Processo de Requisitos de Software,O Processo de Requisitos de Software: Usuários de um documento de requisitos.</presentationkeywords>
    <audioquality>Medium</audioquality>
    <imagequality>9</imagequality>
    <showslidenotesinoutput>True</showslidenotesinoutput>
    <usenarrations>True</usenarrations>
  </properties>
  <slides>
    <slide id="1">
      <transition>
      </transition>
      <width>720</width>
      <height>540</height>
      <transitionurl>
      </transitionurl>
      <embeddedsound>
        <audio onclick="false" type="n" repeat="false" startframe="1" duration="1" />
      </embeddedsound>
      <slidenavigation onclick="true" slideadvmode="true" />
      <fileurl>Slides/slide1.swf</fileurl>
      <slideimage height="150" width="200">Images/slide1_200,150.jpg</slideimage>
      <title><![CDATA[Slide 1]]></title>
      <notes><![CDATA[]]></notes>
      <slidetext><![CDATA[MBA em Engenharia de Software a Distância  Disciplina:Análise e Gerência de Requisitos  ]]></slidetext>
      <animations>
      </animations>
      <waitforuser>false</waitforuser>
      <totalframes>127</totalframes>
      <time>00:00:06</time>
      <transitionmediaurl />
    </slide>
    <slide id="2">
      <transition>
      </transition>
      <width>720</width>
      <height>540</height>
      <transitionurl>
      </transitionurl>
      <embeddedsound>
        <audio onclick="false" type="n" repeat="false" startframe="1" duration="1" />
      </embeddedsound>
      <slidenavigation onclick="true" slideadvmode="true" />
      <fileurl>Slides/slide2.swf</fileurl>
      <slideimage height="150" width="200">Images/slide2_200,150.jpg</slideimage>
      <title><![CDATA[O Processo de Requisitos de Software]]></title>
      <notes><![CDATA[]]></notes>
      <slidetext><![CDATA[O Processo de Requisitos de Software  Requisitos de software: Os problemas que os engenheiros de software têm para solucionar são, muitas vezes, imensamente complexos.Compreender a natureza dos problemas pode ser muito difícil, especialmente se o sistema for novo. Conseqüentemente, é difícil estabelecer com exatidão o que o sistema deve fazer.  ]]></slidetext>
      <animations>
      </animations>
      <waitforuser>false</waitforuser>
      <totalframes>503</totalframes>
      <time>00:00:25</time>
      <transitionmediaurl />
    </slide>
    <slide id="3">
      <transition>
      </transition>
      <width>720</width>
      <height>540</height>
      <transitionurl>
      </transitionurl>
      <embeddedsound>
        <audio onclick="false" type="n" repeat="false" startframe="1" duration="1" />
      </embeddedsound>
      <slidenavigation onclick="true" slideadvmode="true" />
      <fileurl>Slides/slide3.swf</fileurl>
      <slideimage height="150" width="200">Images/slide3_200,150.jpg</slideimage>
      <title><![CDATA[O Processo de Requisitos de Software]]></title>
      <notes><![CDATA[]]></notes>
      <slidetext><![CDATA[O Processo de Requisitos de Software  As descrições das funções e das restrições são os requisitos para o sistema; O processo de descobrir, analisar, documentar e verificar essas funções e restrições é chamado de engenharia de requisitos.  ]]></slidetext>
      <animations>
      </animations>
      <waitforuser>false</waitforuser>
      <totalframes>359</totalframes>
      <time>00:00:17</time>
      <transitionmediaurl />
    </slide>
    <slide id="4">
      <transition>
      </transition>
      <width>720</width>
      <height>540</height>
      <transitionurl>
      </transitionurl>
      <embeddedsound>
        <audio onclick="false" type="n" repeat="false" startframe="1" duration="1" />
      </embeddedsound>
      <slidenavigation onclick="true" slideadvmode="true" />
      <fileurl>Slides/slide4.swf</fileurl>
      <slideimage height="150" width="200">Images/slide4_200,150.jpg</slideimage>
      <title><![CDATA[O Processo de Requisitos de Software]]></title>
      <notes><![CDATA[]]></notes>
      <slidetext><![CDATA[O Processo de Requisitos de Software  Um requisito é definido como "uma condição ou uma capacidade com a qual o sistema deve estar de acordo". “Descrição abstrata dos serviços que o sistema deve fornecer e das restrições sob as quais o sistema deve operar”  ]]></slidetext>
      <animations>
      </animations>
      <waitforuser>false</waitforuser>
      <totalframes>354</totalframes>
      <time>00:00:17</time>
      <transitionmediaurl />
    </slide>
    <slide id="5">
      <transition>
      </transition>
      <width>720</width>
      <height>540</height>
      <transitionurl>
      </transitionurl>
      <embeddedsound>
        <audio onclick="false" type="n" repeat="false" startframe="1" duration="1" />
      </embeddedsound>
      <slidenavigation onclick="true" slideadvmode="true" />
      <fileurl>Slides/slide5.swf</fileurl>
      <slideimage height="150" width="200">Images/slide5_200,150.jpg</slideimage>
      <title><![CDATA[O Processo de Requisitos de Software]]></title>
      <notes><![CDATA[]]></notes>
      <slidetext><![CDATA[O Processo de Requisitos de Software  Os requisitos devem ser redigidos de modo que os diversos participantes possam apresentar propostas, oferecendo diferentes maneiras de atender às necessidades organizacionais do cliente.  ]]></slidetext>
      <animations>
      </animations>
      <waitforuser>false</waitforuser>
      <totalframes>652</totalframes>
      <time>00:00:32</time>
      <transitionmediaurl />
    </slide>
    <slide id="6">
      <transition>
      </transition>
      <width>720</width>
      <height>540</height>
      <transitionurl>
      </transitionurl>
      <embeddedsound>
        <audio onclick="false" type="n" repeat="false" startframe="1" duration="1" />
      </embeddedsound>
      <slidenavigation onclick="true" slideadvmode="true" />
      <fileurl>Slides/slide6.swf</fileurl>
      <slideimage height="150" width="200">Images/slide6_200,150.jpg</slideimage>
      <title><![CDATA[O Processo de Requisitos de Software]]></title>
      <notes><![CDATA[]]></notes>
      <slidetext><![CDATA[O Processo de Requisitos de Software  Uma vez estabelecido um contrato, os participantes precisam preparar uma definição de sistema para o cliente, com mais detalhes, de modo que o cliente compreenda e possa validar o que o software fará. Esse documento pode ser chamado de documento de requisitos do sistema.  ]]></slidetext>
      <animations>
      </animations>
      <waitforuser>false</waitforuser>
      <totalframes>531</totalframes>
      <time>00:00:26</time>
      <transitionmediaurl />
    </slide>
    <slide id="7">
      <transition>
      </transition>
      <width>720</width>
      <height>540</height>
      <transitionurl>
      </transitionurl>
      <embeddedsound>
        <audio onclick="false" type="n" repeat="false" startframe="1" duration="1" />
      </embeddedsound>
      <slidenavigation onclick="true" slideadvmode="true" />
      <fileurl>Slides/slide7.swf</fileurl>
      <slideimage height="150" width="200">Images/slide7_200,150.jpg</slideimage>
      <title><![CDATA[O Processo de Requisitos de Software]]></title>
      <notes><![CDATA[]]></notes>
      <slidetext><![CDATA[O Processo de Requisitos de Software  Tipos de RequisitosRequisitos de negócio (domínio) Requisitos de usuário Requisitos de sistema    Requisitos funcionais funcionais (comportamento e propriedade)    Requisitos  não funcionais não funcionais (qualitativos, quantitativos, restritivos)  ]]></slidetext>
      <animations>
      </animations>
      <waitforuser>false</waitforuser>
      <totalframes>548</totalframes>
      <time>00:00:27</time>
      <transitionmediaurl />
    </slide>
    <slide id="8">
      <transition>
      </transition>
      <width>720</width>
      <height>540</height>
      <transitionurl>
      </transitionurl>
      <embeddedsound>
        <audio onclick="false" type="n" repeat="false" startframe="1" duration="1" />
      </embeddedsound>
      <slidenavigation onclick="true" slideadvmode="true" />
      <fileurl>Slides/slide8.swf</fileurl>
      <slideimage height="150" width="200">Images/slide8_200,150.jpg</slideimage>
      <title><![CDATA[O Processo de Requisitos de Software]]></title>
      <notes><![CDATA[]]></notes>
      <slidetext><![CDATA[O Processo de Requisitos de Software  Requisitos do UsuárioSão declarações, em linguagem natural e também em diagramas, sobre as funções que o sistema deve fornecer e as restrições sob as quais deve operar. Requisitos de usuários descrevem as atividades que os usuários deverão ser capazes de executar com a utilização do sistema.  ]]></slidetext>
      <animations>
      </animations>
      <waitforuser>false</waitforuser>
      <totalframes>449</totalframes>
      <time>00:00:22</time>
      <transitionmediaurl />
    </slide>
    <slide id="9">
      <transition>
      </transition>
      <width>720</width>
      <height>540</height>
      <transitionurl>
      </transitionurl>
      <embeddedsound>
        <audio onclick="false" type="n" repeat="false" startframe="1" duration="1" />
      </embeddedsound>
      <slidenavigation onclick="true" slideadvmode="true" />
      <fileurl>Slides/slide9.swf</fileurl>
      <slideimage height="150" width="200">Images/slide9_200,150.jpg</slideimage>
      <title><![CDATA[O Processo de Requisitos de Software]]></title>
      <notes><![CDATA[]]></notes>
      <slidetext><![CDATA[O Processo de Requisitos de Software  Requisitos do Sistema Estabelecem detalhadamente as funções e as restrições de sistema. O documento de requisitos de sistema, também chamado de especificação funcional, deve ser preciso. Serve como um contrato entre o contratante do sistema e o desenvolvedor do software.  ]]></slidetext>
      <animations>
      </animations>
      <waitforuser>false</waitforuser>
      <totalframes>427</totalframes>
      <time>00:00:21</time>
      <transitionmediaurl />
    </slide>
    <slide id="10">
      <transition>
      </transition>
      <width>720</width>
      <height>540</height>
      <transitionurl>
      </transitionurl>
      <embeddedsound>
        <audio onclick="false" type="n" repeat="false" startframe="1" duration="1" />
      </embeddedsound>
      <slidenavigation onclick="true" slideadvmode="true" />
      <fileurl>Slides/slide10.swf</fileurl>
      <slideimage height="150" width="200">Images/slide10_200,150.jpg</slideimage>
      <title><![CDATA[O Processo de Requisitos de Software]]></title>
      <notes><![CDATA[]]></notes>
      <slidetext><![CDATA[O Processo de Requisitos de Software  Requisitos do SistemaExemplo: 1) o software deve oferecer um meio de representar e acessar arquivos externos criados por outras ferramentas 2) o usuário deve dispor de recursos para definir o tipo dos arquivos externos;  ]]></slidetext>
      <animations>
      </animations>
      <waitforuser>false</waitforuser>
      <totalframes>410</totalframes>
      <time>00:00:20</time>
      <transitionmediaurl />
    </slide>
    <slide id="11">
      <transition>
      </transition>
      <width>720</width>
      <height>540</height>
      <transitionurl>
      </transitionurl>
      <embeddedsound>
        <audio onclick="false" type="n" repeat="false" startframe="1" duration="1" />
      </embeddedsound>
      <slidenavigation onclick="true" slideadvmode="true" />
      <fileurl>Slides/slide11.swf</fileurl>
      <slideimage height="150" width="200">Images/slide11_200,150.jpg</slideimage>
      <title><![CDATA[O Processo de Requisitos de Software]]></title>
      <notes><![CDATA[]]></notes>
      <slidetext><![CDATA[O Processo de Requisitos de Software  Requisitos do Sistema3) cada tipo de arquivos externo pode ter uma ferramenta associada que pode ser aplicada a ele;4) cada tipo de arquivo externo pode ser representado com um ícone específico;5) devem ser fornecidos recursos para o ícone que representa um arquivo externo, a ser definido pelo usuário;6) quando um usuário seleciona um ícone que representa um arquivo externo, o efeito dessa seleção é aplicar a ferramenta associada com o tipo de arquivo externo ao arquivo representado pelo ícone selecionado.  ]]></slidetext>
      <animations>
      </animations>
      <waitforuser>false</waitforuser>
      <totalframes>704</totalframes>
      <time>00:00:35</time>
      <transitionmediaurl />
    </slide>
    <slide id="12">
      <transition>
      </transition>
      <width>720</width>
      <height>540</height>
      <transitionurl>
      </transitionurl>
      <embeddedsound>
        <audio onclick="false" type="n" repeat="false" startframe="1" duration="1" />
      </embeddedsound>
      <slidenavigation onclick="true" slideadvmode="true" />
      <fileurl>Slides/slide12.swf</fileurl>
      <slideimage height="150" width="200">Images/slide12_200,150.jpg</slideimage>
      <title><![CDATA[O Processo de Requisitos de Software]]></title>
      <notes><![CDATA[]]></notes>
      <slidetext><![CDATA[O Processo de Requisitos de Software  Especificação do SoftwareDescrição detalhada do software que serve como base para projeto ou implementação.Escrito para desenvolvedores.  ]]></slidetext>
      <animations>
      </animations>
      <waitforuser>false</waitforuser>
      <totalframes>259</totalframes>
      <time>00:00:12</time>
      <transitionmediaurl />
    </slide>
    <slide id="13">
      <transition>
      </transition>
      <width>720</width>
      <height>540</height>
      <transitionurl>
      </transitionurl>
      <embeddedsound>
        <audio onclick="false" type="n" repeat="false" startframe="1" duration="1" />
      </embeddedsound>
      <slidenavigation onclick="true" slideadvmode="true" />
      <fileurl>Slides/slide13.swf</fileurl>
      <slideimage height="150" width="200">Images/slide13_200,150.jpg</slideimage>
      <title><![CDATA[O Processo de Requisitos de Software]]></title>
      <notes><![CDATA[]]></notes>
      <slidetext><![CDATA[O Processo de Requisitos de Software  Os requisitos do usuário devem ser escritos para gerentes do cliente e dos participantes, que não tenham um documento técnico detalhado do sistema.  ]]></slidetext>
      <animations>
      </animations>
      <waitforuser>false</waitforuser>
      <totalframes>491</totalframes>
      <time>00:00:24</time>
      <transitionmediaurl />
    </slide>
    <slide id="14">
      <transition>
      </transition>
      <width>720</width>
      <height>540</height>
      <transitionurl>
      </transitionurl>
      <embeddedsound>
        <audio onclick="false" type="n" repeat="false" startframe="1" duration="1" />
      </embeddedsound>
      <slidenavigation onclick="true" slideadvmode="true" />
      <fileurl>Slides/slide14.swf</fileurl>
      <slideimage height="150" width="200">Images/slide14_200,150.jpg</slideimage>
      <title><![CDATA[O Processo de Requisitos de Software]]></title>
      <notes><![CDATA[]]></notes>
      <slidetext><![CDATA[O Processo de Requisitos de Software  A especificação de requisitos de sistema deve ter como alvo os técnicos e os gerentes de projeto. Será utilizado pelo gerente do cliente e do participante.  ]]></slidetext>
      <animations>
      </animations>
      <waitforuser>false</waitforuser>
      <totalframes>476</totalframes>
      <time>00:00:23</time>
      <transitionmediaurl />
    </slide>
    <slide id="15">
      <transition>
      </transition>
      <width>720</width>
      <height>540</height>
      <transitionurl>
      </transitionurl>
      <embeddedsound>
        <audio onclick="false" type="n" repeat="false" startframe="1" duration="1" />
      </embeddedsound>
      <slidenavigation onclick="true" slideadvmode="true" />
      <fileurl>Slides/slide15.swf</fileurl>
      <slideimage height="150" width="200">Images/slide15_200,150.jpg</slideimage>
      <title><![CDATA[O Processo de Requisitos de Software]]></title>
      <notes><![CDATA[]]></notes>
      <slidetext><![CDATA[O Processo de Requisitos de Software  A especificação de projeto de software é um documento orientado à implementação. Ele deve ser escrito para os engenheiros de software que desenvolverão o sistema.  ]]></slidetext>
      <animations>
      </animations>
      <waitforuser>false</waitforuser>
      <totalframes>491</totalframes>
      <time>00:00:24</time>
      <transitionmediaurl />
    </slide>
    <slide id="16">
      <transition>
      </transition>
      <width>720</width>
      <height>540</height>
      <transitionurl>
      </transitionurl>
      <embeddedsound>
        <audio onclick="false" type="n" repeat="false" startframe="1" duration="1" />
      </embeddedsound>
      <slidenavigation onclick="true" slideadvmode="true" />
      <fileurl>Slides/slide16.swf</fileurl>
      <slideimage height="150" width="200">Images/slide16_200,150.jpg</slideimage>
      <title><![CDATA[O Processo de Requisitos de Software]]></title>
      <notes><![CDATA[]]></notes>
      <slidetext><![CDATA[O Processo de Requisitos de Software  Requisitos Funcionais e Não-FuncionaisOs requisitos de sistema de software são, freqüentemente, classificados como:Funcionais;Não-funcionais ou como requisitos de domínio :  ]]></slidetext>
      <animations>
      </animations>
      <waitforuser>false</waitforuser>
      <totalframes>312</totalframes>
      <time>00:00:15</time>
      <transitionmediaurl />
    </slide>
    <slide id="17">
      <transition>
      </transition>
      <width>720</width>
      <height>540</height>
      <transitionurl>
      </transitionurl>
      <embeddedsound>
        <audio onclick="false" type="n" repeat="false" startframe="1" duration="1" />
      </embeddedsound>
      <slidenavigation onclick="true" slideadvmode="true" />
      <fileurl>Slides/slide17.swf</fileurl>
      <slideimage height="150" width="200">Images/slide17_200,150.jpg</slideimage>
      <title><![CDATA[O Processo de Requisitos de Software]]></title>
      <notes><![CDATA[]]></notes>
      <slidetext><![CDATA[O Processo de Requisitos de Software  Requisitos Funcionais. São declarações de funções que o sistema deve fornecer, como o sistema deve reagir a entradas específicas e como deve se comportar em determinadas situações. Em alguns casos, os requisitos funcionais podem também explicitamente declarar o que o sistema não deve fazer.  ]]></slidetext>
      <animations>
      </animations>
      <waitforuser>false</waitforuser>
      <totalframes>485</totalframes>
      <time>00:00:24</time>
      <transitionmediaurl />
    </slide>
    <slide id="18">
      <transition>
      </transition>
      <width>720</width>
      <height>540</height>
      <transitionurl>
      </transitionurl>
      <embeddedsound>
        <audio onclick="false" type="n" repeat="false" startframe="1" duration="1" />
      </embeddedsound>
      <slidenavigation onclick="true" slideadvmode="true" />
      <fileurl>Slides/slide18.swf</fileurl>
      <slideimage height="150" width="200">Images/slide18_200,150.jpg</slideimage>
      <title><![CDATA[O Processo de Requisitos de Software]]></title>
      <notes><![CDATA[]]></notes>
      <slidetext><![CDATA[O Processo de Requisitos de Software  Os requisitos funcionais especificam ações que um sistema deve ser capaz de executar, sem levar em consideração restrições físicas.Os requisitos funcionais definem as funcionalidades que o sistema deve possuir para que os usuários possam executar suas atividades, de modo a atingir os objetivos do negócio.  ]]></slidetext>
      <animations>
      </animations>
      <waitforuser>false</waitforuser>
      <totalframes>494</totalframes>
      <time>00:00:24</time>
      <transitionmediaurl />
    </slide>
    <slide id="19">
      <transition>
      </transition>
      <width>720</width>
      <height>540</height>
      <transitionurl>
      </transitionurl>
      <embeddedsound>
        <audio onclick="false" type="n" repeat="false" startframe="1" duration="1" />
      </embeddedsound>
      <slidenavigation onclick="true" slideadvmode="true" />
      <fileurl>Slides/slide19.swf</fileurl>
      <slideimage height="150" width="200">Images/slide19_200,150.jpg</slideimage>
      <title><![CDATA[O Processo de Requisitos de Software]]></title>
      <notes><![CDATA[]]></notes>
      <slidetext><![CDATA[O Processo de Requisitos de Software  Requisitos Não-funcionais: São restrições sobre os serviços ou as funções oferecidas pelo sistema. 	Entre eles destacam-se restrições de tempo, restrições sobre o processo de desenvolvimento, padrões, entre outros. Exemplo: padrões, regulamento e contratos com os quais o sistema deve ter conformidade; descrição de interfaces externas e requisitos de desempenho;Requisitos de Domínio: São requisitos que se originam do domínio de aplicação do sistema e que refletem características desse domínio. Podem ser requisitos funcionais ou não funcionais.  ]]></slidetext>
      <animations>
      </animations>
      <waitforuser>false</waitforuser>
      <totalframes>806</totalframes>
      <time>00:00:40</time>
      <transitionmediaurl />
    </slide>
    <slide id="20">
      <transition>
      </transition>
      <width>720</width>
      <height>540</height>
      <transitionurl>
      </transitionurl>
      <embeddedsound>
        <audio onclick="false" type="n" repeat="false" startframe="1" duration="1" />
      </embeddedsound>
      <slidenavigation onclick="true" slideadvmode="true" />
      <fileurl>Slides/slide20.swf</fileurl>
      <slideimage height="150" width="200">Images/slide20_200,150.jpg</slideimage>
      <title><![CDATA[O Processo de Requisitos de Software]]></title>
      <notes><![CDATA[]]></notes>
      <slidetext><![CDATA[O Processo de Requisitos de Software  Os requisitos de domínio (negócio) correspondem aos objetivos de negócio - ou do usuário - que devem ser satisfeitos pelo sistema.Na realidade, a distinção entre esses diferentes tipos de requisitos não é tão clara como sugerem definições simples.Requisitos funcionais: Para um sistema descrevem a funcionalidade ou os serviços que se espera que o sistema forneça. Dependem do tipo de software que está sendo desenvolvido, dos usuários de software que se espera verificar e do tipo de sistema que está sendo desenvolvido.  ]]></slidetext>
      <animations>
      </animations>
      <waitforuser>false</waitforuser>
      <totalframes>849</totalframes>
      <time>00:00:42</time>
      <transitionmediaurl />
    </slide>
    <slide id="21">
      <transition>
      </transition>
      <width>720</width>
      <height>540</height>
      <transitionurl>
      </transitionurl>
      <embeddedsound>
        <audio onclick="false" type="n" repeat="false" startframe="1" duration="1" />
      </embeddedsound>
      <slidenavigation onclick="true" slideadvmode="true" />
      <fileurl>Slides/slide21.swf</fileurl>
      <slideimage height="150" width="200">Images/slide21_200,150.jpg</slideimage>
      <title><![CDATA[O Processo de Requisitos de Software]]></title>
      <notes><![CDATA[]]></notes>
      <slidetext><![CDATA[O Processo de Requisitos de Software  Quando expressos como requisitos de usuário, eles são normalmente descritos de um modo bastante geral, mas os requisitos funcionais de sistema descrevem a função de sistema detalhadamente, suas entradas e saídas, exceções, etc. Os requisitos funcionais especificam, o comportamento de entrada e saída de um sistema. Requisitos funcionais devem descrever os serviços do sistema em detalhes.  ]]></slidetext>
      <animations>
      </animations>
      <waitforuser>false</waitforuser>
      <totalframes>634</totalframes>
      <time>00:00:31</time>
      <transitionmediaurl />
    </slide>
    <slide id="22">
      <transition>
      </transition>
      <width>720</width>
      <height>540</height>
      <transitionurl>
      </transitionurl>
      <embeddedsound>
        <audio onclick="false" type="n" repeat="false" startframe="1" duration="1" />
      </embeddedsound>
      <slidenavigation onclick="true" slideadvmode="true" />
      <fileurl>Slides/slide22.swf</fileurl>
      <slideimage height="150" width="200">Images/slide22_200,150.jpg</slideimage>
      <title><![CDATA[O Processo de Requisitos de Software]]></title>
      <notes><![CDATA[]]></notes>
      <slidetext><![CDATA[O Processo de Requisitos de Software  Os requisitos funcionais de um sistema podem ser expressos de diversas maneiras. Exemplo: requisitos funcionais do sistema de biblioteca para que os estudantes possam pedir livros e documentos de outras bibliotecas: O usuário poderá pesquisar todo o conjunto inicial de banco de dados ou selecionar um sub-conjunto dele.  ]]></slidetext>
      <animations>
      </animations>
      <waitforuser>false</waitforuser>
      <totalframes>448</totalframes>
      <time>00:00:22</time>
      <transitionmediaurl />
    </slide>
    <slide id="23">
      <transition>
      </transition>
      <width>720</width>
      <height>540</height>
      <transitionurl>
      </transitionurl>
      <embeddedsound>
        <audio onclick="false" type="n" repeat="false" startframe="1" duration="1" />
      </embeddedsound>
      <slidenavigation onclick="true" slideadvmode="true" />
      <fileurl>Slides/slide23.swf</fileurl>
      <slideimage height="150" width="200">Images/slide23_200,150.jpg</slideimage>
      <title><![CDATA[O Processo de Requisitos de Software]]></title>
      <notes><![CDATA[]]></notes>
      <slidetext><![CDATA[O Processo de Requisitos de Software  O sistema deve oferecer visualizadores apropriados para o usuário ler documentos armazenados.A todo pedido deve ser associado um identificador único.  ]]></slidetext>
      <animations>
      </animations>
      <waitforuser>false</waitforuser>
      <totalframes>228</totalframes>
      <time>00:00:11</time>
      <transitionmediaurl />
    </slide>
    <slide id="24">
      <transition>
      </transition>
      <width>720</width>
      <height>540</height>
      <transitionurl>
      </transitionurl>
      <embeddedsound>
        <audio onclick="false" type="n" repeat="false" startframe="1" duration="1" />
      </embeddedsound>
      <slidenavigation onclick="true" slideadvmode="true" />
      <fileurl>Slides/slide24.swf</fileurl>
      <slideimage height="150" width="200">Images/slide24_200,150.jpg</slideimage>
      <title><![CDATA[O Processo de Requisitos de Software]]></title>
      <notes><![CDATA[]]></notes>
      <slidetext><![CDATA[O Processo de Requisitos de Software  Em princípio, requisitos devem ser completos e consistentes.CompletoDescrições de todos os serviços.ConsistênciaNão deve haver conflitos e contradições nas descrições dos serviços.Na prática, torna-se impossível produzir um documento de requisitos completo e consistente.  ]]></slidetext>
      <animations>
      </animations>
      <waitforuser>false</waitforuser>
      <totalframes>446</totalframes>
      <time>00:00:22</time>
      <transitionmediaurl />
    </slide>
    <slide id="25">
      <transition>
      </transition>
      <width>720</width>
      <height>540</height>
      <transitionurl>
      </transitionurl>
      <embeddedsound>
        <audio onclick="false" type="n" repeat="false" startframe="1" duration="1" />
      </embeddedsound>
      <slidenavigation onclick="true" slideadvmode="true" />
      <fileurl>Slides/slide25.swf</fileurl>
      <slideimage height="150" width="200">Images/slide25_200,150.jpg</slideimage>
      <title><![CDATA[O Processo de Requisitos de Software]]></title>
      <notes><![CDATA[]]></notes>
      <slidetext><![CDATA[O Processo de Requisitos de Software  Requisitos Não Funcionais: Os requisitos não funcionais, como o nome sugere, são aqueles que não dizem respeito diretamente às funções específicas fornecidas pelo sistema. Podem estar relacionados a propriedades de sistema emergentes, como confiabilidade, tempo de resposta e espaço em disco.  ]]></slidetext>
      <animations>
      </animations>
      <waitforuser>false</waitforuser>
      <totalframes>539</totalframes>
      <time>00:00:26</time>
      <transitionmediaurl />
    </slide>
    <slide id="26">
      <transition>
      </transition>
      <width>720</width>
      <height>540</height>
      <transitionurl>
      </transitionurl>
      <embeddedsound>
        <audio onclick="false" type="n" repeat="false" startframe="1" duration="1" />
      </embeddedsound>
      <slidenavigation onclick="true" slideadvmode="true" />
      <fileurl>Slides/slide26.swf</fileurl>
      <slideimage height="150" width="200">Images/slide26_200,150.jpg</slideimage>
      <title><![CDATA[O Processo de Requisitos de Software]]></title>
      <notes><![CDATA[]]></notes>
      <slidetext><![CDATA[O Processo de Requisitos de Software  Como alternativa, eles podem definir restrições para o sistema, como:a capacidade dos dispositivos de E/S (entrada/saída) e;as representações de dados utilizadas nas interfaces de sistema. Podem especificar o uso de determinadas linguagens de programação, método de desenvolvimento.  ]]></slidetext>
      <animations>
      </animations>
      <waitforuser>false</waitforuser>
      <totalframes>422</totalframes>
      <time>00:00:21</time>
      <transitionmediaurl />
    </slide>
    <slide id="27">
      <transition>
      </transition>
      <width>720</width>
      <height>540</height>
      <transitionurl>
      </transitionurl>
      <embeddedsound>
        <audio onclick="false" type="n" repeat="false" startframe="1" duration="1" />
      </embeddedsound>
      <slidenavigation onclick="true" slideadvmode="true" />
      <fileurl>Slides/slide27.swf</fileurl>
      <slideimage height="150" width="200">Images/slide27_200,150.jpg</slideimage>
      <title><![CDATA[O Processo de Requisitos de Software]]></title>
      <notes><![CDATA[]]></notes>
      <slidetext><![CDATA[O Processo de Requisitos de Software  Requisitos não funcionais compreendem:Requisitos de armazenamento de informação;Requisitos de produto (ex. rapidez, confiabilidade);Requisitos organizacionais (ex. padrões de processo usados);Requisitos externos (ex. requisitos legislativos, éticos).Requisitos técnicos (desempenho, interface, linguagens de programação, funções de integração etc.);  ]]></slidetext>
      <animations>
      </animations>
      <waitforuser>false</waitforuser>
      <totalframes>759</totalframes>
      <time>00:00:37</time>
      <transitionmediaurl />
    </slide>
    <slide id="28">
      <transition>
      </transition>
      <width>720</width>
      <height>540</height>
      <transitionurl>
      </transitionurl>
      <embeddedsound>
        <audio onclick="false" type="n" repeat="false" startframe="1" duration="1" />
      </embeddedsound>
      <slidenavigation onclick="true" slideadvmode="true" />
      <fileurl>Slides/slide28.swf</fileurl>
      <slideimage height="150" width="200">Images/slide28_200,150.jpg</slideimage>
      <title><![CDATA[O Processo de Requisitos de Software]]></title>
      <notes><![CDATA[]]></notes>
      <slidetext><![CDATA[O Processo de Requisitos de Software  Requisitos não funcionais compreendem:Requisitos de interface; Requisitos operacionais; Requisitos de recursos (potência, memória principal, espaço em disco etc.);Requisitos dos testes de aceitação; Requisitos de documentação; Requisitos de qualidade;Requisitos de confiabilidade.  ]]></slidetext>
      <animations>
      </animations>
      <waitforuser>false</waitforuser>
      <totalframes>364</totalframes>
      <time>00:00:18</time>
      <transitionmediaurl />
    </slide>
    <slide id="29">
      <transition>
      </transition>
      <width>720</width>
      <height>540</height>
      <transitionurl>
      </transitionurl>
      <embeddedsound>
        <audio onclick="false" type="n" repeat="false" startframe="1" duration="1" />
      </embeddedsound>
      <slidenavigation onclick="true" slideadvmode="true" />
      <fileurl>Slides/slide29.swf</fileurl>
      <slideimage height="150" width="200">Images/slide29_200,150.jpg</slideimage>
      <title><![CDATA[O Processo de Requisitos de Software]]></title>
      <notes><![CDATA[]]></notes>
      <slidetext><![CDATA[O Processo de Requisitos de Software  Classificação dos Requisitos Não-Funcionais:Requisitos do ProdutoProduto entregue deve comportar-se de forma particular (velocidade de execução, confiabilidade, etc). Exemplo: Toda consulta ao banco de dados baseada em código de barras não deve exceder 5 segundos.  ]]></slidetext>
      <animations>
      </animations>
      <waitforuser>false</waitforuser>
      <totalframes>411</totalframes>
      <time>00:00:20</time>
      <transitionmediaurl />
    </slide>
    <slide id="30">
      <transition>
      </transition>
      <width>720</width>
      <height>540</height>
      <transitionurl>
      </transitionurl>
      <embeddedsound>
        <audio onclick="false" type="n" repeat="false" startframe="1" duration="1" />
      </embeddedsound>
      <slidenavigation onclick="true" slideadvmode="true" />
      <fileurl>Slides/slide30.swf</fileurl>
      <slideimage height="150" width="200">Images/slide30_200,150.jpg</slideimage>
      <title><![CDATA[O Processo de Requisitos de Software]]></title>
      <notes><![CDATA[]]></notes>
      <slidetext><![CDATA[O Processo de Requisitos de Software  Classificação dos Requisitos Não-Funcionais:Requisitos OrganizacionaisConseqüência de políticas e procedimentos organizacionais (padrões de processo usados, requisitos de implementação, etc). Exemplo: Todos os documentos entregues devem seguir o padrão de relatórios XYZ-00.  ]]></slidetext>
      <animations>
      </animations>
      <waitforuser>false</waitforuser>
      <totalframes>373</totalframes>
      <time>00:00:18</time>
      <transitionmediaurl />
    </slide>
    <slide id="31">
      <transition>
      </transition>
      <width>720</width>
      <height>540</height>
      <transitionurl>
      </transitionurl>
      <embeddedsound>
        <audio onclick="false" type="n" repeat="false" startframe="1" duration="1" />
      </embeddedsound>
      <slidenavigation onclick="true" slideadvmode="true" />
      <fileurl>Slides/slide31.swf</fileurl>
      <slideimage height="150" width="200">Images/slide31_200,150.jpg</slideimage>
      <title><![CDATA[O Processo de Requisitos de Software]]></title>
      <notes><![CDATA[]]></notes>
      <slidetext><![CDATA[O Processo de Requisitos de Software  Classificação dos Requisitos Não-Funcionais:Requisitos ExternosConseqüência de fatores externos ao sistema e ao processo de desenvolvimento (legislação, etc). Exemplo: O sistema não deve usar informações pessoais do usuário com os operadores do sistema.  ]]></slidetext>
      <animations>
      </animations>
      <waitforuser>false</waitforuser>
      <totalframes>352</totalframes>
      <time>00:00:17</time>
      <transitionmediaurl />
    </slide>
    <slide id="32">
      <transition>
      </transition>
      <width>720</width>
      <height>540</height>
      <transitionurl>
      </transitionurl>
      <embeddedsound>
        <audio onclick="false" type="n" repeat="false" startframe="1" duration="1" />
      </embeddedsound>
      <slidenavigation onclick="true" slideadvmode="true" />
      <fileurl>Slides/slide32.swf</fileurl>
      <slideimage height="150" width="200">Images/slide32_200,150.jpg</slideimage>
      <title><![CDATA[Tipos de Requisitos Não Funcionais]]></title>
      <notes><![CDATA[]]></notes>
      <slidetext><![CDATA[Tipos de Requisitos Não Funcionais  ]]></slidetext>
      <animations>
      </animations>
      <waitforuser>false</waitforuser>
      <totalframes>991</totalframes>
      <time>00:00:49</time>
      <transitionmediaurl />
    </slide>
    <slide id="33">
      <transition>
      </transition>
      <width>720</width>
      <height>540</height>
      <transitionurl>
      </transitionurl>
      <embeddedsound>
        <audio onclick="false" type="n" repeat="false" startframe="1" duration="1" />
      </embeddedsound>
      <slidenavigation onclick="true" slideadvmode="true" />
      <fileurl>Slides/slide33.swf</fileurl>
      <slideimage height="150" width="200">Images/slide33_200,150.jpg</slideimage>
      <title><![CDATA[O Processo de Requisitos de Software]]></title>
      <notes><![CDATA[]]></notes>
      <slidetext><![CDATA[O Processo de Requisitos de Software  Exemplos de Requisitos:O sistema deve prover um formulário  para  a entrada dos resultados dos testes clínicos de um paciente. (RF)A base de dados deve ser protegida para acesso apenas de usuários autorizados. (RNF)Dependendo do resultado do teste, somente o Supervisor pode efetuar a entrada do resultado do teste de um paciente. (RNF de confidencialidade).O sistema deve emitir um recibo para o cliente, com  o tempo máximo de 8 segundos após a transação. (RF “,” RNF de performance).O sistema não pode apagar informação de um cliente (?).  ]]></slidetext>
      <animations>
      </animations>
      <waitforuser>false</waitforuser>
      <totalframes>993</totalframes>
      <time>00:00:49</time>
      <transitionmediaurl />
    </slide>
    <slide id="34">
      <transition>
      </transition>
      <width>720</width>
      <height>540</height>
      <transitionurl>
      </transitionurl>
      <embeddedsound>
        <audio onclick="false" type="n" repeat="false" startframe="1" duration="1" />
      </embeddedsound>
      <slidenavigation onclick="true" slideadvmode="true" />
      <fileurl>Slides/slide34.swf</fileurl>
      <slideimage height="150" width="200">Images/slide34_200,150.jpg</slideimage>
      <title><![CDATA[O Processo de Requisitos de Software]]></title>
      <notes><![CDATA[]]></notes>
      <slidetext><![CDATA[O Processo de Requisitos de Software  Restrições: limitam as possibilidades de escolha do desenvolvedor no projeto e na implementação do  produto (como por exemplo limitação de recursos e de infra-estrutura); eAtributos de qualidade: ampliam a descrição das funcionalidades do sistema através da descrição de características de qualidade do produto, que sejam  importantes para o cliente e para o desenvolvedor.  ]]></slidetext>
      <animations>
      </animations>
      <waitforuser>false</waitforuser>
      <totalframes>628</totalframes>
      <time>00:00:31</time>
      <transitionmediaurl />
    </slide>
    <slide id="35">
      <transition>
      </transition>
      <width>720</width>
      <height>540</height>
      <transitionurl>
      </transitionurl>
      <embeddedsound>
        <audio onclick="false" type="n" repeat="false" startframe="1" duration="1" />
      </embeddedsound>
      <slidenavigation onclick="true" slideadvmode="true" />
      <fileurl>Slides/slide35.swf</fileurl>
      <slideimage height="150" width="200">Images/slide35_200,150.jpg</slideimage>
      <title><![CDATA[O Processo de Requisitos de Software]]></title>
      <notes><![CDATA[]]></notes>
      <slidetext><![CDATA[O Processo de Requisitos de Software  Requisitos de Domínio: Os requisitos de domínio são derivados do domínio da aplicação do sistema, em vez de serem obtidos a partir das necessidades específicas dos usuários do sistema. Eles podem ser novos requisitos funcionais em si, podem restringir os requisitos funcionais existentes ou estabelecer como devem ser realizados cálculos específicos.  ]]></slidetext>
      <animations>
      </animations>
      <waitforuser>false</waitforuser>
      <totalframes>535</totalframes>
      <time>00:00:26</time>
      <transitionmediaurl />
    </slide>
    <slide id="36">
      <transition>
      </transition>
      <width>720</width>
      <height>540</height>
      <transitionurl>
      </transitionurl>
      <embeddedsound>
        <audio onclick="false" type="n" repeat="false" startframe="1" duration="1" />
      </embeddedsound>
      <slidenavigation onclick="true" slideadvmode="true" />
      <fileurl>Slides/slide36.swf</fileurl>
      <slideimage height="150" width="200">Images/slide36_200,150.jpg</slideimage>
      <title><![CDATA[Requisitos de Domínio - Exemplos:]]></title>
      <notes><![CDATA[]]></notes>
      <slidetext><![CDATA[Requisitos de Domínio - Exemplos:  A desaceleração do trem deve ser computada através da fórmula: Dtrem=Dcontrole+Dgradiente.	   Deve existir uma interface padrão com o usuário para todos os bancos de dados baseada no padrão ABC-98.Devido a restrições, alguns documentos devem ser excluídos imediatamente ao serem fornecidos. Dependendo dos requisitos dos usuários, esses documentos serão impressos localmente no servidor do sistema para serem encaminhados manualmente ao usuário ou direcionados para uma impressora de rede.  ]]></slidetext>
      <animations>
      </animations>
      <waitforuser>false</waitforuser>
      <totalframes>870</totalframes>
      <time>00:00:43</time>
      <transitionmediaurl />
    </slide>
    <slide id="37">
      <transition>
      </transition>
      <width>720</width>
      <height>540</height>
      <transitionurl>
      </transitionurl>
      <embeddedsound>
        <audio onclick="false" type="n" repeat="false" startframe="1" duration="1" />
      </embeddedsound>
      <slidenavigation onclick="true" slideadvmode="true" />
      <fileurl>Slides/slide37.swf</fileurl>
      <slideimage height="150" width="200">Images/slide37_200,150.jpg</slideimage>
      <title><![CDATA[O Processo de Requisitos de Software]]></title>
      <notes><![CDATA[]]></notes>
      <slidetext><![CDATA[O Processo de Requisitos de Software  Requisitos de Usuário: Os requisitos de usuários devem descrever os requisitos funcionais e não funcionais de modo compreensível pelos usuários do sistema que não têm conhecimentos técnicos detalhados.Não devem ser definidos utilizando um modelo de implementação. Podem ser escritos com o uso de linguagem natural, formulários e diagramas.  ]]></slidetext>
      <animations>
      </animations>
      <waitforuser>false</waitforuser>
      <totalframes>497</totalframes>
      <time>00:00:24</time>
      <transitionmediaurl />
    </slide>
    <slide id="38">
      <transition>
      </transition>
      <width>720</width>
      <height>540</height>
      <transitionurl>
      </transitionurl>
      <embeddedsound>
        <audio onclick="false" type="n" repeat="false" startframe="1" duration="1" />
      </embeddedsound>
      <slidenavigation onclick="true" slideadvmode="true" />
      <fileurl>Slides/slide38.swf</fileurl>
      <slideimage height="150" width="200">Images/slide38_200,150.jpg</slideimage>
      <title><![CDATA[O Processo de Requisitos de Software]]></title>
      <notes><![CDATA[]]></notes>
      <slidetext><![CDATA[O Processo de Requisitos de Software  Vários problemas podem surgir quando os requisitos são escritos em linguagem natural: Falta de clareza: Às vezes, é difícil utilizar a linguagem de maneira precisa e sem ambigüidade, sem produzir um documento de difícil leitura.  ]]></slidetext>
      <animations>
      </animations>
      <waitforuser>false</waitforuser>
      <totalframes>351</totalframes>
      <time>00:00:17</time>
      <transitionmediaurl />
    </slide>
    <slide id="39">
      <transition>
      </transition>
      <width>720</width>
      <height>540</height>
      <transitionurl>
      </transitionurl>
      <embeddedsound>
        <audio onclick="false" type="n" repeat="false" startframe="1" duration="1" />
      </embeddedsound>
      <slidenavigation onclick="true" slideadvmode="true" />
      <fileurl>Slides/slide39.swf</fileurl>
      <slideimage height="150" width="200">Images/slide39_200,150.jpg</slideimage>
      <title><![CDATA[O Processo de Requisitos de Software]]></title>
      <notes><![CDATA[]]></notes>
      <slidetext><![CDATA[O Processo de Requisitos de Software  Confusão de requisitos: Os requisitos funcionais e os não funcionais, os objetivos do sistema e as informações sobre o projeto podem não estar claramente definidos. Fusão de requisitos: Vários requisitos diferentes podem ser expressos juntos como um único requisito.  ]]></slidetext>
      <animations>
      </animations>
      <waitforuser>false</waitforuser>
      <totalframes>417</totalframes>
      <time>00:00:20</time>
      <transitionmediaurl />
    </slide>
    <slide id="40">
      <transition>
      </transition>
      <width>720</width>
      <height>540</height>
      <transitionurl>
      </transitionurl>
      <embeddedsound>
        <audio onclick="false" type="n" repeat="false" startframe="1" duration="1" />
      </embeddedsound>
      <slidenavigation onclick="true" slideadvmode="true" />
      <fileurl>Slides/slide40.swf</fileurl>
      <slideimage height="150" width="200">Images/slide40_200,150.jpg</slideimage>
      <title><![CDATA[O Processo de Requisitos de Software]]></title>
      <notes><![CDATA[]]></notes>
      <slidetext><![CDATA[O Processo de Requisitos de Software  Requisitos de Sistema: São descrições mais detalhadas dos requisitos do usuário.Podem servir como base para um contrato destinado à implementação do sistema e, portanto, devem ser uma especificação completa e consistente de todo o sistema.São utilizados pelos engenheiros de software como ponto de partida para o projeto de sistema.  ]]></slidetext>
      <animations>
      </animations>
      <waitforuser>false</waitforuser>
      <totalframes>523</totalframes>
      <time>00:00:26</time>
      <transitionmediaurl />
    </slide>
    <slide id="41">
      <transition>
      </transition>
      <width>720</width>
      <height>540</height>
      <transitionurl>
      </transitionurl>
      <embeddedsound>
        <audio onclick="false" type="n" repeat="false" startframe="1" duration="1" />
      </embeddedsound>
      <slidenavigation onclick="true" slideadvmode="true" />
      <fileurl>Slides/slide41.swf</fileurl>
      <slideimage height="150" width="200">Images/slide41_200,150.jpg</slideimage>
      <title><![CDATA[O Processo de Requisitos de Software]]></title>
      <notes><![CDATA[]]></notes>
      <slidetext><![CDATA[O Processo de Requisitos de Software  Uma arquitetura inicial do sistema pode ser definida para ajudar a estruturar a especificação de requisitos. Na maioria dos casos, os sistemas devem interoperar com outros sistemas existentes.Isso restringe o projeto, e essas restrições geram requisitos para o novo sistema.  ]]></slidetext>
      <animations>
      </animations>
      <waitforuser>false</waitforuser>
      <totalframes>429</totalframes>
      <time>00:00:21</time>
      <transitionmediaurl />
    </slide>
    <slide id="42">
      <transition>
      </transition>
      <width>720</width>
      <height>540</height>
      <transitionurl>
      </transitionurl>
      <embeddedsound>
        <audio onclick="false" type="n" repeat="false" startframe="1" duration="1" />
      </embeddedsound>
      <slidenavigation onclick="true" slideadvmode="true" />
      <fileurl>Slides/slide42.swf</fileurl>
      <slideimage height="150" width="200">Images/slide42_200,150.jpg</slideimage>
      <title><![CDATA[Notações para a especificação de requisitos:]]></title>
      <notes><![CDATA[]]></notes>
      <slidetext><![CDATA[Notações para a especificação de requisitos:  ]]></slidetext>
      <animations>
      </animations>
      <waitforuser>false</waitforuser>
      <totalframes>2269</totalframes>
      <time>00:01:53</time>
      <transitionmediaurl />
    </slide>
    <slide id="43">
      <transition>
      </transition>
      <width>720</width>
      <height>540</height>
      <transitionurl>
      </transitionurl>
      <embeddedsound>
        <audio onclick="false" type="n" repeat="false" startframe="1" duration="1" />
      </embeddedsound>
      <slidenavigation onclick="true" slideadvmode="true" />
      <fileurl>Slides/slide43.swf</fileurl>
      <slideimage height="150" width="200">Images/slide43_200,150.jpg</slideimage>
      <title><![CDATA[O Processo de Requisitos de Software]]></title>
      <notes><![CDATA[]]></notes>
      <slidetext><![CDATA[O Processo de Requisitos de Software  Especificação de requisito em linguagem estruturada: Destina-se a escrever os requisitos do sistema. Quando um formulário-padrão é utilizado para especificar os requisitos funcionais, as seguintes informações devem ser incluídas: 1- uma descrição da função ou entidade que está sendo especificada;  ]]></slidetext>
      <animations>
      </animations>
      <waitforuser>false</waitforuser>
      <totalframes>473</totalframes>
      <time>00:00:23</time>
      <transitionmediaurl />
    </slide>
    <slide id="44">
      <transition>
      </transition>
      <width>720</width>
      <height>540</height>
      <transitionurl>
      </transitionurl>
      <embeddedsound>
        <audio onclick="false" type="n" repeat="false" startframe="1" duration="1" />
      </embeddedsound>
      <slidenavigation onclick="true" slideadvmode="true" />
      <fileurl>Slides/slide44.swf</fileurl>
      <slideimage height="150" width="200">Images/slide44_200,150.jpg</slideimage>
      <title><![CDATA[O Processo de Requisitos de Software]]></title>
      <notes><![CDATA[]]></notes>
      <slidetext><![CDATA[O Processo de Requisitos de Software  2- uma descrição de suas entradas e de onde      elas se originam; 3- uma descrição de suas saídas e para onde elas prosseguirão; 4- uma indicação de que outras entidades são utilizadas; 5- uma descrição dos efeitos colaterais (se existirem) da operação.  ]]></slidetext>
      <animations>
      </animations>
      <waitforuser>false</waitforuser>
      <totalframes>367</totalframes>
      <time>00:00:18</time>
      <transitionmediaurl />
    </slide>
    <slide id="45">
      <transition>
      </transition>
      <width>720</width>
      <height>540</height>
      <transitionurl>
      </transitionurl>
      <embeddedsound>
        <audio onclick="false" type="n" repeat="false" startframe="1" duration="1" />
      </embeddedsound>
      <slidenavigation onclick="true" slideadvmode="true" />
      <fileurl>Slides/slide45.swf</fileurl>
      <slideimage height="150" width="200">Images/slide45_200,150.jpg</slideimage>
      <title><![CDATA[Especificações em Linguagem Natural Estruturada - Exemplo]]></title>
      <notes><![CDATA[]]></notes>
      <slidetext><![CDATA[Especificações em Linguagem Natural Estruturada - Exemplo  Procedure ATM is       PIN: numPIN;       conta: numConta;       saldo: quantia;       servico: servicosDisponiveis;       cartaoValido, PINValido: Boolean;Begin       loop            ObterCartao(conta, PIN, cartaoValido);             if cartaoValido then                validarPIN(PIN, PINValido);                if PINValido then                   while obterServico(servico) loop                            realizarServico;                   end loop;                   retornaCartao;                end if;             end if;       end loop;End ATM  ]]></slidetext>
      <animations>
      </animations>
      <waitforuser>false</waitforuser>
      <totalframes>549</totalframes>
      <time>00:00:27</time>
      <transitionmediaurl />
    </slide>
    <slide id="46">
      <transition>
      </transition>
      <width>720</width>
      <height>540</height>
      <transitionurl>
      </transitionurl>
      <embeddedsound>
        <audio onclick="false" type="n" repeat="false" startframe="1" duration="1" />
      </embeddedsound>
      <slidenavigation onclick="true" slideadvmode="true" />
      <fileurl>Slides/slide46.swf</fileurl>
      <slideimage height="150" width="200">Images/slide46_200,150.jpg</slideimage>
      <title><![CDATA[O Processo de Requisitos de Software]]></title>
      <notes><![CDATA[]]></notes>
      <slidetext><![CDATA[O Processo de Requisitos de Software  Especificação de requisitos com o uso de uma PDL: É possível descrever os requisitos com o uso de uma PDL (program description language - linguagem de descrição de programa). Uma PDL é uma linguagem derivada de uma linguagem de programação como Java ou Ada.  ]]></slidetext>
      <animations>
      </animations>
      <waitforuser>false</waitforuser>
      <totalframes>336</totalframes>
      <time>00:00:16</time>
      <transitionmediaurl />
    </slide>
    <slide id="47">
      <transition>
      </transition>
      <width>720</width>
      <height>540</height>
      <transitionurl>
      </transitionurl>
      <embeddedsound>
        <audio onclick="false" type="n" repeat="false" startframe="1" duration="1" />
      </embeddedsound>
      <slidenavigation onclick="true" slideadvmode="true" />
      <fileurl>Slides/slide47.swf</fileurl>
      <slideimage height="150" width="200">Images/slide47_200,150.jpg</slideimage>
      <title><![CDATA[O Processo de Requisitos de Software]]></title>
      <notes><![CDATA[]]></notes>
      <slidetext><![CDATA[O Processo de Requisitos de Software  A vantagem de utilizar uma PDL é que ela pode ser verificada sintática ou semanticamente por ferramentas de software. As PDLs resultam em especificações muito detalhadas e, algumas vezes, estão muito perto da implementação para sua inclusão em um documento de requisitos.  ]]></slidetext>
      <animations>
      </animations>
      <waitforuser>false</waitforuser>
      <totalframes>394</totalframes>
      <time>00:00:19</time>
      <transitionmediaurl />
    </slide>
    <slide id="48">
      <transition>
      </transition>
      <width>720</width>
      <height>540</height>
      <transitionurl>
      </transitionurl>
      <embeddedsound>
        <audio onclick="false" type="n" repeat="false" startframe="1" duration="1" />
      </embeddedsound>
      <slidenavigation onclick="true" slideadvmode="true" />
      <fileurl>Slides/slide48.swf</fileurl>
      <slideimage height="150" width="200">Images/slide48_200,150.jpg</slideimage>
      <title><![CDATA[O Processo de Requisitos de Software]]></title>
      <notes><![CDATA[]]></notes>
      <slidetext><![CDATA[O Processo de Requisitos de Software  Especificação de interface: A grande maioria dos sistemas de software deve operar com outros sistemas que já foram implementados e instalados em um ambiente. Se o novo sistema e os sistemas existentes devem trabalhar em conjunto, as interfaces de sistemas existentes precisam ser especificadas com precisão.  ]]></slidetext>
      <animations>
      </animations>
      <waitforuser>false</waitforuser>
      <totalframes>457</totalframes>
      <time>00:00:22</time>
      <transitionmediaurl />
    </slide>
    <slide id="49">
      <transition>
      </transition>
      <width>720</width>
      <height>540</height>
      <transitionurl>
      </transitionurl>
      <embeddedsound>
        <audio onclick="false" type="n" repeat="false" startframe="1" duration="1" />
      </embeddedsound>
      <slidenavigation onclick="true" slideadvmode="true" />
      <fileurl>Slides/slide49.swf</fileurl>
      <slideimage height="150" width="200">Images/slide49_200,150.jpg</slideimage>
      <title><![CDATA[O Processo de Requisitos de Software]]></title>
      <notes><![CDATA[]]></notes>
      <slidetext><![CDATA[O Processo de Requisitos de Software  Existem três diferentes tipos de interfaces que podem precisar ser definidas: 	1) Interfaces de procedimento, em que subsistemas existentes oferecem funções, que são acessadas ao chamar procedimentos de interface.       2) Estruturas de dados, que são transmitidas de um subsistema para outro.       3) Representações de dados que foram estabelecidas para um subsistema existente.  ]]></slidetext>
      <animations>
      </animations>
      <waitforuser>false</waitforuser>
      <totalframes>551</totalframes>
      <time>00:00:27</time>
      <transitionmediaurl />
    </slide>
    <slide id="50">
      <transition>
      </transition>
      <width>720</width>
      <height>540</height>
      <transitionurl>
      </transitionurl>
      <embeddedsound>
        <audio onclick="false" type="n" repeat="false" startframe="1" duration="1" />
      </embeddedsound>
      <slidenavigation onclick="true" slideadvmode="true" />
      <fileurl>Slides/slide50.swf</fileurl>
      <slideimage height="150" width="200">Images/slide50_200,150.jpg</slideimage>
      <title><![CDATA[PDL baseada em Java de uma interface de servidor de impressão (PrintServer).]]></title>
      <notes><![CDATA[]]></notes>
      <slidetext><![CDATA[PDL baseada em Java de uma interface de servidor de impressão (PrintServer).  interface PrintServer { / / define um servidor de impressora abstrato / / requer: impressora de interface Printer, interface PrintDoc / / fornece: inicialize, print, displayPrintQueue, cancelPrinUob, switchPrinter void initialize ( Printer p ) ; void print ( Printer p, PrintDoc d ) ; void displayPrintQueue ( Printer p ) ; void cancelPrintJob (Printer p, PrintDoc d) ; void switchPrinter (Printer p 1, Printer p2, PrintDoc d) ; }/ /PrintServer  ]]></slidetext>
      <animations>
      </animations>
      <waitforuser>false</waitforuser>
      <totalframes>316</totalframes>
      <time>00:00:15</time>
      <transitionmediaurl />
    </slide>
    <slide id="51">
      <transition>
      </transition>
      <width>720</width>
      <height>540</height>
      <transitionurl>
      </transitionurl>
      <embeddedsound>
        <audio onclick="false" type="n" repeat="false" startframe="1" duration="1" />
      </embeddedsound>
      <slidenavigation onclick="true" slideadvmode="true" />
      <fileurl>Slides/slide51.swf</fileurl>
      <slideimage height="150" width="200">Images/slide51_200,150.jpg</slideimage>
      <title><![CDATA[O Processo de Requisitos de Software: Documento de requisito de software]]></title>
      <notes><![CDATA[]]></notes>
      <slidetext><![CDATA[O Processo de Requisitos de Software: Documento de requisito de software  Também chamado de Especificação de Requisitos, o documento de requisitos é a declaração oficial do que é requerido dos desenvolvedores do software. Especifica o que o software deve fazer sem dizer como.Deve incluir os requisitos de usuário para um sistema e uma especificação detalhada dos requisitos de sistema. Em alguns casos, os requisitos de usuário e de sistema podem ser integrados em uma única descrição.  ]]></slidetext>
      <animations>
      </animations>
      <waitforuser>false</waitforuser>
      <totalframes>773</totalframes>
      <time>00:00:38</time>
      <transitionmediaurl />
    </slide>
    <slide id="52">
      <transition>
      </transition>
      <width>720</width>
      <height>540</height>
      <transitionurl>
      </transitionurl>
      <embeddedsound>
        <audio onclick="false" type="n" repeat="false" startframe="1" duration="1" />
      </embeddedsound>
      <slidenavigation onclick="true" slideadvmode="true" />
      <fileurl>Slides/slide52.swf</fileurl>
      <slideimage height="150" width="200">Images/slide52_200,150.jpg</slideimage>
      <title><![CDATA[O Processo de Requisitos de Software]]></title>
      <notes><![CDATA[]]></notes>
      <slidetext><![CDATA[O Processo de Requisitos de Software  O documento deve ser estruturado de forma a facilitar sua manutenção e leitura. Uma estrutura para o documento de requisitos pode apresentar as seguintes seções:	1) Introdução: Descreve brevemente as funções que o sistema deverá desempenhar.	2)  Glossário: Define termos técnicos usados no documento.  ]]></slidetext>
      <animations>
      </animations>
      <waitforuser>false</waitforuser>
      <totalframes>485</totalframes>
      <time>00:00:24</time>
      <transitionmediaurl />
    </slide>
    <slide id="53">
      <transition>
      </transition>
      <width>720</width>
      <height>540</height>
      <transitionurl>
      </transitionurl>
      <embeddedsound>
        <audio onclick="false" type="n" repeat="false" startframe="1" duration="1" />
      </embeddedsound>
      <slidenavigation onclick="true" slideadvmode="true" />
      <fileurl>Slides/slide53.swf</fileurl>
      <slideimage height="150" width="200">Images/slide53_200,150.jpg</slideimage>
      <title><![CDATA[O Processo de Requisitos de Software]]></title>
      <notes><![CDATA[]]></notes>
      <slidetext><![CDATA[O Processo de Requisitos de Software  3) Modelos do Sistema: Inclui os modelos que mostram o relacionamento entre os componentes do sistema e entre o sistema e seu ambiente (modelos de objetos, modelos de fluxo de dados, Modelo Entidade-Relacionamento,etc.).	4) Definição de Requisitos Funcionais: Descreve, através de linguagem natural ou de diagramas, os serviços que serão fornecidos pelo sistema.  ]]></slidetext>
      <animations>
      </animations>
      <waitforuser>false</waitforuser>
      <totalframes>854</totalframes>
      <time>00:00:42</time>
      <transitionmediaurl />
    </slide>
    <slide id="54">
      <transition>
      </transition>
      <width>720</width>
      <height>540</height>
      <transitionurl>
      </transitionurl>
      <embeddedsound>
        <audio onclick="false" type="n" repeat="false" startframe="1" duration="1" />
      </embeddedsound>
      <slidenavigation onclick="true" slideadvmode="true" />
      <fileurl>Slides/slide54.swf</fileurl>
      <slideimage height="150" width="200">Images/slide54_200,150.jpg</slideimage>
      <title><![CDATA[O Processo de Requisitos de Software]]></title>
      <notes><![CDATA[]]></notes>
      <slidetext><![CDATA[O Processo de Requisitos de Software  5) Definição de Requisitos Não-Funcionais: Descreve as restrições impostas sobre o software e relaciona estas restrições aos requisitos funcionais.	6)Especificação de Requisitos: Descreve os requisitos funcionais em mais detalhes.	7)Requisitos necessários de hardware e software:  Descreve o hardware e o software de apoio exigidos para realizar o desenvolvimento. Se o hardware tiver de ser comprado, deverão ser incluídos os prazos de entrega e as estimativas de preço.  ]]></slidetext>
      <animations>
      </animations>
      <waitforuser>false</waitforuser>
      <totalframes>904</totalframes>
      <time>00:00:45</time>
      <transitionmediaurl />
    </slide>
    <slide id="55">
      <transition>
      </transition>
      <width>720</width>
      <height>540</height>
      <transitionurl>
      </transitionurl>
      <embeddedsound>
        <audio onclick="false" type="n" repeat="false" startframe="1" duration="1" />
      </embeddedsound>
      <slidenavigation onclick="true" slideadvmode="true" />
      <fileurl>Slides/slide55.swf</fileurl>
      <slideimage height="150" width="200">Images/slide55_200,150.jpg</slideimage>
      <title><![CDATA[O Processo de Requisitos de Software]]></title>
      <notes><![CDATA[]]></notes>
      <slidetext><![CDATA[O Processo de Requisitos de Software  Revisões são a técnica mais comum de validação de requisitos. Nas revisões, usuários e desenvolvedores se reúnem para discutir o documento de requisitos em busca de conflitos, contradições, erros e omissões.É preciso ter consciência de que os requisitos sempre mudam durante o processo de desenvolvimento do software e que o documento de requisitos deve ser sempre atualizado face a estas mudanças.  ]]></slidetext>
      <animations>
      </animations>
      <waitforuser>false</waitforuser>
      <totalframes>1558</totalframes>
      <time>00:01:17</time>
      <transitionmediaurl />
    </slide>
    <slide id="56">
      <transition>
      </transition>
      <width>720</width>
      <height>540</height>
      <transitionurl>
      </transitionurl>
      <embeddedsound>
        <audio onclick="false" type="n" repeat="false" startframe="1" duration="1" />
      </embeddedsound>
      <slidenavigation onclick="true" slideadvmode="true" />
      <fileurl>Slides/slide56.swf</fileurl>
      <slideimage height="150" width="200">Images/slide56_200,150.jpg</slideimage>
      <title><![CDATA[O Processo de Requisitos de Software: Usuários de um documento de requisitos.]]></title>
      <notes><![CDATA[]]></notes>
      <slidetext><![CDATA[O Processo de Requisitos de Software: Usuários de um documento de requisitos.  ]]></slidetext>
      <animations>
      </animations>
      <waitforuser>false</waitforuser>
      <totalframes>1300</totalframes>
      <time>00:01:05</time>
      <transitionmediaurl />
    </slide>
    <slide id="57">
      <transition>
      </transition>
      <width>720</width>
      <height>540</height>
      <transitionurl>
      </transitionurl>
      <embeddedsound>
        <audio onclick="false" type="n" repeat="false" startframe="1" duration="1" />
      </embeddedsound>
      <slidenavigation onclick="true" slideadvmode="true" />
      <fileurl>Slides/slide57.swf</fileurl>
      <slideimage height="150" width="200">Images/slide57_200,150.jpg</slideimage>
      <title><![CDATA[Slide 57]]></title>
      <notes><![CDATA[]]></notes>
      <slidetext><![CDATA[]]></slidetext>
      <animations>
        <animation id="1" onclick="true" frame="21" duration="80" />
      </animations>
      <waitforuser>false</waitforuser>
      <totalframes>764</totalframes>
      <time>00:00:38</time>
      <transitionmediaurl />
    </slide>
  </slides>
</presentation>