﻿<?xml version="1.0" encoding="UTF-8"?>
<presentation>
  <properties>
    <title><![CDATA[Verificacao Validacao e Teste de software_aula02]]></title>
    <creationdate>19/11/2009 08:46:28</creationdate>
    <audio>on</audio>
    <navigationonclick>false</navigationonclick>
    <animations>true</animations>
    <transitions>false</transitions>
    <sdkversion>07</sdkversion>
    <release>1.1</release>
    <soundacrossslides>false</soundacrossslides>
    <defaulturl>Slides/default_0.swf</defaulturl>
    <video>
    </video>
    <templatecolor>Silver</templatecolor>
    <layout>E-Learning Standard</layout>
    <presentertitle><![CDATA[]]></presentertitle>
    <presentername><![CDATA[]]></presentername>
    <presentercompany><![CDATA[]]></presentercompany>
    <presenteremail><![CDATA[]]></presenteremail>
    <presentationtitle>Verificacao Validacao e Teste de software_aula02</presentationtitle>
    <powerpointfile>Verificacao Validacao e Teste de software_aula02.ppt</powerpointfile>
    <presentationdescription><![CDATA[]]></presentationdescription>
    <presentationkeywords>Verificação de Software</presentationkeywords>
    <audioquality>Medium</audioquality>
    <imagequality>9</imagequality>
    <showslidenotesinoutput>True</showslidenotesinoutput>
    <usenarrations>True</usenarrations>
  </properties>
  <slides>
    <slide id="1">
      <transition>
      </transition>
      <width>720</width>
      <height>540</height>
      <transitionurl>
      </transitionurl>
      <embeddedsound>
        <audio onclick="false" type="n" repeat="false" startframe="1" duration="1" />
      </embeddedsound>
      <slidenavigation onclick="true" slideadvmode="true" />
      <fileurl>Slides/slide1.swf</fileurl>
      <slideimage height="150" width="200">Images/slide1_200,150.jpg</slideimage>
      <title><![CDATA[Slide 1]]></title>
      <notes><![CDATA[]]></notes>
      <slidetext><![CDATA[MBA em Engenharia de Software à Distância  Profª. Cleziana de Freitas CostaCleziana.costa@gmail.com  Verificação, Validação e Teste de Software  ]]></slidetext>
      <animations>
      </animations>
      <waitforuser>false</waitforuser>
      <totalframes>388</totalframes>
      <time>00:00:19</time>
      <transitionmediaurl />
    </slide>
    <slide id="2">
      <transition>5,PixelDissolve,0.5,80,80</transition>
      <width>720</width>
      <height>540</height>
      <transitionurl>
      </transitionurl>
      <embeddedsound>
        <audio onclick="false" type="n" repeat="false" startframe="1" duration="1" />
      </embeddedsound>
      <slidenavigation onclick="true" slideadvmode="true" />
      <fileurl>Slides/slide2.swf</fileurl>
      <slideimage height="150" width="200">Images/slide2_200,150.jpg</slideimage>
      <title><![CDATA[Slide 2]]></title>
      <notes><![CDATA[]]></notes>
      <slidetext><![CDATA[MBA em Engenharia de Software à Distância  Você está aqui!  ]]></slidetext>
      <animations>
      </animations>
      <waitforuser>false</waitforuser>
      <totalframes>261</totalframes>
      <time>00:00:13</time>
      <transitionmediaurl />
    </slide>
    <slide id="3">
      <transition>
      </transition>
      <width>720</width>
      <height>540</height>
      <transitionurl>
      </transitionurl>
      <embeddedsound>
        <audio onclick="false" type="n" repeat="false" startframe="1" duration="1" />
      </embeddedsound>
      <slidenavigation onclick="true" slideadvmode="true" />
      <fileurl>Slides/slide3.swf</fileurl>
      <slideimage height="150" width="200">Images/slide3_200,150.jpg</slideimage>
      <title><![CDATA[Slide 3]]></title>
      <notes><![CDATA[3]]></notes>
      <slidetext><![CDATA[Definir  Verificação de Software;Conceituar Testes de Verificação;Conceituar Revisões;Listar os vários tipos de revisões;Explicar o que é Inspeção;Explicar o que é Auditoria;Descrever os envolvidos nas atividades de verificações;Explicar até quando devemos realizar verificações.  MBA em Engenharia de Software à Distância  Objetivos da Aula  Profª  Cleziana de Freitas Costa  ]]></slidetext>
      <animations>
      </animations>
      <waitforuser>false</waitforuser>
      <totalframes>702</totalframes>
      <time>00:00:35</time>
      <transitionmediaurl />
    </slide>
    <slide id="4">
      <transition>
      </transition>
      <width>720</width>
      <height>540</height>
      <transitionurl>
      </transitionurl>
      <embeddedsound>
        <audio onclick="false" type="n" repeat="false" startframe="1" duration="1" />
      </embeddedsound>
      <slidenavigation onclick="true" slideadvmode="true" />
      <fileurl>Slides/slide4.swf</fileurl>
      <slideimage height="150" width="200">Images/slide4_200,150.jpg</slideimage>
      <title><![CDATA[Slide 4]]></title>
      <notes><![CDATA[4]]></notes>
      <slidetext><![CDATA[Verificação de Software;Testes de Verificação;Revisões;Tipos de Revisões;Inspeção;Auditoria;Envolvidos nas Verificações;Dificuldades nas Verificações;Até que ponto devemos realizar verificações.  Conteúdo Programático  MBA em Engenharia de Software à Distância  Profª  Cleziana de Freitas Costa  ]]></slidetext>
      <animations>
      </animations>
      <waitforuser>false</waitforuser>
      <totalframes>1545</totalframes>
      <time>00:01:17</time>
      <transitionmediaurl />
    </slide>
    <slide id="5">
      <transition>
      </transition>
      <width>720</width>
      <height>540</height>
      <transitionurl>
      </transitionurl>
      <embeddedsound>
        <audio onclick="false" type="n" repeat="false" startframe="1" duration="1" />
      </embeddedsound>
      <slidenavigation onclick="true" slideadvmode="true" />
      <fileurl>Slides/slide5.swf</fileurl>
      <slideimage height="150" width="200">Images/slide5_200,150.jpg</slideimage>
      <title><![CDATA[Verificação de Software]]></title>
      <notes><![CDATA[]]></notes>
      <slidetext><![CDATA[Verificação de Software  O que é Testar?	Testar é verificar se o software está fazendo o que deveria fazer, de acordo com os seus requisitos, e não está fazendo o que não deveria fazer.[Emerson Rios e Moreira]  MBA em Engenharia de Software à Distância: Verificação de Software: Ênfase em Testes  Profª  Cleziana de Freitas Costa  ]]></slidetext>
      <animations>
      </animations>
      <waitforuser>false</waitforuser>
      <totalframes>632</totalframes>
      <time>00:00:31</time>
      <transitionmediaurl />
    </slide>
    <slide id="6">
      <transition>
      </transition>
      <width>720</width>
      <height>540</height>
      <transitionurl>
      </transitionurl>
      <embeddedsound>
        <audio onclick="false" type="n" repeat="false" startframe="1" duration="1" />
      </embeddedsound>
      <slidenavigation onclick="true" slideadvmode="true" />
      <fileurl>Slides/slide6.swf</fileurl>
      <slideimage height="150" width="200">Images/slide6_200,150.jpg</slideimage>
      <title><![CDATA[Slide 6]]></title>
      <notes><![CDATA[6]]></notes>
      <slidetext><![CDATA[Verificação  	Ato ou efeito de verificar.http://www.dicio.com.br/verificacao/Verificar	Provar ou investigar a verdade de.[Aurélio, 6ª edição]	Sinônimos de Verificação: comparação, conferência e confrontação.http://www.dicio.com.br/verificacao/  Verificação de Software  Profª  Cleziana de Freitas Costa  ]]></slidetext>
      <animations>
      </animations>
      <waitforuser>false</waitforuser>
      <totalframes>516</totalframes>
      <time>00:00:25</time>
      <transitionmediaurl />
    </slide>
    <slide id="7">
      <transition>
      </transition>
      <width>720</width>
      <height>540</height>
      <transitionurl>
      </transitionurl>
      <embeddedsound>
        <audio onclick="false" type="n" repeat="false" startframe="1" duration="1" />
      </embeddedsound>
      <slidenavigation onclick="true" slideadvmode="true" />
      <fileurl>Slides/slide7.swf</fileurl>
      <slideimage height="150" width="200">Images/slide7_200,150.jpg</slideimage>
      <title><![CDATA[Slide 7]]></title>
      <notes><![CDATA[7]]></notes>
      <slidetext><![CDATA[Verificação de Software  Entender o negócio a ser atendido e o software a ser construído.  Profª  Cleziana de Freitas Costa  ]]></slidetext>
      <animations>
      </animations>
      <waitforuser>false</waitforuser>
      <totalframes>726</totalframes>
      <time>00:00:36</time>
      <transitionmediaurl />
    </slide>
    <slide id="8">
      <transition>
      </transition>
      <width>720</width>
      <height>540</height>
      <transitionurl>
      </transitionurl>
      <embeddedsound>
        <audio onclick="false" type="n" repeat="false" startframe="1" duration="1" />
      </embeddedsound>
      <slidenavigation onclick="true" slideadvmode="true" />
      <fileurl>Slides/slide8.swf</fileurl>
      <slideimage height="150" width="200">Images/slide8_200,150.jpg</slideimage>
      <title><![CDATA[Slide 8]]></title>
      <notes><![CDATA[8]]></notes>
      <slidetext><![CDATA[No início do processo de desenvolvimento do software, temos que entender o negócio a ser atendido e o software a ser construído;Surge: Testes de verificação  Verificação de Software  Profª  Cleziana de Freitas Costa  ]]></slidetext>
      <animations>
      </animations>
      <waitforuser>false</waitforuser>
      <totalframes>505</totalframes>
      <time>00:00:25</time>
      <transitionmediaurl />
    </slide>
    <slide id="9">
      <transition>
      </transition>
      <width>720</width>
      <height>540</height>
      <transitionurl>
      </transitionurl>
      <embeddedsound>
        <audio onclick="false" type="n" repeat="false" startframe="1" duration="1" />
      </embeddedsound>
      <slidenavigation onclick="true" slideadvmode="true" />
      <fileurl>Slides/slide9.swf</fileurl>
      <slideimage height="150" width="200">Images/slide9_200,150.jpg</slideimage>
      <title><![CDATA[Slide 9]]></title>
      <notes><![CDATA[9]]></notes>
      <slidetext><![CDATA[Próxima fase aplicamos um conjunto de testes para avaliar a qualidade do produto de software desenvolvido em relação aos requisitos identificados nas fases anteriores.Surge: Testes de validação  Verificação de Software  Profª  Cleziana de Freitas Costa  ]]></slidetext>
      <animations>
      </animations>
      <waitforuser>false</waitforuser>
      <totalframes>728</totalframes>
      <time>00:00:36</time>
      <transitionmediaurl />
    </slide>
    <slide id="10">
      <transition>
      </transition>
      <width>720</width>
      <height>540</height>
      <transitionurl>
      </transitionurl>
      <embeddedsound>
        <audio onclick="false" type="n" repeat="false" startframe="1" duration="1" />
      </embeddedsound>
      <slidenavigation onclick="true" slideadvmode="true" />
      <fileurl>Slides/slide10.swf</fileurl>
      <slideimage height="150" width="200">Images/slide10_200,150.jpg</slideimage>
      <title><![CDATA[Slide 10]]></title>
      <notes><![CDATA[10]]></notes>
      <slidetext><![CDATA[Verificação: estamos construindo certo o produto?Validação: estamos construindo o produto certo?Teste = Verificação + ValidaçãoTestes de verificação e validação são complementares.  Verificação de Software  Profª  Cleziana de Freitas Costa  ]]></slidetext>
      <animations>
      </animations>
      <waitforuser>false</waitforuser>
      <totalframes>1505</totalframes>
      <time>00:01:15</time>
      <transitionmediaurl />
    </slide>
    <slide id="11">
      <transition>
      </transition>
      <width>720</width>
      <height>540</height>
      <transitionurl>
      </transitionurl>
      <embeddedsound>
        <audio onclick="false" type="n" repeat="false" startframe="1" duration="1" />
      </embeddedsound>
      <slidenavigation onclick="true" slideadvmode="true" />
      <fileurl>Slides/slide11.swf</fileurl>
      <slideimage height="150" width="200">Images/slide11_200,150.jpg</slideimage>
      <title><![CDATA[Slide 11]]></title>
      <notes><![CDATA[11]]></notes>
      <slidetext><![CDATA[O que são Testes de Verificação?		São entendidos como um processo de auditoria de atividades e avaliação de documentos gerados durante todas as fases do processo de engenharia de software.  Testes de Verificação  Profª  Cleziana de Freitas Costa  ]]></slidetext>
      <animations>
      </animations>
      <waitforuser>false</waitforuser>
      <totalframes>892</totalframes>
      <time>00:00:44</time>
      <transitionmediaurl />
    </slide>
    <slide id="12">
      <transition>
      </transition>
      <width>720</width>
      <height>540</height>
      <transitionurl>
      </transitionurl>
      <embeddedsound>
        <audio onclick="false" type="n" repeat="false" startframe="1" duration="1" />
      </embeddedsound>
      <slidenavigation onclick="true" slideadvmode="true" />
      <fileurl>Slides/slide12.swf</fileurl>
      <slideimage height="150" width="200">Images/slide12_200,150.jpg</slideimage>
      <title><![CDATA[Slide 12]]></title>
      <notes><![CDATA[12]]></notes>
      <slidetext><![CDATA[Testes de Verificação  Profª  Cleziana de Freitas Costa  ]]></slidetext>
      <animations>
      </animations>
      <waitforuser>false</waitforuser>
      <totalframes>1398</totalframes>
      <time>00:01:09</time>
      <transitionmediaurl />
    </slide>
    <slide id="13">
      <transition>
      </transition>
      <width>720</width>
      <height>540</height>
      <transitionurl>
      </transitionurl>
      <embeddedsound>
        <audio onclick="false" type="n" repeat="false" startframe="1" duration="1" />
      </embeddedsound>
      <slidenavigation onclick="true" slideadvmode="true" />
      <fileurl>Slides/slide13.swf</fileurl>
      <slideimage height="150" width="200">Images/slide13_200,150.jpg</slideimage>
      <title><![CDATA[Slide 13]]></title>
      <notes><![CDATA[13]]></notes>
      <slidetext><![CDATA[Importante:As atividades de verificação são importantes;As atividades de verificação devem ser planejadas;As atividades de verificação devem ser formalizadas;Aconselhável incluir pessoas chaves nas verificações;Aconselhável incluir uma equipe independente nas verificações;  Testes de Verificação  Profª  Cleziana de Freitas Costa  ]]></slidetext>
      <animations>
      </animations>
      <waitforuser>false</waitforuser>
      <totalframes>3422</totalframes>
      <time>00:02:51</time>
      <transitionmediaurl />
    </slide>
    <slide id="14">
      <transition>
      </transition>
      <width>720</width>
      <height>540</height>
      <transitionurl>
      </transitionurl>
      <embeddedsound>
        <audio onclick="false" type="n" repeat="false" startframe="1" duration="1" />
      </embeddedsound>
      <slidenavigation onclick="true" slideadvmode="true" />
      <fileurl>Slides/slide14.swf</fileurl>
      <slideimage height="150" width="200">Images/slide14_200,150.jpg</slideimage>
      <title><![CDATA[Slide 14]]></title>
      <notes><![CDATA[14]]></notes>
      <slidetext><![CDATA[Todos os membros do grupo devem ser orientados em relação às regras e objetivos a serem alcançados com as atividades de verificação.				Um número adequado de revisores gira em torno de quatro a sete profissionais.  Testes de Verificação  Profª  Cleziana de Freitas Costa  ]]></slidetext>
      <animations>
      </animations>
      <waitforuser>false</waitforuser>
      <totalframes>853</totalframes>
      <time>00:00:42</time>
      <transitionmediaurl />
    </slide>
    <slide id="15">
      <transition>
      </transition>
      <width>720</width>
      <height>540</height>
      <transitionurl>
      </transitionurl>
      <embeddedsound>
        <audio onclick="false" type="n" repeat="false" startframe="1" duration="1" />
      </embeddedsound>
      <slidenavigation onclick="true" slideadvmode="true" />
      <fileurl>Slides/slide15.swf</fileurl>
      <slideimage height="150" width="200">Images/slide15_200,150.jpg</slideimage>
      <title><![CDATA[Slide 15]]></title>
      <notes><![CDATA[15]]></notes>
      <slidetext><![CDATA[Qual a quantidade de revisores recomendado?				Um número adequado de revisores gira em torno de quatro a sete profissionais.  Testes de Verificação  Profª  Cleziana de Freitas Costa  ]]></slidetext>
      <animations>
      </animations>
      <waitforuser>false</waitforuser>
      <totalframes>1416</totalframes>
      <time>00:01:10</time>
      <transitionmediaurl />
    </slide>
    <slide id="16">
      <transition>
      </transition>
      <width>720</width>
      <height>540</height>
      <transitionurl>
      </transitionurl>
      <embeddedsound>
        <audio onclick="false" type="n" repeat="false" startframe="1" duration="1" />
      </embeddedsound>
      <slidenavigation onclick="true" slideadvmode="true" />
      <fileurl>Slides/slide16.swf</fileurl>
      <slideimage height="150" width="200">Images/slide16_200,150.jpg</slideimage>
      <title><![CDATA[Slide 16]]></title>
      <notes><![CDATA[16]]></notes>
      <slidetext><![CDATA[Qual a missão dos testes de verificação?		 Avaliar se toda a documentação gerada e todas as atividades que estão sendo desempenhadas são conduzidas adequadamente.Verificando:	Reduzir os riscos de falhas de interpretação que seriam inseridas no produto de software no momento de sua construção.  Testes de Verificação  Clareza das definições; Regras e objetivos compreensíveis por todos; Padrão desejável das documentações e atividades;  Profª  Cleziana de Freitas Costa  ]]></slidetext>
      <animations>
      </animations>
      <waitforuser>false</waitforuser>
      <totalframes>1304</totalframes>
      <time>00:01:05</time>
      <transitionmediaurl />
    </slide>
    <slide id="17">
      <transition>
      </transition>
      <width>720</width>
      <height>540</height>
      <transitionurl>
      </transitionurl>
      <embeddedsound>
        <audio onclick="false" type="n" repeat="false" startframe="1" duration="1" />
      </embeddedsound>
      <slidenavigation onclick="true" slideadvmode="true" />
      <fileurl>Slides/slide17.swf</fileurl>
      <slideimage height="150" width="200">Images/slide17_200,150.jpg</slideimage>
      <title><![CDATA[Slide 17]]></title>
      <notes><![CDATA[17]]></notes>
      <slidetext><![CDATA[Características dos testes de verificação		 Não envolve o processamento de softwares.		Esses testes são executados antes da criação dos aplicativos.  Testes de Verificação  Profª  Cleziana de Freitas Costa  ]]></slidetext>
      <animations>
      </animations>
      <waitforuser>false</waitforuser>
      <totalframes>644</totalframes>
      <time>00:00:32</time>
      <transitionmediaurl />
    </slide>
    <slide id="18">
      <transition>
      </transition>
      <width>720</width>
      <height>540</height>
      <transitionurl>
      </transitionurl>
      <embeddedsound>
        <audio onclick="false" type="n" repeat="false" startframe="1" duration="1" />
      </embeddedsound>
      <slidenavigation onclick="true" slideadvmode="true" />
      <fileurl>Slides/slide18.swf</fileurl>
      <slideimage height="150" width="200">Images/slide18_200,150.jpg</slideimage>
      <title><![CDATA[Slide 18]]></title>
      <notes><![CDATA[18]]></notes>
      <slidetext><![CDATA[Métodos Estruturados de Verificação  Testes de Verificação  Profª  Cleziana de Freitas Costa  ]]></slidetext>
      <animations>
      </animations>
      <waitforuser>false</waitforuser>
      <totalframes>1528</totalframes>
      <time>00:01:16</time>
      <transitionmediaurl />
    </slide>
    <slide id="19">
      <transition>
      </transition>
      <width>720</width>
      <height>540</height>
      <transitionurl>
      </transitionurl>
      <embeddedsound>
        <audio onclick="false" type="n" repeat="false" startframe="1" duration="1" />
      </embeddedsound>
      <slidenavigation onclick="true" slideadvmode="true" />
      <fileurl>Slides/slide19.swf</fileurl>
      <slideimage height="150" width="200">Images/slide19_200,150.jpg</slideimage>
      <title><![CDATA[Slide 19]]></title>
      <notes><![CDATA[19]]></notes>
      <slidetext><![CDATA[Quando devemos começar os testes de verificação? 		Devemos iniciar os testes verificação no início do processo de desenvolvimento do software.		Com a detecção dos erros no início no processo de desenvolvimento do software, com certeza o custo do projeto de desenvolvimento será menor.  Testes de Verificação  Profª  Cleziana de Freitas Costa  ]]></slidetext>
      <animations>
      </animations>
      <waitforuser>false</waitforuser>
      <totalframes>1847</totalframes>
      <time>00:01:32</time>
      <transitionmediaurl />
    </slide>
    <slide id="20">
      <transition>
      </transition>
      <width>720</width>
      <height>540</height>
      <transitionurl>
      </transitionurl>
      <embeddedsound>
        <audio onclick="false" type="n" repeat="false" startframe="1" duration="1" />
      </embeddedsound>
      <slidenavigation onclick="true" slideadvmode="true" />
      <fileurl>Slides/slide20.swf</fileurl>
      <slideimage height="150" width="200">Images/slide20_200,150.jpg</slideimage>
      <title><![CDATA[Slide 20]]></title>
      <notes><![CDATA[20]]></notes>
      <slidetext><![CDATA[Etapas do Teste de Verificação  Testes de Verificação  Profª  Cleziana de Freitas Costa  ]]></slidetext>
      <animations>
      </animations>
      <waitforuser>false</waitforuser>
      <totalframes>1613</totalframes>
      <time>00:01:20</time>
      <transitionmediaurl />
    </slide>
    <slide id="21">
      <transition>
      </transition>
      <width>720</width>
      <height>540</height>
      <transitionurl>
      </transitionurl>
      <embeddedsound>
        <audio onclick="false" type="n" repeat="false" startframe="1" duration="1" />
      </embeddedsound>
      <slidenavigation onclick="true" slideadvmode="true" />
      <fileurl>Slides/slide21.swf</fileurl>
      <slideimage height="150" width="200">Images/slide21_200,150.jpg</slideimage>
      <title><![CDATA[Slide 21]]></title>
      <notes><![CDATA[21]]></notes>
      <slidetext><![CDATA[Como realizar verificações? 		Devemos garantir a qualidade das atividades e dos documentos produzidos em cada etapa do desenvolvimento.Devemos:Realizar  revisões ;Realizar inspeções.  Testes de Verificação  Profª  Cleziana de Freitas Costa  ]]></slidetext>
      <animations>
      </animations>
      <waitforuser>false</waitforuser>
      <totalframes>1009</totalframes>
      <time>00:00:50</time>
      <transitionmediaurl />
    </slide>
    <slide id="22">
      <transition>
      </transition>
      <width>720</width>
      <height>540</height>
      <transitionurl>
      </transitionurl>
      <embeddedsound>
        <audio onclick="false" type="n" repeat="false" startframe="1" duration="1" />
      </embeddedsound>
      <slidenavigation onclick="true" slideadvmode="true" />
      <fileurl>Slides/slide22.swf</fileurl>
      <slideimage height="150" width="200">Images/slide22_200,150.jpg</slideimage>
      <title><![CDATA[Slide 22]]></title>
      <notes><![CDATA[22]]></notes>
      <slidetext><![CDATA[O que é revisão?		A Revisão é um processo “humano” de análise de determinado documento, que é realizado técnica de teste de verificação que pode ser realizada bem antes da execução do teste validação. 	As revisões encontram defeitos ao invés de falhas, pois não ocorreu a execução do programa com dados incorretos.  Revisões  Profª  Cleziana de Freitas Costa  ]]></slidetext>
      <animations>
      </animations>
      <waitforuser>false</waitforuser>
      <totalframes>1295</totalframes>
      <time>00:01:04</time>
      <transitionmediaurl />
    </slide>
    <slide id="23">
      <transition>
      </transition>
      <width>720</width>
      <height>540</height>
      <transitionurl>
      </transitionurl>
      <embeddedsound>
        <audio onclick="false" type="n" repeat="false" startframe="1" duration="1" />
      </embeddedsound>
      <slidenavigation onclick="true" slideadvmode="true" />
      <fileurl>Slides/slide23.swf</fileurl>
      <slideimage height="150" width="200">Images/slide23_200,150.jpg</slideimage>
      <title><![CDATA[Slide 23]]></title>
      <notes><![CDATA[23]]></notes>
      <slidetext><![CDATA[Objetivos das revisõesIdentificar desvios de padrões;Identificar defeitos nos requisitos;Identificar defeitos na modelagem;Identificar especificação incorreta. Revisões individuais são geralmente realizadas por outra pessoa sem ser o autor do artefato.  Revisões  Profª  Cleziana de Freitas Costa  ]]></slidetext>
      <animations>
      </animations>
      <waitforuser>false</waitforuser>
      <totalframes>979</totalframes>
      <time>00:00:48</time>
      <transitionmediaurl />
    </slide>
    <slide id="24">
      <transition>
      </transition>
      <width>720</width>
      <height>540</height>
      <transitionurl>
      </transitionurl>
      <embeddedsound>
        <audio onclick="false" type="n" repeat="false" startframe="1" duration="1" />
      </embeddedsound>
      <slidenavigation onclick="true" slideadvmode="true" />
      <fileurl>Slides/slide24.swf</fileurl>
      <slideimage height="150" width="200">Images/slide24_200,150.jpg</slideimage>
      <title><![CDATA[Slide 24]]></title>
      <notes><![CDATA[24]]></notes>
      <slidetext><![CDATA[Objetivos das revisões	 Identificar Problemas, Não Resolvê-los!		Quando realizamos reuniões de revisão devemos focar apenas nos problemas e nas inconsistências dos documentos.Não é objetivo das revisões encontrar as resoluções dos problemas.  Revisões  Profª  Cleziana de Freitas Costa  ]]></slidetext>
      <animations>
      </animations>
      <waitforuser>false</waitforuser>
      <totalframes>1831</totalframes>
      <time>00:01:31</time>
      <transitionmediaurl />
    </slide>
    <slide id="25">
      <transition>
      </transition>
      <width>720</width>
      <height>540</height>
      <transitionurl>
      </transitionurl>
      <embeddedsound>
        <audio onclick="false" type="n" repeat="false" startframe="1" duration="1" />
      </embeddedsound>
      <slidenavigation onclick="true" slideadvmode="true" />
      <fileurl>Slides/slide25.swf</fileurl>
      <slideimage height="150" width="200">Images/slide25_200,150.jpg</slideimage>
      <title><![CDATA[Slide 25]]></title>
      <notes><![CDATA[25]]></notes>
      <slidetext><![CDATA[Benefícios das revisões	 Detecção de defeitos antes da execução do teste validação.		 Os defeitos identificados e corrigidos nas revisões são muitas vezes mais baratos, pois o custo de correção de defeitos aumenta na medida em o processo de desenvolvimento progride.  Revisões  Profª  Cleziana de Freitas Costa  ]]></slidetext>
      <animations>
      </animations>
      <waitforuser>false</waitforuser>
      <totalframes>753</totalframes>
      <time>00:00:37</time>
      <transitionmediaurl />
    </slide>
    <slide id="26">
      <transition>
      </transition>
      <width>720</width>
      <height>540</height>
      <transitionurl>
      </transitionurl>
      <embeddedsound>
        <audio onclick="false" type="n" repeat="false" startframe="1" duration="1" />
      </embeddedsound>
      <slidenavigation onclick="true" slideadvmode="true" />
      <fileurl>Slides/slide26.swf</fileurl>
      <slideimage height="150" width="200">Images/slide26_200,150.jpg</slideimage>
      <title><![CDATA[Slide 26]]></title>
      <notes><![CDATA[26]]></notes>
      <slidetext><![CDATA[Como realizar revisões?		Devemos realizar revisões curtas e bem focadas para que sejam mais efetivas e bem direcionadas.Sugestões:As revisões devem durar por volta de duas horas;As revisões devem ter um conjunto de assuntos reduzidos e relacionados;Se um documento for muito longo, é recomendável dividir a revisão em várias sessões, com foco bem reduzido.  Revisões  Profª  Cleziana de Freitas Costa  ]]></slidetext>
      <animations>
      </animations>
      <waitforuser>false</waitforuser>
      <totalframes>1160</totalframes>
      <time>00:00:58</time>
      <transitionmediaurl />
    </slide>
    <slide id="27">
      <transition>
      </transition>
      <width>720</width>
      <height>540</height>
      <transitionurl>
      </transitionurl>
      <embeddedsound>
        <audio onclick="false" type="n" repeat="false" startframe="1" duration="1" />
      </embeddedsound>
      <slidenavigation onclick="true" slideadvmode="true" />
      <fileurl>Slides/slide27.swf</fileurl>
      <slideimage height="150" width="200">Images/slide27_200,150.jpg</slideimage>
      <title><![CDATA[Slide 27]]></title>
      <notes><![CDATA[27]]></notes>
      <slidetext><![CDATA[Revisões Informais;Revisões Isoladas;Revisões Formais;Revisão por Pares (peer Review);Acompanhamento (Walkthrough)  Tipos de Revisões  Profª  Cleziana de Freitas Costa  ]]></slidetext>
      <animations>
      </animations>
      <waitforuser>false</waitforuser>
      <totalframes>551</totalframes>
      <time>00:00:27</time>
      <transitionmediaurl />
    </slide>
    <slide id="28">
      <transition>
      </transition>
      <width>720</width>
      <height>540</height>
      <transitionurl>
      </transitionurl>
      <embeddedsound>
        <audio onclick="false" type="n" repeat="false" startframe="1" duration="1" />
      </embeddedsound>
      <slidenavigation onclick="true" slideadvmode="true" />
      <fileurl>Slides/slide28.swf</fileurl>
      <slideimage height="150" width="200">Images/slide28_200,150.jpg</slideimage>
      <title><![CDATA[Slide 28]]></title>
      <notes><![CDATA[28]]></notes>
      <slidetext><![CDATA[Revisão Informal		 Revisão que não segue um processo formal definido, sendo uma versão mais simples da revisão.Características:Baixo custo;Opcional programação em pares;Opcional um líder técnico revisando a modelagem e o código;Opcional a documentação.  Tipos de Revisões  Profª  Cleziana de Freitas Costa  ]]></slidetext>
      <animations>
      </animations>
      <waitforuser>false</waitforuser>
      <totalframes>653</totalframes>
      <time>00:00:32</time>
      <transitionmediaurl />
    </slide>
    <slide id="29">
      <transition>
      </transition>
      <width>720</width>
      <height>540</height>
      <transitionurl>
      </transitionurl>
      <embeddedsound>
        <audio onclick="false" type="n" repeat="false" startframe="1" duration="1" />
      </embeddedsound>
      <slidenavigation onclick="true" slideadvmode="true" />
      <fileurl>Slides/slide29.swf</fileurl>
      <slideimage height="150" width="200">Images/slide29_200,150.jpg</slideimage>
      <title><![CDATA[Slide 29]]></title>
      <notes><![CDATA[29]]></notes>
      <slidetext><![CDATA[Revisão Isolada		 Revisão individual do material produzido, executada por alguém diferente do autor.ObjetivosIdentificar defeitos;Correções dos documentos durante sua fase de concepção;  Tipos de Revisões  Profª  Cleziana de Freitas Costa  ]]></slidetext>
      <animations>
      </animations>
      <waitforuser>false</waitforuser>
      <totalframes>922</totalframes>
      <time>00:00:46</time>
      <transitionmediaurl />
    </slide>
    <slide id="30">
      <transition>
      </transition>
      <width>720</width>
      <height>540</height>
      <transitionurl>
      </transitionurl>
      <embeddedsound>
        <audio onclick="false" type="n" repeat="false" startframe="1" duration="1" />
      </embeddedsound>
      <slidenavigation onclick="true" slideadvmode="true" />
      <fileurl>Slides/slide30.swf</fileurl>
      <slideimage height="150" width="200">Images/slide30_200,150.jpg</slideimage>
      <title><![CDATA[Slide 30]]></title>
      <notes><![CDATA[30]]></notes>
      <slidetext><![CDATA[Revisão Formal		As revisões formais baseiam-se em reuniões com um grupo de profissionais responsáveis em identificar defeitos presentes em documentos gerados nas diversas etapas do desenvolvimento.	Objetivos:Encontrar defeitos;Checar a conformidade do produto verificado.  Tipos de Revisões  Profª  Cleziana de Freitas Costa  ]]></slidetext>
      <animations>
      </animations>
      <waitforuser>false</waitforuser>
      <totalframes>996</totalframes>
      <time>00:00:49</time>
      <transitionmediaurl />
    </slide>
    <slide id="31">
      <transition>
      </transition>
      <width>720</width>
      <height>540</height>
      <transitionurl>
      </transitionurl>
      <embeddedsound>
        <audio onclick="false" type="n" repeat="false" startframe="1" duration="1" />
      </embeddedsound>
      <slidenavigation onclick="true" slideadvmode="true" />
      <fileurl>Slides/slide31.swf</fileurl>
      <slideimage height="150" width="200">Images/slide31_200,150.jpg</slideimage>
      <title><![CDATA[Slide 31]]></title>
      <notes><![CDATA[31]]></notes>
      <slidetext><![CDATA[Revisão Formal			Características:As revisões têm regras próprias que devem ser respeitadas;O autor do documento participa da reunião de verificação, mas não conduz a reunião;Todos os participantes devem ter estudado e ter afinidade com o documento e assuntos tratados por este;Os profissionais envolvidos nesse processo devem ter experiências e conhecimentos diferentes.  Tipos de Revisões  Profª  Cleziana de Freitas Costa  ]]></slidetext>
      <animations>
      </animations>
      <waitforuser>false</waitforuser>
      <totalframes>3057</totalframes>
      <time>00:02:32</time>
      <transitionmediaurl />
    </slide>
    <slide id="32">
      <transition>
      </transition>
      <width>720</width>
      <height>540</height>
      <transitionurl>
      </transitionurl>
      <embeddedsound>
        <audio onclick="false" type="n" repeat="false" startframe="1" duration="1" />
      </embeddedsound>
      <slidenavigation onclick="true" slideadvmode="true" />
      <fileurl>Slides/slide32.swf</fileurl>
      <slideimage height="150" width="200">Images/slide32_200,150.jpg</slideimage>
      <title><![CDATA[Slide 32]]></title>
      <notes><![CDATA[32]]></notes>
      <slidetext><![CDATA[Revisão por Pares (Peer review)		 Técnica de detecção de defeitos onde os artefatos são revistos por um ou mais pares. Características:Pessoas que revisão com o mesmo grau técnico que o autor da documentação. A revisão aplicada em qualquer fase do ciclo de desenvolvimento do projeto.A revisão deve ser realiza em todos os artefatos gerados na etapa de desenvolvimento do projeto.  Tipos de Revisões  Profª  Cleziana de Freitas Costa  ]]></slidetext>
      <animations>
      </animations>
      <waitforuser>false</waitforuser>
      <totalframes>782</totalframes>
      <time>00:00:39</time>
      <transitionmediaurl />
    </slide>
    <slide id="33">
      <transition>
      </transition>
      <width>720</width>
      <height>540</height>
      <transitionurl>
      </transitionurl>
      <embeddedsound>
        <audio onclick="false" type="n" repeat="false" startframe="1" duration="1" />
      </embeddedsound>
      <slidenavigation onclick="true" slideadvmode="true" />
      <fileurl>Slides/slide33.swf</fileurl>
      <slideimage height="150" width="200">Images/slide33_200,150.jpg</slideimage>
      <title><![CDATA[Slide 33]]></title>
      <notes><![CDATA[33]]></notes>
      <slidetext><![CDATA[Acompanhamento (Walkthrough)		 Reuniões conduzidas geralmente pelo autor do documento.Objetivos:Aprendizagem do documento;Obter conhecimento sobre o documento;Encontrar defeitos.  Tipos de Revisões  Profª  Cleziana de Freitas Costa  ]]></slidetext>
      <animations>
      </animations>
      <waitforuser>false</waitforuser>
      <totalframes>898</totalframes>
      <time>00:00:44</time>
      <transitionmediaurl />
    </slide>
    <slide id="34">
      <transition>
      </transition>
      <width>720</width>
      <height>540</height>
      <transitionurl>
      </transitionurl>
      <embeddedsound>
        <audio onclick="false" type="n" repeat="false" startframe="1" duration="1" />
      </embeddedsound>
      <slidenavigation onclick="true" slideadvmode="true" />
      <fileurl>Slides/slide34.swf</fileurl>
      <slideimage height="150" width="200">Images/slide34_200,150.jpg</slideimage>
      <title><![CDATA[Slide 34]]></title>
      <notes><![CDATA[34]]></notes>
      <slidetext><![CDATA[Acompanhamento (Walkthrough)		Características:Reuniões informais com pouca ou nenhuma preparação requerida por parte dos participantes;Somente o apresentador prepara-se para a reunião, enquanto que os demais participantes simplesmente comparecem.  Tipos de Revisões  Profª  Cleziana de Freitas Costa  ]]></slidetext>
      <animations>
      </animations>
      <waitforuser>false</waitforuser>
      <totalframes>2649</totalframes>
      <time>00:02:12</time>
      <transitionmediaurl />
    </slide>
    <slide id="35">
      <transition>
      </transition>
      <width>720</width>
      <height>540</height>
      <transitionurl>
      </transitionurl>
      <embeddedsound>
        <audio onclick="false" type="n" repeat="false" startframe="1" duration="1" />
      </embeddedsound>
      <slidenavigation onclick="true" slideadvmode="true" />
      <fileurl>Slides/slide35.swf</fileurl>
      <slideimage height="150" width="200">Images/slide35_200,150.jpg</slideimage>
      <title><![CDATA[Slide 35]]></title>
      <notes><![CDATA[35]]></notes>
      <slidetext><![CDATA[Tipos de Revisões  Profª  Cleziana de Freitas Costa  ]]></slidetext>
      <animations>
      </animations>
      <waitforuser>false</waitforuser>
      <totalframes>1766</totalframes>
      <time>00:01:28</time>
      <transitionmediaurl />
    </slide>
    <slide id="36">
      <transition>
      </transition>
      <width>720</width>
      <height>540</height>
      <transitionurl>
      </transitionurl>
      <embeddedsound>
        <audio onclick="false" type="n" repeat="false" startframe="1" duration="1" />
      </embeddedsound>
      <slidenavigation onclick="true" slideadvmode="true" />
      <fileurl>Slides/slide36.swf</fileurl>
      <slideimage height="150" width="200">Images/slide36_200,150.jpg</slideimage>
      <title><![CDATA[Slide 36]]></title>
      <notes><![CDATA[36]]></notes>
      <slidetext><![CDATA[Profissionais que possuem uma forte visão de metodologias e processos, com experiência em tecnologia para auxiliar na execução de determinadas inspeções técnicas e revisões de documentos que empregam padrões e notações que devem ser respeitadas.Devemos ter claro que profissionais inexperientes contribuem muito pouco para as atividades de verificação.  Revisores  Profª  Cleziana de Freitas Costa  ]]></slidetext>
      <animations>
      </animations>
      <waitforuser>false</waitforuser>
      <totalframes>1733</totalframes>
      <time>00:01:26</time>
      <transitionmediaurl />
    </slide>
    <slide id="37">
      <transition>
      </transition>
      <width>720</width>
      <height>540</height>
      <transitionurl>
      </transitionurl>
      <embeddedsound>
        <audio onclick="false" type="n" repeat="false" startframe="1" duration="1" />
      </embeddedsound>
      <slidenavigation onclick="true" slideadvmode="true" />
      <fileurl>Slides/slide37.swf</fileurl>
      <slideimage height="150" width="200">Images/slide37_200,150.jpg</slideimage>
      <title><![CDATA[Slide 37]]></title>
      <notes><![CDATA[37]]></notes>
      <slidetext><![CDATA[Revisores  Profª  Cleziana de Freitas Costa  ]]></slidetext>
      <animations>
      </animations>
      <waitforuser>false</waitforuser>
      <totalframes>1521</totalframes>
      <time>00:01:16</time>
      <transitionmediaurl />
    </slide>
    <slide id="38">
      <transition>
      </transition>
      <width>720</width>
      <height>540</height>
      <transitionurl>
      </transitionurl>
      <embeddedsound>
        <audio onclick="false" type="n" repeat="false" startframe="1" duration="1" />
      </embeddedsound>
      <slidenavigation onclick="true" slideadvmode="true" />
      <fileurl>Slides/slide38.swf</fileurl>
      <slideimage height="150" width="200">Images/slide38_200,150.jpg</slideimage>
      <title><![CDATA[Slide 38]]></title>
      <notes><![CDATA[38]]></notes>
      <slidetext><![CDATA[Os revisores devem ser profissionais que possuam afinidade com os documentos e materiais que estão sendo colocados em discussão.	Objetivos dos revisoresDifundir a prática de revisão;Garantir a boa aplicação das técnicas de verificação durante a atividades revisões;Auxiliar no planejamento das revisõesAuxiliar na execução das revisões.  Revisores  Profª  Cleziana de Freitas Costa  ]]></slidetext>
      <animations>
      </animations>
      <waitforuser>false</waitforuser>
      <totalframes>1011</totalframes>
      <time>00:00:50</time>
      <transitionmediaurl />
    </slide>
    <slide id="39">
      <transition>
      </transition>
      <width>720</width>
      <height>540</height>
      <transitionurl>
      </transitionurl>
      <embeddedsound>
        <audio onclick="false" type="n" repeat="false" startframe="1" duration="1" />
      </embeddedsound>
      <slidenavigation onclick="true" slideadvmode="true" />
      <fileurl>Slides/slide39.swf</fileurl>
      <slideimage height="150" width="200">Images/slide39_200,150.jpg</slideimage>
      <title><![CDATA[Slide 39]]></title>
      <notes><![CDATA[39]]></notes>
      <slidetext><![CDATA[O que é inspeção?		A inspeção é um processo formal, através de reuniões formais, baseado em regras e utilização de check-lists.  Objetivos		Encontrar defeitos nas fases iniciais do processo de desenvolvimento, onde os papéis dos participantes estão bem definidos.  Inspeção  Profª  Cleziana de Freitas Costa  ]]></slidetext>
      <animations>
      </animations>
      <waitforuser>false</waitforuser>
      <totalframes>847</totalframes>
      <time>00:00:42</time>
      <transitionmediaurl />
    </slide>
    <slide id="40">
      <transition>
      </transition>
      <width>720</width>
      <height>540</height>
      <transitionurl>
      </transitionurl>
      <embeddedsound>
        <audio onclick="false" type="n" repeat="false" startframe="1" duration="1" />
      </embeddedsound>
      <slidenavigation onclick="true" slideadvmode="true" />
      <fileurl>Slides/slide40.swf</fileurl>
      <slideimage height="150" width="200">Images/slide40_200,150.jpg</slideimage>
      <title><![CDATA[Slide 40]]></title>
      <notes><![CDATA[40]]></notes>
      <slidetext><![CDATA[Benefícios das inspeções		Aumento da qualidade dos artefatos;Defeitos identificados e corrigidos antecipadamente;Custo de correção de erros menor nas próximas fases do ciclo de desenvolvimento.  Inspeção  Profª  Cleziana de Freitas Costa  ]]></slidetext>
      <animations>
      </animations>
      <waitforuser>false</waitforuser>
      <totalframes>656</totalframes>
      <time>00:00:32</time>
      <transitionmediaurl />
    </slide>
    <slide id="41">
      <transition>
      </transition>
      <width>720</width>
      <height>540</height>
      <transitionurl>
      </transitionurl>
      <embeddedsound>
        <audio onclick="false" type="n" repeat="false" startframe="1" duration="1" />
      </embeddedsound>
      <slidenavigation onclick="true" slideadvmode="true" />
      <fileurl>Slides/slide41.swf</fileurl>
      <slideimage height="150" width="200">Images/slide41_200,150.jpg</slideimage>
      <title><![CDATA[Slide 41]]></title>
      <notes><![CDATA[41]]></notes>
      <slidetext><![CDATA[Avaliação independente feita nos produtos de software, ou nos processos, a fim de averiguar com segurança a conformidade aos padrões, às diretrizes, às especificações e/ou aos procedimentos baseados em critérios objetivos, incluindo documentos que especifiquem: A forma ou o conteúdo dos produtos a serem produzidos. O processo pelo qual os produtos deverão ser produzidos. Como a conformidade aos padrões e às diretrizes deverá ser medida [IEEE 1028]. Fonte: Glossário versão 1.3  Auditoria  Profª  Cleziana de Freitas Costa  ]]></slidetext>
      <animations>
      </animations>
      <waitforuser>false</waitforuser>
      <totalframes>963</totalframes>
      <time>00:00:48</time>
      <transitionmediaurl />
    </slide>
    <slide id="42">
      <transition>
      </transition>
      <width>720</width>
      <height>540</height>
      <transitionurl>
      </transitionurl>
      <embeddedsound>
        <audio onclick="false" type="n" repeat="false" startframe="1" duration="1" />
      </embeddedsound>
      <slidenavigation onclick="true" slideadvmode="true" />
      <fileurl>Slides/slide42.swf</fileurl>
      <slideimage height="150" width="200">Images/slide42_200,150.jpg</slideimage>
      <title><![CDATA[Slide 42]]></title>
      <notes><![CDATA[42]]></notes>
      <slidetext><![CDATA[As auditorias têm por objetivo avaliar:se em determinado projeto as diversas equipes estão respeitando o processo de desenvolvimento;se estão registrando os defeitos encontrados;se estão produzindo as atas de reuniões;se estão realizando as reuniões de revisões; se estão realizando as documentações obrigatórias, se estão envolvendo clientes e usuários nos processos e se estão atualizando continuamente o mapa de riscos dos projetos.  Os auditores da qualidade são os grandes “guardiões do processo”.  Auditoria  Profª  Cleziana de Freitas Costa  ]]></slidetext>
      <animations>
      </animations>
      <waitforuser>false</waitforuser>
      <totalframes>2966</totalframes>
      <time>00:02:28</time>
      <transitionmediaurl />
    </slide>
    <slide id="43">
      <transition>
      </transition>
      <width>720</width>
      <height>540</height>
      <transitionurl>
      </transitionurl>
      <embeddedsound>
        <audio onclick="false" type="n" repeat="false" startframe="1" duration="1" />
      </embeddedsound>
      <slidenavigation onclick="true" slideadvmode="true" />
      <fileurl>Slides/slide43.swf</fileurl>
      <slideimage height="150" width="200">Images/slide43_200,150.jpg</slideimage>
      <title><![CDATA[Slide 43]]></title>
      <notes><![CDATA[43]]></notes>
      <slidetext><![CDATA[Durante esse período de distribuição, os revisores devem:Estudar os documentos e realizar diversos questionamentos referentes ao documento;Durante as revisões, o profissional que está conduzindo as reuniões deve:Garantir que todos os pontos dos documentos foram questionados e avaliados pelos revisores;Seguir uma estrutura do material a ser revisado, recomenda-se estrutura de tópicos do documento;Seguir uma sequência lógica e simples do processo de verificação  Envolvidos nas verificações  Profª  Cleziana de Freitas Costa  ]]></slidetext>
      <animations>
      </animations>
      <waitforuser>false</waitforuser>
      <totalframes>2496</totalframes>
      <time>00:02:04</time>
      <transitionmediaurl />
    </slide>
    <slide id="44">
      <transition>
      </transition>
      <width>720</width>
      <height>540</height>
      <transitionurl>
      </transitionurl>
      <embeddedsound>
        <audio onclick="false" type="n" repeat="false" startframe="1" duration="1" />
      </embeddedsound>
      <slidenavigation onclick="true" slideadvmode="true" />
      <fileurl>Slides/slide44.swf</fileurl>
      <slideimage height="150" width="200">Images/slide44_200,150.jpg</slideimage>
      <title><![CDATA[Slide 44]]></title>
      <notes><![CDATA[44]]></notes>
      <slidetext><![CDATA[Quem deve realizar as Verificações?  Envolvidos nas verificações  Profª  Cleziana de Freitas Costa  ]]></slidetext>
      <animations>
      </animations>
      <waitforuser>false</waitforuser>
      <totalframes>4286</totalframes>
      <time>00:03:34</time>
      <transitionmediaurl />
    </slide>
    <slide id="45">
      <transition>
      </transition>
      <width>720</width>
      <height>540</height>
      <transitionurl>
      </transitionurl>
      <embeddedsound>
        <audio onclick="false" type="n" repeat="false" startframe="1" duration="1" />
      </embeddedsound>
      <slidenavigation onclick="true" slideadvmode="true" />
      <fileurl>Slides/slide45.swf</fileurl>
      <slideimage height="150" width="200">Images/slide45_200,150.jpg</slideimage>
      <title><![CDATA[Slide 45]]></title>
      <notes><![CDATA[45]]></notes>
      <slidetext><![CDATA[Dificuldades em realizar as atividades de verificações:Aplicar as atividades de revisões e inspeções de maneira correta;Obedecer às regras das revisões;Participação de todos os profissionais presentes nas reuniões;Esgotar todos os pontos discutidos pelos revisores.		Devemos seguir as regras de verificações para que as atividades de verificação se torne um instrumento fundamental na detecção de erros do processo de desenvolvimento de software.  Dificuldades nas verificações  Profª  Cleziana de Freitas Costa  ]]></slidetext>
      <animations>
      </animations>
      <waitforuser>false</waitforuser>
      <totalframes>1421</totalframes>
      <time>00:01:11</time>
      <transitionmediaurl />
    </slide>
    <slide id="46">
      <transition>
      </transition>
      <width>720</width>
      <height>540</height>
      <transitionurl>
      </transitionurl>
      <embeddedsound>
        <audio onclick="false" type="n" repeat="false" startframe="1" duration="1" />
      </embeddedsound>
      <slidenavigation onclick="true" slideadvmode="true" />
      <fileurl>Slides/slide46.swf</fileurl>
      <slideimage height="150" width="200">Images/slide46_200,150.jpg</slideimage>
      <title><![CDATA[Slide 46]]></title>
      <notes><![CDATA[46]]></notes>
      <slidetext><![CDATA[É um instrumento a ser aplicado nas revisões de documentos e auditorias de processos de trabalho, direciona, através de guias, todas as atividades dos testes de verificação, criando uma abordagem única de como avaliar a qualidade de um documento.Reduz o grau de subjetividade em relação ao que deve ser avaliado ou não.  Checklist na verificação  Profª  Cleziana de Freitas Costa  ]]></slidetext>
      <animations>
      </animations>
      <waitforuser>false</waitforuser>
      <totalframes>804</totalframes>
      <time>00:00:40</time>
      <transitionmediaurl />
    </slide>
    <slide id="47">
      <transition>
      </transition>
      <width>720</width>
      <height>540</height>
      <transitionurl>
      </transitionurl>
      <embeddedsound>
        <audio onclick="false" type="n" repeat="false" startframe="1" duration="1" />
      </embeddedsound>
      <slidenavigation onclick="true" slideadvmode="true" />
      <fileurl>Slides/slide47.swf</fileurl>
      <slideimage height="150" width="200">Images/slide47_200,150.jpg</slideimage>
      <title><![CDATA[Slide 47]]></title>
      <notes><![CDATA[47]]></notes>
      <slidetext><![CDATA[A checklist orienta o profissional a investigar diversos aspectos em relação ao documento ou atividade.  Checklist na verificação  Profª  Cleziana de Freitas Costa  ]]></slidetext>
      <animations>
      </animations>
      <waitforuser>false</waitforuser>
      <totalframes>2145</totalframes>
      <time>00:01:47</time>
      <transitionmediaurl />
    </slide>
    <slide id="48">
      <transition>
      </transition>
      <width>720</width>
      <height>540</height>
      <transitionurl>
      </transitionurl>
      <embeddedsound>
        <audio onclick="false" type="n" repeat="false" startframe="1" duration="1" />
      </embeddedsound>
      <slidenavigation onclick="true" slideadvmode="true" />
      <fileurl>Slides/slide48.swf</fileurl>
      <slideimage height="150" width="200">Images/slide48_200,150.jpg</slideimage>
      <title><![CDATA[Slide 48]]></title>
      <notes><![CDATA[48]]></notes>
      <slidetext><![CDATA[Pontos que podemos considerar críticos para se avaliar a qualidade dos documentos: Avaliar se todas as necessidades, metas e exigências foram listadas.Verificar se a modelagem de negócios cobre todas as necessidades.Conferir se as projeções realizadas são baseadas em métricas e indicadores confiáveis.Avaliar a existência de alternativas a essa solução.Avaliar o retorno sobre o investimento em cada alternativa existente (ROI).Validar as opções de investimentos (árvore de decisão).  Pontos de verificação  Profª  Cleziana de Freitas Costa  ]]></slidetext>
      <animations>
      </animations>
      <waitforuser>false</waitforuser>
      <totalframes>1620</totalframes>
      <time>00:01:21</time>
      <transitionmediaurl />
    </slide>
    <slide id="49">
      <transition>
      </transition>
      <width>720</width>
      <height>540</height>
      <transitionurl>
      </transitionurl>
      <embeddedsound>
        <audio onclick="false" type="n" repeat="false" startframe="1" duration="1" />
      </embeddedsound>
      <slidenavigation onclick="true" slideadvmode="true" />
      <fileurl>Slides/slide49.swf</fileurl>
      <slideimage height="150" width="200">Images/slide49_200,150.jpg</slideimage>
      <title><![CDATA[Slide 49]]></title>
      <notes><![CDATA[49]]></notes>
      <slidetext><![CDATA[As atividades de verificação devem ser executadas sempre que o projeto sofrer mudanças.		Temos que manter a integridade das documentações e garantir que todas as decisões tomadas sejam devidamente analisadas e compartilhadas pelas áreas interessadas.		Ao final das revisões é recomendável elaborar o relatório de conclusão das verificações, onde estabelecemos os motivos da mudança de decisões e definições dos documentos, exatamente para podermos justificá-los e rastreá-los no futuro.  Até quando devemos realizar verificações?  Profª  Cleziana de Freitas Costa  ]]></slidetext>
      <animations>
      </animations>
      <waitforuser>false</waitforuser>
      <totalframes>1298</totalframes>
      <time>00:01:04</time>
      <transitionmediaurl />
    </slide>
    <slide id="50">
      <transition>
      </transition>
      <width>720</width>
      <height>540</height>
      <transitionurl>
      </transitionurl>
      <embeddedsound>
        <audio onclick="false" type="n" repeat="false" startframe="1" duration="1" />
      </embeddedsound>
      <slidenavigation onclick="true" slideadvmode="true" />
      <fileurl>Slides/slide50.swf</fileurl>
      <slideimage height="150" width="200">Images/slide50_200,150.jpg</slideimage>
      <title><![CDATA[Slide 50]]></title>
      <notes><![CDATA[50]]></notes>
      <slidetext><![CDATA[MBA em Engenharia de Software à DistânciaGarantia da Qualidade de SoftwareAs melhores práticas de engenharia de software aplicadas à sua empresaAlexandre Bartié  Profª  Cleziana de Freitas Costa  ]]></slidetext>
      <animations>
      </animations>
      <waitforuser>false</waitforuser>
      <totalframes>318</totalframes>
      <time>00:00:15</time>
      <transitionmediaurl />
    </slide>
    <slide id="51">
      <transition>
      </transition>
      <width>720</width>
      <height>540</height>
      <transitionurl>
      </transitionurl>
      <embeddedsound>
        <audio onclick="false" type="n" repeat="false" startframe="1" duration="1" />
      </embeddedsound>
      <slidenavigation onclick="true" slideadvmode="true" />
      <fileurl>Slides/slide51.swf</fileurl>
      <slideimage height="150" width="200">Images/slide51_200,150.jpg</slideimage>
      <title><![CDATA[Slide 51]]></title>
      <notes><![CDATA[]]></notes>
      <slidetext><![CDATA[Parabéns!Até a próxima aula!  MBA em Engenharia de Software à Distância  Profª  Cleziana de Freitas Costa  ]]></slidetext>
      <animations>
      </animations>
      <waitforuser>false</waitforuser>
      <totalframes>555</totalframes>
      <time>00:00:27</time>
      <transitionmediaurl />
    </slide>
  </slides>
</presentation>