﻿<?xml version="1.0" encoding="UTF-8"?>
<root>
  <slide transition="" id="1" frame="0" swidth="720" sheight="540" title="Slide 1" totalframes="127" path="slide1.swf" name="slide1.swf" />
  <slide transition="" id="2" frame="0" swidth="720" sheight="540" title="O Processo de Requisitos de Software  " totalframes="503" path="slide2.swf" name="slide2.swf" />
  <slide transition="" id="3" frame="0" swidth="720" sheight="540" title="O Processo de Requisitos de Software  " totalframes="359" path="slide3.swf" name="slide3.swf" />
  <slide transition="" id="4" frame="0" swidth="720" sheight="540" title="O Processo de Requisitos de Software  " totalframes="354" path="slide4.swf" name="slide4.swf" />
  <slide transition="" id="5" frame="0" swidth="720" sheight="540" title="O Processo de Requisitos de Software  " totalframes="652" path="slide5.swf" name="slide5.swf" />
  <slide transition="" id="6" frame="0" swidth="720" sheight="540" title="O Processo de Requisitos de Software  " totalframes="531" path="slide6.swf" name="slide6.swf" />
  <slide transition="" id="7" frame="0" swidth="720" sheight="540" title="O Processo de Requisitos de Software  " totalframes="548" path="slide7.swf" name="slide7.swf" />
  <slide transition="" id="8" frame="0" swidth="720" sheight="540" title="O Processo de Requisitos de Software  " totalframes="449" path="slide8.swf" name="slide8.swf" />
  <slide transition="" id="9" frame="0" swidth="720" sheight="540" title="O Processo de Requisitos de Software  " totalframes="427" path="slide9.swf" name="slide9.swf" />
  <slide transition="" id="10" frame="0" swidth="720" sheight="540" title="O Processo de Requisitos de Software  " totalframes="410" path="slide10.swf" name="slide10.swf" />
  <slide transition="" id="11" frame="0" swidth="720" sheight="540" title="O Processo de Requisitos de Software  " totalframes="704" path="slide11.swf" name="slide11.swf" />
  <slide transition="" id="12" frame="0" swidth="720" sheight="540" title="O Processo de Requisitos de Software  " totalframes="259" path="slide12.swf" name="slide12.swf" />
  <slide transition="" id="13" frame="0" swidth="720" sheight="540" title="O Processo de Requisitos de Software  " totalframes="491" path="slide13.swf" name="slide13.swf" />
  <slide transition="" id="14" frame="0" swidth="720" sheight="540" title="O Processo de Requisitos de Software  " totalframes="476" path="slide14.swf" name="slide14.swf" />
  <slide transition="" id="15" frame="0" swidth="720" sheight="540" title="O Processo de Requisitos de Software  " totalframes="491" path="slide15.swf" name="slide15.swf" />
  <slide transition="" id="16" frame="0" swidth="720" sheight="540" title="O Processo de Requisitos de Software  " totalframes="312" path="slide16.swf" name="slide16.swf" />
  <slide transition="" id="17" frame="0" swidth="720" sheight="540" title="O Processo de Requisitos de Software  " totalframes="485" path="slide17.swf" name="slide17.swf" />
  <slide transition="" id="18" frame="0" swidth="720" sheight="540" title="O Processo de Requisitos de Software  " totalframes="494" path="slide18.swf" name="slide18.swf" />
  <slide transition="" id="19" frame="0" swidth="720" sheight="540" title="O Processo de Requisitos de Software  " totalframes="806" path="slide19.swf" name="slide19.swf" />
  <slide transition="" id="20" frame="0" swidth="720" sheight="540" title="O Processo de Requisitos de Software  " totalframes="849" path="slide20.swf" name="slide20.swf" />
  <slide transition="" id="21" frame="0" swidth="720" sheight="540" title="O Processo de Requisitos de Software  " totalframes="634" path="slide21.swf" name="slide21.swf" />
  <slide transition="" id="22" frame="0" swidth="720" sheight="540" title="O Processo de Requisitos de Software  " totalframes="448" path="slide22.swf" name="slide22.swf" />
  <slide transition="" id="23" frame="0" swidth="720" sheight="540" title="O Processo de Requisitos de Software  " totalframes="228" path="slide23.swf" name="slide23.swf" />
  <slide transition="" id="24" frame="0" swidth="720" sheight="540" title="O Processo de Requisitos de Software  " totalframes="446" path="slide24.swf" name="slide24.swf" />
  <slide transition="" id="25" frame="0" swidth="720" sheight="540" title="O Processo de Requisitos de Software  " totalframes="539" path="slide25.swf" name="slide25.swf" />
  <slide transition="" id="26" frame="0" swidth="720" sheight="540" title="O Processo de Requisitos de Software  " totalframes="422" path="slide26.swf" name="slide26.swf" />
  <slide transition="" id="27" frame="0" swidth="720" sheight="540" title="O Processo de Requisitos de Software  " totalframes="759" path="slide27.swf" name="slide27.swf" />
  <slide transition="" id="28" frame="0" swidth="720" sheight="540" title="O Processo de Requisitos de Software  " totalframes="364" path="slide28.swf" name="slide28.swf" />
  <slide transition="" id="29" frame="0" swidth="720" sheight="540" title="O Processo de Requisitos de Software  " totalframes="411" path="slide29.swf" name="slide29.swf" />
  <slide transition="" id="30" frame="0" swidth="720" sheight="540" title="O Processo de Requisitos de Software  " totalframes="373" path="slide30.swf" name="slide30.swf" />
  <slide transition="" id="31" frame="0" swidth="720" sheight="540" title="O Processo de Requisitos de Software  " totalframes="352" path="slide31.swf" name="slide31.swf" />
  <slide transition="" id="32" frame="0" swidth="720" sheight="540" title="Tipos de Requisitos Não Funcionais  " totalframes="991" path="slide32.swf" name="slide32.swf" />
  <slide transition="" id="33" frame="0" swidth="720" sheight="540" title="O Processo de Requisitos de Software  " totalframes="993" path="slide33.swf" name="slide33.swf" />
  <slide transition="" id="34" frame="0" swidth="720" sheight="540" title="O Processo de Requisitos de Software  " totalframes="628" path="slide34.swf" name="slide34.swf" />
  <slide transition="" id="35" frame="0" swidth="720" sheight="540" title="O Processo de Requisitos de Software  " totalframes="535" path="slide35.swf" name="slide35.swf" />
  <slide transition="" id="36" frame="0" swidth="720" sheight="540" title="Requisitos de Domínio - Exemplos:  " totalframes="870" path="slide36.swf" name="slide36.swf" />
  <slide transition="" id="37" frame="0" swidth="720" sheight="540" title="O Processo de Requisitos de Software  " totalframes="497" path="slide37.swf" name="slide37.swf" />
  <slide transition="" id="38" frame="0" swidth="720" sheight="540" title="O Processo de Requisitos de Software  " totalframes="351" path="slide38.swf" name="slide38.swf" />
  <slide transition="" id="39" frame="0" swidth="720" sheight="540" title="O Processo de Requisitos de Software  " totalframes="417" path="slide39.swf" name="slide39.swf" />
  <slide transition="" id="40" frame="0" swidth="720" sheight="540" title="O Processo de Requisitos de Software  " totalframes="523" path="slide40.swf" name="slide40.swf" />
  <slide transition="" id="41" frame="0" swidth="720" sheight="540" title="O Processo de Requisitos de Software  " totalframes="429" path="slide41.swf" name="slide41.swf" />
  <slide transition="" id="42" frame="0" swidth="720" sheight="540" title="Notações para a especificação de requisitos:  " totalframes="2269" path="slide42.swf" name="slide42.swf" />
  <slide transition="" id="43" frame="0" swidth="720" sheight="540" title="O Processo de Requisitos de Software  " totalframes="473" path="slide43.swf" name="slide43.swf" />
  <slide transition="" id="44" frame="0" swidth="720" sheight="540" title="O Processo de Requisitos de Software  " totalframes="367" path="slide44.swf" name="slide44.swf" />
  <slide transition="" id="45" frame="0" swidth="720" sheight="540" title="Especificações em Linguagem Natural Estruturada - Exemplo  " totalframes="549" path="slide45.swf" name="slide45.swf" />
  <slide transition="" id="46" frame="0" swidth="720" sheight="540" title="O Processo de Requisitos de Software  " totalframes="336" path="slide46.swf" name="slide46.swf" />
  <slide transition="" id="47" frame="0" swidth="720" sheight="540" title="O Processo de Requisitos de Software  " totalframes="394" path="slide47.swf" name="slide47.swf" />
  <slide transition="" id="48" frame="0" swidth="720" sheight="540" title="O Processo de Requisitos de Software  " totalframes="457" path="slide48.swf" name="slide48.swf" />
  <slide transition="" id="49" frame="0" swidth="720" sheight="540" title="O Processo de Requisitos de Software  " totalframes="551" path="slide49.swf" name="slide49.swf" />
  <slide transition="" id="50" frame="0" swidth="720" sheight="540" title="PDL baseada em Java de uma interface de servidor de impressão (PrintServer).  " totalframes="316" path="slide50.swf" name="slide50.swf" />
  <slide transition="" id="51" frame="0" swidth="720" sheight="540" title="O Processo de Requisitos de Software: Documento de requisito de software  " totalframes="773" path="slide51.swf" name="slide51.swf" />
  <slide transition="" id="52" frame="0" swidth="720" sheight="540" title="O Processo de Requisitos de Software  " totalframes="485" path="slide52.swf" name="slide52.swf" />
  <slide transition="" id="53" frame="0" swidth="720" sheight="540" title="O Processo de Requisitos de Software  " totalframes="854" path="slide53.swf" name="slide53.swf" />
  <slide transition="" id="54" frame="0" swidth="720" sheight="540" title="O Processo de Requisitos de Software  " totalframes="904" path="slide54.swf" name="slide54.swf" />
  <slide transition="" id="55" frame="0" swidth="720" sheight="540" title="O Processo de Requisitos de Software  " totalframes="1558" path="slide55.swf" name="slide55.swf" />
  <slide transition="" id="56" frame="0" swidth="720" sheight="540" title="O Processo de Requisitos de Software: Usuários de um documento de requisitos.  " totalframes="1300" path="slide56.swf" name="slide56.swf" />
  <slide transition="" id="57" frame="0" swidth="720" sheight="540" title="Slide 57" totalframes="764" path="slide57.swf" name="slide57.swf" />
  <slide id="57" animationid="1" frame="21" name="0" title="Slide 57" path="slide57.swf" />
</root>