﻿<?xml version="1.0" encoding="UTF-8"?>
<root>
  <slide transition="" id="1" frame="0" swidth="720" sheight="540" title="Slide 1" totalframes="440" path="slide1.swf" name="slide1.swf" />
  <slide transition="5,PixelDissolve,0.5,80,80" id="2" frame="0" swidth="720" sheight="540" title="Slide 2" totalframes="22" path="slide2.swf" name="slide2.swf" />
  <slide transition="5,PixelDissolve,0.5,80,80" id="3" frame="0" swidth="720" sheight="540" title="Slide 3" totalframes="646" path="slide3.swf" name="slide3.swf" />
  <slide transition="" id="4" frame="0" swidth="720" sheight="540" title="Slide 4" totalframes="1911" path="slide4.swf" name="slide4.swf" />
  <slide transition="" id="5" frame="0" swidth="720" sheight="540" title="Slide 5" totalframes="886" path="slide5.swf" name="slide5.swf" />
  <slide transition="" id="6" frame="0" swidth="720" sheight="540" title="Slide 6" totalframes="492" path="slide6.swf" name="slide6.swf" />
  <slide transition="" id="7" frame="0" swidth="720" sheight="540" title="Teste  " totalframes="1066" path="slide7.swf" name="slide7.swf" />
  <slide transition="" id="8" frame="0" swidth="720" sheight="540" title="Teste  " totalframes="492" path="slide8.swf" name="slide8.swf" />
  <slide transition="" id="9" frame="0" swidth="720" sheight="540" title="Visão do teste  " totalframes="941" path="slide9.swf" name="slide9.swf" />
  <slide transition="" id="10" frame="0" swidth="720" sheight="540" title="Visão do teste  " totalframes="1049" path="slide10.swf" name="slide10.swf" />
  <slide transition="" id="11" frame="0" swidth="720" sheight="540" title="Visão do teste  " totalframes="1201" path="slide11.swf" name="slide11.swf" />
  <slide transition="" id="12" frame="0" swidth="720" sheight="540" title="Visão do teste  " totalframes="1999" path="slide12.swf" name="slide12.swf" />
  <slide transition="" id="13" frame="0" swidth="720" sheight="540" title="Principal meta de um bom testador  " totalframes="1449" path="slide13.swf" name="slide13.swf" />
  <slide transition="" id="14" frame="0" swidth="720" sheight="540" title="Qual perfil de um bom profissional de teste?  " totalframes="1319" path="slide14.swf" name="slide14.swf" />
  <slide transition="" id="15" frame="0" swidth="720" sheight="540" title="“Bug”  " totalframes="1242" path="slide15.swf" name="slide15.swf" />
  <slide transition="" id="16" frame="0" swidth="720" sheight="540" title="Slide 16" totalframes="1723" path="slide16.swf" name="slide16.swf" />
  <slide transition="" id="17" frame="0" swidth="720" sheight="540" title="“Bug”  " totalframes="1987" path="slide17.swf" name="slide17.swf" />
  <slide transition="" id="18" frame="0" swidth="720" sheight="540" title="“Bug”  " totalframes="4030" path="slide18.swf" name="slide18.swf" />
  <slide transition="" id="19" frame="0" swidth="720" sheight="540" title="“Bug”  " totalframes="2444" path="slide19.swf" name="slide19.swf" />
  <slide transition="" id="20" frame="0" swidth="720" sheight="540" title="“Bug”  " totalframes="3152" path="slide20.swf" name="slide20.swf" />
  <slide transition="" id="21" frame="0" swidth="720" sheight="540" title="“Bug”  " totalframes="1492" path="slide21.swf" name="slide21.swf" />
  <slide transition="" id="22" frame="0" swidth="720" sheight="540" title="“Bug”  " totalframes="1101" path="slide22.swf" name="slide22.swf" />
  <slide transition="" id="23" frame="0" swidth="720" sheight="540" title="Testes com precisão  " totalframes="2764" path="slide23.swf" name="slide23.swf" />
  <slide transition="" id="24" frame="0" swidth="720" sheight="540" title="Defeitos  " totalframes="821" path="slide24.swf" name="slide24.swf" />
  <slide transition="" id="25" frame="0" swidth="720" sheight="540" title="Slide 25" totalframes="1141" path="slide25.swf" name="slide25.swf" />
  <slide transition="" id="26" frame="0" swidth="720" sheight="540" title="Slide 26" totalframes="1127" path="slide26.swf" name="slide26.swf" />
  <slide transition="" id="27" frame="0" swidth="720" sheight="540" title="Slide 27" totalframes="1055" path="slide27.swf" name="slide27.swf" />
  <slide transition="" id="28" frame="0" swidth="720" sheight="540" title="Defeito segundo QAI  " totalframes="921" path="slide28.swf" name="slide28.swf" />
  <slide transition="" id="29" frame="0" swidth="720" sheight="540" title="O que é um defeito?  " totalframes="865" path="slide29.swf" name="slide29.swf" />
  <slide transition="" id="30" frame="0" swidth="720" sheight="540" title="Tipos de Defeitos  " totalframes="759" path="slide30.swf" name="slide30.swf" />
  <slide transition="" id="31" frame="0" swidth="720" sheight="540" title="Tipos de Defeitos  " totalframes="1609" path="slide31.swf" name="slide31.swf" />
  <slide transition="" id="32" frame="0" swidth="720" sheight="540" title="Slide 32" totalframes="1211" path="slide32.swf" name="slide32.swf" />
  <slide transition="" id="33" frame="0" swidth="720" sheight="540" title="Tipos de Defeitos  " totalframes="2523" path="slide33.swf" name="slide33.swf" />
  <slide transition="" id="34" frame="0" swidth="720" sheight="540" title="Slide 34" totalframes="1464" path="slide34.swf" name="slide34.swf" />
  <slide transition="" id="35" frame="0" swidth="720" sheight="540" title="Slide 35" totalframes="2844" path="slide35.swf" name="slide35.swf" />
  <slide transition="" id="36" frame="0" swidth="720" sheight="540" title="Slide 36" totalframes="1988" path="slide36.swf" name="slide36.swf" />
  <slide transition="" id="37" frame="0" swidth="720" sheight="540" title="Slide 37" totalframes="576" path="slide37.swf" name="slide37.swf" />
  <slide transition="" id="38" frame="0" swidth="720" sheight="540" title="Por que um defeito ocorre?  " totalframes="631" path="slide38.swf" name="slide38.swf" />
  <slide transition="" id="39" frame="0" swidth="720" sheight="540" title="Por que um defeito ocorre?  " totalframes="1863" path="slide39.swf" name="slide39.swf" />
  <slide transition="" id="40" frame="0" swidth="720" sheight="540" title="Onde estão os defeitos?  " totalframes="698" path="slide40.swf" name="slide40.swf" />
  <slide transition="" id="41" frame="0" swidth="720" sheight="540" title="O custo da propagação dos defeitos  " totalframes="932" path="slide41.swf" name="slide41.swf" />
  <slide transition="" id="42" frame="0" swidth="720" sheight="540" title="O custo da propagação dos defeitos  " totalframes="447" path="slide42.swf" name="slide42.swf" />
  <slide transition="" id="43" frame="0" swidth="720" sheight="540" title="Slide 43" totalframes="300" path="slide43.swf" name="slide43.swf" />
  <slide transition="" id="44" frame="0" swidth="720" sheight="540" title="Slide 44" totalframes="562" path="slide44.swf" name="slide44.swf" />
  <slide transition="" id="45" frame="0" swidth="720" sheight="540" title="Por que as empresas não testam?  " totalframes="453" path="slide45.swf" name="slide45.swf" />
  <slide transition="" id="46" frame="0" swidth="720" sheight="540" title="Por que as empresas não testam?  " totalframes="1208" path="slide46.swf" name="slide46.swf" />
  <slide transition="" id="47" frame="0" swidth="720" sheight="540" title="Porque o teste é necessário?  " totalframes="773" path="slide47.swf" name="slide47.swf" />
  <slide transition="" id="48" frame="0" swidth="720" sheight="540" title="Porque o teste é necessário?  " totalframes="559" path="slide48.swf" name="slide48.swf" />
  <slide transition="" id="49" frame="0" swidth="720" sheight="540" title="Slide 49" totalframes="1253" path="slide49.swf" name="slide49.swf" />
  <slide transition="" id="50" frame="0" swidth="720" sheight="540" title="Porque o teste é necessário?  " totalframes="860" path="slide50.swf" name="slide50.swf" />
  <slide transition="" id="51" frame="0" swidth="720" sheight="540" title="Slide 51" totalframes="1201" path="slide51.swf" name="slide51.swf" />
  <slide transition="" id="52" frame="0" swidth="720" sheight="540" title="Porque o teste é necessário?  " totalframes="871" path="slide52.swf" name="slide52.swf" />
  <slide transition="" id="53" frame="0" swidth="720" sheight="540" title="Slide 53" totalframes="1675" path="slide53.swf" name="slide53.swf" />
  <slide transition="" id="54" frame="0" swidth="720" sheight="540" title="Porque o teste é necessário?  " totalframes="1166" path="slide54.swf" name="slide54.swf" />
  <slide transition="" id="55" frame="0" swidth="720" sheight="540" title="Porque o teste é necessário?  " totalframes="916" path="slide55.swf" name="slide55.swf" />
  <slide transition="" id="56" frame="0" swidth="720" sheight="540" title="Slide 56" totalframes="773" path="slide56.swf" name="slide56.swf" />
  <slide transition="" id="57" frame="0" swidth="720" sheight="540" title="Slide 57" totalframes="216" path="slide57.swf" name="slide57.swf" />
  <slide transition="" id="58" frame="0" swidth="720" sheight="540" title="Slide 58" totalframes="555" path="slide58.swf" name="slide58.swf" />
</root>