﻿<?xml version="1.0" encoding="UTF-8"?>
<root>
  <slide transition="" id="1" frame="0" swidth="720" sheight="540" title="Slide 1" totalframes="452" path="slide1.swf" name="slide1.swf" />
  <slide transition="" id="2" frame="0" swidth="720" sheight="540" title="Slide 2" totalframes="776" path="slide2.swf" name="slide2.swf" />
  <slide id="2" animationid="1" frame="557" name="0" title="Slide 2" path="slide2.swf" />
  <slide transition="" id="3" frame="0" swidth="720" sheight="540" title="Slide 3" totalframes="950" path="slide3.swf" name="slide3.swf" />
  <slide transition="" id="4" frame="0" swidth="720" sheight="540" title="Slide 4" totalframes="1034" path="slide4.swf" name="slide4.swf" />
  <slide transition="" id="5" frame="0" swidth="720" sheight="540" title="Engenharia de requisitos  " totalframes="764" path="slide5.swf" name="slide5.swf" />
  <slide transition="" id="6" frame="0" swidth="720" sheight="540" title="Engenharia de requisitos  " totalframes="831" path="slide6.swf" name="slide6.swf" />
  <slide transition="" id="7" frame="0" swidth="720" sheight="540" title="Engenharia de requisitos  " totalframes="281" path="slide7.swf" name="slide7.swf" />
  <slide transition="" id="8" frame="0" swidth="720" sheight="540" title="Requisitos  " totalframes="361" path="slide8.swf" name="slide8.swf" />
  <slide transition="" id="9" frame="0" swidth="720" sheight="540" title="Requisitos  " totalframes="321" path="slide9.swf" name="slide9.swf" />
  <slide transition="" id="10" frame="0" swidth="720" sheight="540" title="Requisitos  " totalframes="418" path="slide10.swf" name="slide10.swf" />
  <slide transition="" id="11" frame="0" swidth="720" sheight="540" title="Requisitos  " totalframes="471" path="slide11.swf" name="slide11.swf" />
  <slide transition="" id="12" frame="0" swidth="720" sheight="540" title="Slide 12" totalframes="1165" path="slide12.swf" name="slide12.swf" />
  <slide id="12" animationid="1" frame="1121" name="0" title="Slide 12" path="slide12.swf" />
  <slide transition="" id="13" frame="0" swidth="720" sheight="540" title="Slide 13" totalframes="1140" path="slide13.swf" name="slide13.swf" />
  <slide id="13" animationid="1" frame="2" name="0" title="Slide 13" path="slide13.swf" />
  <slide id="13" animationid="2" frame="12" name="0" title="Slide 13" path="slide13.swf" />
  <slide id="13" animationid="3" frame="22" name="0" title="Slide 13" path="slide13.swf" />
  <slide transition="" id="14" frame="0" swidth="720" sheight="540" title="Gerenciar Requisitos não é fácil  " totalframes="538" path="slide14.swf" name="slide14.swf" />
  <slide transition="" id="15" frame="0" swidth="720" sheight="540" title="Requisitos e Especificação  " totalframes="701" path="slide15.swf" name="slide15.swf" />
  <slide transition="" id="16" frame="0" swidth="720" sheight="540" title="Requisitos e Especificação  " totalframes="476" path="slide16.swf" name="slide16.swf" />
  <slide transition="" id="17" frame="0" swidth="720" sheight="540" title="Requisitos e Especificação  " totalframes="401" path="slide17.swf" name="slide17.swf" />
  <slide transition="" id="18" frame="0" swidth="720" sheight="540" title="Requisitos e Especificação  " totalframes="510" path="slide18.swf" name="slide18.swf" />
  <slide transition="" id="19" frame="0" swidth="720" sheight="540" title="Requisitos existem em diversos níveis  " totalframes="502" path="slide19.swf" name="slide19.swf" />
  <slide transition="" id="20" frame="0" swidth="720" sheight="540" title="Engenharia de Requisitos de Software  " totalframes="766" path="slide20.swf" name="slide20.swf" />
  <slide transition="" id="21" frame="0" swidth="720" sheight="540" title="Engenharia de Requisitos de Software  " totalframes="458" path="slide21.swf" name="slide21.swf" />
  <slide transition="" id="22" frame="0" swidth="720" sheight="540" title="Engenharia de Requisitos de Software  " totalframes="434" path="slide22.swf" name="slide22.swf" />
  <slide transition="" id="23" frame="0" swidth="720" sheight="540" title="Engenharia de Requisitos de Software  " totalframes="264" path="slide23.swf" name="slide23.swf" />
  <slide transition="" id="24" frame="0" swidth="720" sheight="540" title="Engenharia de Requisitos de Software – Fase de Análise de Requisitos  " totalframes="447" path="slide24.swf" name="slide24.swf" />
  <slide transition="" id="25" frame="0" swidth="720" sheight="540" title="Engenharia de Requisitos de Software – Principais fases da Engenharia de Requisitos  " totalframes="632" path="slide25.swf" name="slide25.swf" />
  <slide transition="" id="26" frame="0" swidth="720" sheight="540" title="Engenharia de Requisitos de Software – Principais fases da Engenharia de Requisitos  " totalframes="1691" path="slide26.swf" name="slide26.swf" />
  <slide transition="" id="27" frame="0" swidth="720" sheight="540" title="Engenharia de Requisitos de Software – Principais fases da Engenharia de Requisitos  " totalframes="1573" path="slide27.swf" name="slide27.swf" />
  <slide transition="" id="28" frame="0" swidth="720" sheight="540" title="Engenharia de Requisitos de Software – Principais fases da Engenharia de Requisitos  " totalframes="647" path="slide28.swf" name="slide28.swf" />
  <slide transition="" id="29" frame="0" swidth="720" sheight="540" title="O Processo de Engenharia de Requisitos  " totalframes="691" path="slide29.swf" name="slide29.swf" />
  <slide transition="" id="30" frame="0" swidth="720" sheight="540" title="O Processo de Engenharia de Requisitos  " totalframes="940" path="slide30.swf" name="slide30.swf" />
  <slide transition="" id="31" frame="0" swidth="720" sheight="540" title="O Processo de Engenharia de Requisitos  " totalframes="628" path="slide31.swf" name="slide31.swf" />
  <slide transition="" id="32" frame="0" swidth="720" sheight="540" title="O desafio do levantamento de requisitos  " totalframes="779" path="slide32.swf" name="slide32.swf" />
  <slide transition="" id="33" frame="0" swidth="720" sheight="540" title="As Features de um Sistema  " totalframes="576" path="slide33.swf" name="slide33.swf" />
  <slide transition="" id="34" frame="0" swidth="720" sheight="540" title="As Features de um Sistema  " totalframes="605" path="slide34.swf" name="slide34.swf" />
  <slide transition="" id="35" frame="0" swidth="720" sheight="540" title="As Features de um Sistema  " totalframes="640" path="slide35.swf" name="slide35.swf" />
  <slide transition="" id="36" frame="0" swidth="720" sheight="540" title="As Features de um Sistema  " totalframes="600" path="slide36.swf" name="slide36.swf" />
  <slide transition="" id="37" frame="0" swidth="720" sheight="540" title="As Features de um Sistema  " totalframes="380" path="slide37.swf" name="slide37.swf" />
  <slide transition="" id="38" frame="0" swidth="720" sheight="540" title="As Features de um Sistema  " totalframes="517" path="slide38.swf" name="slide38.swf" />
  <slide transition="" id="39" frame="0" swidth="720" sheight="540" title="As Features de um Sistema  " totalframes="539" path="slide39.swf" name="slide39.swf" />
  <slide transition="" id="40" frame="0" swidth="720" sheight="540" title="As Features de um Sistema  " totalframes="631" path="slide40.swf" name="slide40.swf" />
  <slide transition="" id="41" frame="0" swidth="720" sheight="540" title="As Features de um Sistema  " totalframes="641" path="slide41.swf" name="slide41.swf" />
  <slide transition="" id="42" frame="0" swidth="720" sheight="540" title="As Features de um Sistema  " totalframes="510" path="slide42.swf" name="slide42.swf" />
  <slide transition="" id="43" frame="0" swidth="720" sheight="540" title="As Features de um Sistema  " totalframes="682" path="slide43.swf" name="slide43.swf" />
  <slide transition="" id="44" frame="0" swidth="720" sheight="540" title="As Features de um Sistema  " totalframes="406" path="slide44.swf" name="slide44.swf" />
  <slide transition="" id="45" frame="0" swidth="720" sheight="540" title="As Features de um Sistema  " totalframes="468" path="slide45.swf" name="slide45.swf" />
  <slide transition="" id="46" frame="0" swidth="720" sheight="540" title="As Features de um Sistema  " totalframes="684" path="slide46.swf" name="slide46.swf" />
  <slide transition="" id="47" frame="0" swidth="720" sheight="540" title="Características dos Requisitos  " totalframes="796" path="slide47.swf" name="slide47.swf" />
  <slide transition="" id="48" frame="0" swidth="720" sheight="540" title="Características dos Requisitos  " totalframes="365" path="slide48.swf" name="slide48.swf" />
  <slide transition="" id="49" frame="0" swidth="720" sheight="540" title="Características dos Requisitos  " totalframes="381" path="slide49.swf" name="slide49.swf" />
  <slide transition="" id="50" frame="0" swidth="720" sheight="540" title="Estratégia de levantamento de dados e de requisitos  " totalframes="1048" path="slide50.swf" name="slide50.swf" />
  <slide transition="" id="51" frame="0" swidth="720" sheight="540" title="Técnicas de Levantamento de Requisitos  " totalframes="242" path="slide51.swf" name="slide51.swf" />
  <slide transition="" id="52" frame="0" swidth="720" sheight="540" title="Técnicas de Levantamento de Requisitos - Entrevistas  " totalframes="628" path="slide52.swf" name="slide52.swf" />
  <slide transition="" id="53" frame="0" swidth="720" sheight="540" title="Técnicas de Levantamento de Requisitos - Entrevistas  " totalframes="642" path="slide53.swf" name="slide53.swf" />
  <slide transition="" id="54" frame="0" swidth="720" sheight="540" title="Técnicas de Levantamento de Requisitos - Entrevistas  " totalframes="561" path="slide54.swf" name="slide54.swf" />
  <slide transition="" id="55" frame="0" swidth="720" sheight="540" title="Técnicas de Levantamento de Requisitos - Entrevistas  " totalframes="583" path="slide55.swf" name="slide55.swf" />
  <slide transition="" id="56" frame="0" swidth="720" sheight="540" title="Técnicas de Levantamento de Requisitos - Entrevistas  " totalframes="576" path="slide56.swf" name="slide56.swf" />
  <slide transition="" id="57" frame="0" swidth="720" sheight="540" title="Técnicas de Levantamento de Requisitos - Entrevistas  " totalframes="501" path="slide57.swf" name="slide57.swf" />
  <slide transition="" id="58" frame="0" swidth="720" sheight="540" title="Técnicas de Levantamento de Requisitos - Entrevistas  " totalframes="464" path="slide58.swf" name="slide58.swf" />
  <slide transition="" id="59" frame="0" swidth="720" sheight="540" title="Técnicas de Levantamento de Requisitos - Entrevistas  " totalframes="587" path="slide59.swf" name="slide59.swf" />
  <slide transition="" id="60" frame="0" swidth="720" sheight="540" title="Técnicas de Levantamento de Requisitos - Entrevistas  " totalframes="474" path="slide60.swf" name="slide60.swf" />
  <slide transition="" id="61" frame="0" swidth="720" sheight="540" title="Técnicas de Levantamento de Requisitos - Entrevistas  " totalframes="401" path="slide61.swf" name="slide61.swf" />
  <slide transition="" id="62" frame="0" swidth="720" sheight="540" title="Técnicas de Levantamento de Requisitos - Entrevistas  " totalframes="598" path="slide62.swf" name="slide62.swf" />
  <slide transition="" id="63" frame="0" swidth="720" sheight="540" title="Técnicas de Levantamento de Requisitos - Entrevistas  " totalframes="357" path="slide63.swf" name="slide63.swf" />
  <slide transition="" id="64" frame="0" swidth="720" sheight="540" title="Técnicas de Levantamento de Requisitos - Entrevistas  " totalframes="407" path="slide64.swf" name="slide64.swf" />
  <slide transition="" id="65" frame="0" swidth="720" sheight="540" title="Técnicas de Levantamento de Requisitos - Entrevistas  " totalframes="226" path="slide65.swf" name="slide65.swf" />
  <slide transition="" id="66" frame="0" swidth="720" sheight="540" title="Técnicas de Levantamento de Requisitos - Entrevistas  " totalframes="399" path="slide66.swf" name="slide66.swf" />
  <slide transition="" id="67" frame="0" swidth="720" sheight="540" title="Técnicas de Levantamento de Requisitos - Entrevistas  " totalframes="509" path="slide67.swf" name="slide67.swf" />
  <slide transition="" id="68" frame="0" swidth="720" sheight="540" title="Técnicas de Levantamento de Requisitos - Entrevistas  " totalframes="473" path="slide68.swf" name="slide68.swf" />
  <slide transition="" id="69" frame="0" swidth="720" sheight="540" title="Técnicas de Levantamento de Requisitos - Entrevistas  " totalframes="533" path="slide69.swf" name="slide69.swf" />
  <slide transition="" id="70" frame="0" swidth="720" sheight="540" title="Técnicas de Levantamento de Requisitos - Entrevistas  " totalframes="377" path="slide70.swf" name="slide70.swf" />
  <slide transition="" id="71" frame="0" swidth="720" sheight="540" title="Slide 71" totalframes="1407" path="slide71.swf" name="slide71.swf" />
  <slide id="71" animationid="1" frame="59" name="0" title="Slide 71" path="slide71.swf" />
  <slide id="71" animationid="2" frame="257" name="0" title="Slide 71" path="slide71.swf" />
  <slide id="71" animationid="3" frame="453" name="0" title="Slide 71" path="slide71.swf" />
  <slide id="71" animationid="4" frame="641" name="0" title="Slide 71" path="slide71.swf" />
  <slide id="71" animationid="5" frame="845" name="0" title="Slide 71" path="slide71.swf" />
  <slide id="71" animationid="6" frame="1019" name="0" title="Slide 71" path="slide71.swf" />
  <slide id="71" animationid="7" frame="1223" name="0" title="Slide 71" path="slide71.swf" />
  <slide transition="" id="72" frame="0" swidth="720" sheight="540" title="Técnicas de Levantamento de Requisitos - Workshops  " totalframes="535" path="slide72.swf" name="slide72.swf" />
  <slide transition="" id="73" frame="0" swidth="720" sheight="540" title="Técnicas de Levantamento de Requisitos - Workshops  " totalframes="595" path="slide73.swf" name="slide73.swf" />
  <slide transition="" id="74" frame="0" swidth="720" sheight="540" title="Técnicas de Levantamento de Requisitos - Workshops  " totalframes="528" path="slide74.swf" name="slide74.swf" />
  <slide transition="" id="75" frame="0" swidth="720" sheight="540" title="Técnicas de Levantamento de Requisitos - Workshops  " totalframes="412" path="slide75.swf" name="slide75.swf" />
  <slide transition="" id="76" frame="0" swidth="720" sheight="540" title="Técnicas de Levantamento de Requisitos - Workshops  " totalframes="758" path="slide76.swf" name="slide76.swf" />
  <slide transition="" id="77" frame="0" swidth="720" sheight="540" title="Técnicas de Levantamento de Requisitos - Workshops  " totalframes="441" path="slide77.swf" name="slide77.swf" />
  <slide transition="" id="78" frame="0" swidth="720" sheight="540" title="Técnicas de Levantamento de Requisitos - Workshops  " totalframes="678" path="slide78.swf" name="slide78.swf" />
  <slide transition="" id="79" frame="0" swidth="720" sheight="540" title="Técnicas de Levantamento de Requisitos - Workshops  " totalframes="1745" path="slide79.swf" name="slide79.swf" />
  <slide transition="" id="80" frame="0" swidth="720" sheight="540" title="Técnicas de Levantamento de Requisitos - JAD  " totalframes="607" path="slide80.swf" name="slide80.swf" />
  <slide transition="" id="81" frame="0" swidth="720" sheight="540" title="Slide 81" totalframes="613" path="slide81.swf" name="slide81.swf" />
  <slide transition="" id="82" frame="0" swidth="720" sheight="540" title="Técnicas de Levantamento de Requisitos -  JAD  " totalframes="318" path="slide82.swf" name="slide82.swf" />
  <slide transition="" id="83" frame="0" swidth="720" sheight="540" title="Técnicas de Levantamento de Requisitos -  JAD  " totalframes="613" path="slide83.swf" name="slide83.swf" />
  <slide transition="" id="84" frame="0" swidth="720" sheight="540" title="Técnicas de Levantamento de Requisitos -  JAD  " totalframes="691" path="slide84.swf" name="slide84.swf" />
  <slide transition="" id="85" frame="0" swidth="720" sheight="540" title="Técnicas de Levantamento de Requisitos -  JAD  " totalframes="749" path="slide85.swf" name="slide85.swf" />
  <slide transition="" id="86" frame="0" swidth="720" sheight="540" title="Técnicas de Levantamento de Requisitos -  JAD  " totalframes="559" path="slide86.swf" name="slide86.swf" />
  <slide transition="" id="87" frame="0" swidth="720" sheight="540" title="Técnicas de Levantamento de Requisitos -  JAD  " totalframes="657" path="slide87.swf" name="slide87.swf" />
  <slide transition="" id="88" frame="0" swidth="720" sheight="540" title="Técnicas de Levantamento de Requisitos -  JAD  " totalframes="559" path="slide88.swf" name="slide88.swf" />
  <slide transition="" id="89" frame="0" swidth="720" sheight="540" title="Técnicas de Levantamento de Requisitos -  JAD  " totalframes="642" path="slide89.swf" name="slide89.swf" />
  <slide transition="" id="90" frame="0" swidth="720" sheight="540" title="Técnicas de Levantamento de Requisitos -  JAD  " totalframes="456" path="slide90.swf" name="slide90.swf" />
  <slide transition="" id="91" frame="0" swidth="720" sheight="540" title="Técnicas de Levantamento de Requisitos -  JAD  " totalframes="541" path="slide91.swf" name="slide91.swf" />
  <slide transition="" id="92" frame="0" swidth="720" sheight="540" title="Técnicas de Levantamento de Requisitos -  JAD  " totalframes="392" path="slide92.swf" name="slide92.swf" />
  <slide transition="" id="93" frame="0" swidth="720" sheight="540" title="Técnicas de Levantamento de Requisitos -  JAD  " totalframes="434" path="slide93.swf" name="slide93.swf" />
  <slide transition="" id="94" frame="0" swidth="720" sheight="540" title="Técnicas de Levantamento de Requisitos -  Brainstorm  " totalframes="1247" path="slide94.swf" name="slide94.swf" />
  <slide transition="" id="95" frame="0" swidth="720" sheight="540" title="Técnicas de Levantamento de Requisitos - Brainstorm  " totalframes="609" path="slide95.swf" name="slide95.swf" />
  <slide transition="" id="96" frame="0" swidth="720" sheight="540" title="Técnicas de Levantamento de Requisitos - Brainstorm  " totalframes="761" path="slide96.swf" name="slide96.swf" />
  <slide transition="" id="97" frame="0" swidth="720" sheight="540" title="Técnicas de Levantamento de Requisitos - Brainstorm  " totalframes="827" path="slide97.swf" name="slide97.swf" />
  <slide transition="" id="98" frame="0" swidth="720" sheight="540" title="Técnicas de Levantamento de Requisitos - Teatralização  " totalframes="692" path="slide98.swf" name="slide98.swf" />
  <slide transition="" id="99" frame="0" swidth="720" sheight="540" title="Técnicas de Levantamento de Requisitos - Teatralização  " totalframes="331" path="slide99.swf" name="slide99.swf" />
  <slide transition="" id="100" frame="0" swidth="720" sheight="540" title="Técnicas de Levantamento de Requisitos - Teatralização  " totalframes="522" path="slide100.swf" name="slide100.swf" />
  <slide transition="" id="101" frame="0" swidth="720" sheight="540" title="Técnicas de Levantamento de Requisitos - Teatralização  " totalframes="611" path="slide101.swf" name="slide101.swf" />
  <slide transition="" id="102" frame="0" swidth="720" sheight="540" title="Técnicas de Levantamento de Requisitos - Teatralização  " totalframes="276" path="slide102.swf" name="slide102.swf" />
  <slide transition="" id="103" frame="0" swidth="720" sheight="540" title="Técnicas de Levantamento de Requisitos - Teatralização  " totalframes="326" path="slide103.swf" name="slide103.swf" />
  <slide transition="" id="104" frame="0" swidth="720" sheight="540" title="Técnicas de Levantamento de Requisitos - Teatralização  " totalframes="757" path="slide104.swf" name="slide104.swf" />
  <slide transition="" id="105" frame="0" swidth="720" sheight="540" title="Técnicas de Levantamento de Requisitos - Teatralização  " totalframes="1216" path="slide105.swf" name="slide105.swf" />
  <slide transition="" id="106" frame="0" swidth="720" sheight="540" title="Técnicas de Levantamento de Requisitos - Teatralização  " totalframes="568" path="slide106.swf" name="slide106.swf" />
  <slide transition="" id="107" frame="0" swidth="720" sheight="540" title="Comunicação Desenvolvedor X Usuário Visões  " totalframes="2177" path="slide107.swf" name="slide107.swf" />
</root>